

CREATE TABLE `Budgets` (
  `id` int(10) NOT NULL AUTO_INCREMENT,
  `user` varchar(40) DEFAULT NULL,
  `userid` int(10) NOT NULL,
  `budname` varchar(60) NOT NULL,
  `budpos` smallint(6) NOT NULL,
  `status` varchar(1) NOT NULL,
  `budamt` smallint(6) NOT NULL,
  `prev0` decimal(8,2) DEFAULT NULL,
  `prev1` decimal(8,2) DEFAULT NULL,
  `current` decimal(8,2) NOT NULL,
  `autopay` varchar(30) DEFAULT NULL,
  `moday` tinyint(4) DEFAULT NULL,
  `autopd` varchar(10) DEFAULT NULL,
  `funded` smallint(6) DEFAULT NULL,
  PRIMARY KEY (`id`)
) ENGINE=MyISAM AUTO_INCREMENT=84 DEFAULT CHARSET=latin1;


INSERT INTO Budgets VALUES
('1','krc','4','Tithe','1','A','180','0.00','0.00','0.00','','0','','180'),
('2','krc','4','Mortgage','2','A','1676','26.46','26.70','26.94','','0','','1676'),
('3','krc','4','Electric','4','A','70','228.14','209.73','184.51','','0','','70'),
('4','krc','4','Natural Gas','5','A','50','178.61','212.41','245.40','','0','','50'),
('5','krc','4','Auto Gas','6','A','80','334.18','351.60','317.80','','0','','80'),
('7','krc','4','Chiro','8','A','195','13.31','14.13','14.95','Visa','20','08','195'),
('8','krc','4','Medical/Dental','9','A','475','1811.18','520.06','-885.39','','0','','475'),
('9','krc','4','Cash','10','A','200','180.00','280.00','280.00','','0','','200'),
('10','krc','4','TV/Internet','11','A','170','1.20','6.10','11.00','Wells Fargo','16','08','170'),
('11','krc','4','Auto Insurance','13','A','130','427.46','557.46','585.24','','0','','130'),
('12','krc','4','Auto Maintenance','14','A','100','680.04','269.28','369.28','','0','','100'),
('13','krc','4','Appliances/Repair','15','A','100','507.67','607.67','707.67','','0','','100'),
('14','krc','4','Home Misc','16','A','170','1487.58','104.11','252.54','','0','','170'),
('15','krc','4','Verizon','17','A','70','78.71','83.77','88.85','Visa','7','08','70'),
('16','krc','4','Combined','18','A','135','263.31','398.31','456.86','','0','','135'),
('17','krc','4','Clothing','19','A','30','213.70','102.13','132.13','','0','','30'),
('18','krc','4','Health Items','20','A','50','32.25','-17.57','32.43','','0','','50'),
('19','krc','4','Vision','21','A','30','532.96','323.10','353.10','','0','','30'),
('20','krc','4','Travel','23','A','250','1788.71','38.71','288.71','','0','','250'),
('21','krc','4','Charities','24','A','30','128.20','158.20','188.20','','0','','30'),
('23','krc','4','Wine','26','A','40','14.33','64.33','-36.91','','0','','40'),
('24','krc','4','Entertainment','27','A','250','524.75','627.86','601.29','','0','','250'),
('25','krc','4','3C Annual Fee','30','A','44','264.00','308.00','352.00','','0','','44'),
('26','krc','4','Groceries','3','A','1000','227.98','561.04','330.38','','0','','1000'),
('27','krc','4','Gifts','22','A','50','91.63','39.39','44.97','','0','','50'),
('28','krc','4','Christmas','25','A','100','600.00','700.00','800.00','','0','','100'),
('29','krc','4','Undistributed Funds','31','T','0','16268.56','0.28','0.82','','0','','0'),
('30','krc','4','Computer','32','T','0','47.67','47.67','47.67','','0','','0'),
('31','krc','4','Escrow Account','30002','T','0','294.24','294.24','0.00','','0','','0'),
('32','krc','4','Crowns','30003','T','0','2400.00','2400.00','2400.00','','0','','0'),
('33','krc','4','2020 Taxes','30004','T','0','114.98','0.00','0.00','','0','','0'),
('34','krc','4','Tires','30005','T','25','0.00','154.98','179.98','','0','','25'),
('41','Albuquerque Gal','11','Undistributed Funds','30000','T','0','0.30','100.70','133.21','','0','','0'),
('42','Albuquerque Gal','11','Medicare','30001','T','0','4666.14','4666.14','4666.14','','0','','0'),
('43','Albuquerque Gal','11','Savings','30002','T','100','2400.00','2265.51','2365.51','','0','','100'),
('44','Albuquerque Gal','11','Computer/phone','30003','T','11','757.00','768.00','779.00','','0','','11'),
('45','Albuquerque Gal','11','Medical ','30004','T','98','1219.99','1317.99','1400.69','','0','','83'),
('46','Albuquerque Gal','11','Tmp5','30005','T','0','0.00','0.00','0.00','','0','','0'),
('47','Albuquerque Gal','11','cash','1','A','240','206.11','221.60','240.00','','0','','240'),
('48','Albuquerque Gal','11','vet/cat','2','A','75','1493.90','1516.62','1500.59','','0','','75'),
('49','Albuquerque Gal','11','hair','3','A','21','66.00','87.00','108.00','','0','','21'),
('50','Albuquerque Gal','11','Gas','4','A','70','691.22','731.38','801.38','','0','','70'),
('51','Albuquerque Gal','11','Class','5','A','70','384.69','454.69','524.69','','0','','70'),
('52','Albuquerque Gal','11','Car maintenance ','6','A','70','1174.00','1244.00','1314.00','','0','','70'),
('53','Albuquerque Gal','11','Dentist ','7','A','50','900.00','950.00','1000.00','','0','','50'),
('54','Albuquerque Gal','11','Birthday','8','A','20','275.32','295.32','315.32','','0','','20'),
('55','Albuquerque Gal','11','Christmas','9','A','20','320.36','340.36','360.36','','0','','20'),
('56','Albuquerque Gal','11','Glasses','10','A','20','560.00','580.00','600.00','','0','','20'),
('57','Albuquerque Gal','11','Bird','11','A','20','81.91','101.91','121.91','','0','','20'),
('58','Albuquerque Gal','11','Phone','12','A','67','142.00','70.00','137.00','','0','','67'),
('59','Albuquerque Gal','11','Vitamins','13','A','20','149.25','169.25','120.43','','0','','20'),
('60','Albuquerque Gal','11','Travel','14','A','20','285.00','305.00','325.00','','0','','20'),
('61','Albuquerque Gal','11','Misc','15','A','50','65.00','110.83','129.59','','0','','50'),
('62','Albuquerque Gal','11','Massage','16','A','20','300.00','320.00','340.00','','0','','20'),
('72','','13','Tmp1','30001','T','0','0.00','0.00','0.00','','0','','0'),
('73','','13','Tmp2','30002','T','0','0.00','0.00','0.00','','0','','0'),
('69','Albuquerque Gal','11','Amazon Prime','17','A','11','28.90','39.90','50.90','','0','','11'),
('74','','13','Tmp3','30003','T','0','0.00','0.00','0.00','','0','','0'),
('75','','13','Tmp4','30004','T','0','0.00','0.00','0.00','','0','','0'),
('76','','13','Tmp5','30005','T','0','0.00','0.00','0.00','','0','','0'),
('71','','13','Undistributed Funds','30000','T','0','0.00','0.00','0.00','','0','','0'),
('70','','4','Genworth LTC Policy','29','A','0','4.97','4.97','4.97','','0','','0'),
('81','N/A','4','CarMax Loan','12','A','155','0.00','213.00','368.00','','0','','155'),
('80','N/A','4','Hearing Aids','28','A','50','0.00','50.00','400.00','','0','','50'),
('83','Not used','11','Netflix','18','A','16','0.00','0.00','31.08','','0','','16');




CREATE TABLE `Cards` (
  `cdindx` smallint(6) NOT NULL AUTO_INCREMENT,
  `user` varchar(40) DEFAULT NULL,
  `userid` int(10) NOT NULL,
  `cdname` varchar(30) NOT NULL,
  `type` varchar(6) NOT NULL,
  PRIMARY KEY (`cdindx`)
) ENGINE=MyISAM AUTO_INCREMENT=12 DEFAULT CHARSET=latin1;


INSERT INTO Cards VALUES
('1','krc','4','Visa','Credit'),
('2','krc','4','Citi','Credit'),
('3','krc','4','Wells Fargo','Debit'),
('9','Albuquerque Gal','11','MC','Credit'),
('10','Albuquerque Gal','11','Kohls','Credit'),
('11','Albuquerque Gal','11','Pennys','Credit');




CREATE TABLE `Charges` (
  `expid` mediumint(9) NOT NULL AUTO_INCREMENT,
  `user` varchar(40) DEFAULT NULL,
  `userid` int(10) NOT NULL,
  `method` varchar(30) NOT NULL,
  `cdname` varchar(30) NOT NULL,
  `expdate` date DEFAULT NULL,
  `expamt` decimal(8,2) NOT NULL,
  `payee` varchar(60) DEFAULT NULL,
  `acctchgd` varchar(60) NOT NULL,
  `paid` varchar(1) DEFAULT NULL,
  PRIMARY KEY (`expid`)
) ENGINE=MyISAM AUTO_INCREMENT=1520 DEFAULT CHARSET=latin1;


INSERT INTO Charges VALUES
('1486',NULL,'4','Credit','Visa','2021-08-18','36.62','Flying Star - 7/23','Entertainment','Y'),
('1485',NULL,'4','Credit','Visa','2021-08-18','57.78','Albertsons - 7/21','Groceries','Y'),
('1484',NULL,'4','Credit','Visa','2021-08-18','24.02','Jason\'s Deli - 7/20','Entertainment','Y'),
('1482',NULL,'4','Credit','Visa','2021-08-18','13.42','Village Pizza','Entertainment','Y'),
('1481',NULL,'4','Credit','Visa','2021-08-17','99.60','Albertsons','Groceries','N'),
('1480',NULL,'4','Debit','Wells Fargo','2021-08-17','165.10','Century Link','TV/Internet','Y'),
('1479',NULL,'11','Credit','MC','2021-08-14','19.79','Petco','vet/cat','Y'),
('1478',NULL,'4','Credit','Visa','2021-08-14','57.43','Sprouts','Groceries','N'),
('1477',NULL,'4','Credit','Visa','2021-08-14','58.14','Albertsons','Groceries','N'),
('1476',NULL,'4','Credit','Visa','2021-08-13','22.72','Jason\'s Deli','Entertainment','N'),
('1475',NULL,'4','Credit','Visa','2021-08-12','42.93','Murphy\'s','Auto Gas','N'),
('1474',NULL,'4','Credit','Citi','2021-08-12','68.98','Costco','Groceries','N'),
('1473',NULL,'4','Credit','Visa','2021-08-12','44.52','Albertsons','Groceries','Y'),
('1472',NULL,'4','Credit','Visa','2021-08-10','27.06','Jaons\'s Deli','Entertainment','Y'),
('1471',NULL,'4','Credit','Visa','2021-08-08','64.92','Verizon','Verizon','Y'),
('1470',NULL,'11','Credit','MC','2021-08-07','30.72','amazon ricotta','cash','Y'),
('1469',NULL,'11','Credit','MC','2021-08-07','46.29','Chewy','vet/cat','Y'),
('1468',NULL,'4','Credit','Visa','2021-08-07','65.48','Albertsons','Groceries','Y'),
('1467',NULL,'4','Credit','Visa','2021-08-07','12.78','Jasons Deli','Entertainment','Y'),
('1466',NULL,'4','Debit','Wells Fargo','2021-08-07','100.00','Cash','Cash','Y'),
('39','Albuquerque Gal','11','Credit','Kohls','2020-03-13','76.91','Kohls','cash','Y'),
('40','Albuquerque Gal','11','Credit','Kohls','2020-03-12','16.16','Kohls','cash','Y'),
('1465',NULL,'4','Check','Check or Draft','2021-08-06','58.45','Road Runner Waste','Combined','Y'),
('1464',NULL,'4','Check','Check or Draft','2021-08-06','95.22','PNM','Electric','Y'),
('1463',NULL,'4','Check','Check or Draft','2021-08-06','17.01','NM Gas','Natural Gas','Y'),
('1462',NULL,'4','Credit','Visa','2021-08-05','31.28','Murphy\'s','Auto Gas','Y'),
('1461',NULL,'4','Credit','Visa','2021-08-05','56.63','CVS','Medical/Dental','Y'),
('1460',NULL,'4','Credit','Visa','2021-08-03','24.86','Sprouts','Groceries','Y'),
('1459',NULL,'4','Credit','Visa','2021-08-03','61.20','Albertsons','Groceries','Y'),
('1458',NULL,'4','Check','Check or Draft','2021-08-01','1675.76','Nationstar Mtge','Mortgage','Y'),
('1457',NULL,'4','Credit','Visa','2021-07-31','13.79','Jasons Deli','Entertainment','Y'),
('1456',NULL,'4','Credit','Visa','2021-07-31','57.50','Sprouts','Groceries','Y'),
('1455',NULL,'4','Credit','Visa','2021-07-31','123.41','Albertsons','Groceries','Y'),
('1454',NULL,'4','Credit','Visa','2021-07-30','10.22','Walgreens','Medical/Dental','Y'),
('1453',NULL,'4','Check','Check or Draft','2021-07-29','18000.00','Carmax','Undistributed Funds','Y'),
('1452',NULL,'4','Credit','Visa','2021-07-28','61.72','CVS','Medical/Dental','Y'),
('1451',NULL,'4','Check','Check or Draft','2021-07-28','105.00','Karen - reimburse','Medical/Dental','Y'),
('1450',NULL,'4','Credit','Visa','2021-07-27','37.17','Murphys','Auto Gas','Y'),
('1449',NULL,'4','Credit','Visa','2021-07-25','39.30','Albertsons','Groceries','Y'),
('1448',NULL,'4','Credit','Visa','2021-07-23','10.76','GNC','Health Items','Y'),
('1447',NULL,'4','Check','Check or Draft','2021-07-22','2600.96','Andersen Windows','Home Misc','Y'),
('1446',NULL,'4','Check','Check or Draft','2021-07-22','180.00','Adidam Midwest','Tithe','Y'),
('1445',NULL,'11','Credit','MC','2021-07-22','19.40','amazon','cash','Y'),
('1444',NULL,'4','Credit','Visa','2021-07-21','940.42','Presbyterian','Medical/Dental','Y'),
('1443',NULL,'4','Credit','Visa','2021-07-21','267.54','Cottonwood Smiles','Medical/Dental','Y'),
('1442',NULL,'4','Credit','Visa','2021-07-21','67.30','Amazon - Glyco','Health Items','Y'),
('1441',NULL,'4','Credit','Visa','2021-07-21','21.76','Amazon - floss','Health Items','Y'),
('1440',NULL,'4','Debit','Wells Fargo','2021-07-21','100.00','Cash','Cash','Y'),
('1439',NULL,'4','Credit','Visa','2021-07-21','194.18','HealthQuest','Chiro','Y'),
('1438',NULL,'11','Credit','Kohls','2021-07-19','4.17','Kohls','Misc','Y'),
('86','Albuquerque Gal','11','Credit','MC','2020-01-02','34.63','Walmart','cash','Y'),
('87','krc','4','Credit','Citi','2020-01-02','34.93','Albertsons','Groceries','Y'),
('88','krc','4','Credit','Visa','2020-01-03','727.52','Geico','Auto Insurance','Y'),
('89','Albuquerque Gal','11','Credit','MC','2020-01-03','97.57','Corrales Vet','cash','Y'),
('90','krc','4','Credit','Citi','2020-01-03','52.52','Albertsons','Groceries','Y'),
('91','krc','4','Credit','Citi','2020-01-03','21.39','Square - RGF Arts Festival','Gifts','Y'),
('92','krc','4','Credit','Visa','2020-01-03','48.55','Sadie\'s','Entertainment','Y'),
('93','krc','4','Credit','Citi','2020-01-04','0.00','Square - Karen','Groceries','Y'),
('94','Albuquerque Gal','11','Check','check','2020-01-04','129.46','Mantis','Qi Gong','N'),
('95','krc','4','Debit','Wells Fargo','2020-01-04','120.00','ATM','Cash','N'),
('96','krc','4','Credit','Visa','2020-01-04','21.85','Murphy\'s','Auto Gas','Y'),
('97','krc','4','Credit','Visa','2020-01-04','286.88','REI','Christmas','Y'),
('98','Albuquerque Gal','11','Credit','MC','2020-01-05','36.13','Pay Pal Lush','cash','Y'),
('99','krc','4','Credit','Visa','2020-01-07','69.51','Verizon','Verizon','Y'),
('100','krc','4','Credit','Visa','2020-01-07','43.13','Amazon - Lara Bars','Groceries','Y'),
('101','krc','4','Credit','Citi','2020-01-07','24.86','Albertsons','Groceries','Y'),
('102','krc','4','Credit','Citi','2020-01-07','14.28','Albertsons','Groceries','Y'),
('103','krc','4','Credit','Citi','2020-01-07','42.03','CostCo','Groceries','Y'),
('104','krc','4','Credit','Visa','2020-01-07','39.62','Flying Star','Entertainment','Y'),
('105','Albuquerque Gal','11','Credit','MC','2020-01-08','110.04','Cottonwood Smiles','cash','Y'),
('106','krc','4','Credit','Citi','2020-01-08','14.83','Albertsons','Groceries','Y'),
('107','krc','4','Credit','Citi','2020-01-08','38.76','Sprouts','Groceries','Y'),
('108','krc','4','Credit','Visa','2020-01-08','28.00','Lowe\'s','Home Misc','Y'),
('109','krc','4','Check','check','2020-01-08','59.04','PNM','Electric','N'),
('110','krc','4','Check','check','2020-01-08','72.44','NM Gas','Natural Gas','N'),
('111','krc','4','Check','check','2020-01-08','1653.02','ARC Mortgage','Mortgage','N'),
('112','krc','4','Check','check','2020-01-08','180.00','Adidam Midwest','Tithe','N'),
('113','krc','4','Check','check','2020-01-08','500.00','Adidam Midwest','3C Annual Fee','N'),
('114','krc','4','Credit','Visa','2020-01-10','131.49','Amazon - Books/Catalog','Philately','Y'),
('115','krc','4','Credit','Citi','2020-01-10','6.53','Albertsons','Groceries','Y'),
('116','krc','4','Credit','Citi','2020-01-10','10.88','Petco','Groceries','Y'),
('117','krc','4','Credit','Visa','2020-01-11','26.97','CVS - reading glasses','Vision','Y'),
('118','krc','4','Credit','Citi','2020-01-11','44.81','Albertsons','Groceries','Y'),
('119','krc','4','Credit','Citi','2020-01-12','44.68','TSC','Groceries','Y'),
('120','krc','4','Credit','Citi','2020-01-12','21.65','Sprouts','Groceries','Y'),
('121','Albuquerque Gal','11','Credit','MC','2020-01-12','86.00','Nomades','cash','Y'),
('122','krc','4','Credit','Citi','2020-01-12','63.59','Petco','Groceries','Y'),
('123','Albuquerque Gal','11','Credit','MC','2020-01-14','24.19','pp - Plumdragon','cash','Y'),
('124','Albuquerque Gal','11','Credit','MC','2020-01-14','26.27','amazon ricola','cash','Y'),
('125','krc','4','Debit','Wells Fargo','2020-01-16','158.17','Century Link','TV/Internet','N'),
('126','krc','4','Credit','Citi','2020-01-16','43.77','Albertsons','Groceries','Y'),
('127','krc','4','Credit','Citi','2020-01-16','65.42','Albertsons','Groceries','Y'),
('128','krc','4','Credit','Citi','2020-01-18','19.99','Albertsons','Groceries','Y'),
('129','krc','4','Credit','Visa','2020-01-18','24.28','Murphy\'s','Auto Gas','Y'),
('130','krc','4','Credit','Visa','2020-01-18','62.56','Staples - Ink','Combined','Y'),
('131','krc','4','Credit','Citi','2020-01-18','62.69','Sprouts','Groceries','Y'),
('132','Albuquerque Gal','11','Credit','MC','2020-01-16','21.05','murphys gas','cash','Y'),
('133','krc','4','Credit','Visa','2020-01-20','150.23','HealthQuest','Chiro','Y'),
('134','krc','4','Credit','Citi','2020-01-20','7.98','Sprouts','Groceries','Y'),
('135','krc','4','Credit','Citi','2020-01-20','49.97','Albertsons','Groceries','Y');
INSERT INTO Charges VALUES
('136','krc','4','Credit','Visa','2020-01-20','31.88','Stacy\'s Hallmark','Gifts','Y'),
('137','krc','4','Credit','Citi','2020-01-21','12.91','Petco','Groceries','Y'),
('138','krc','4','Credit','Citi','2020-01-21','16.95','Albertsons','Groceries','Y'),
('139','krc','4','Credit','Citi','2020-01-21','36.64','Albertsons','Groceries','Y'),
('140','krc','4','Debit','Wells Fargo','2020-01-22','194.35','US Mint Sheets','Philately','N'),
('141','krc','4','Debit','Wells Fargo','2020-01-23','120.00','ATM','Cash','N'),
('142','krc','4','Credit','Visa','2020-01-23','300.00','HealthQuest - 21 Day Cleanse','Combined','Y'),
('143','krc','4','Credit','Visa','2020-01-23','16.45','Moon\'s','Groceries','Y'),
('144','krc','4','Credit','Visa','2020-01-23','25.48','Murphy\'s','Auto Gas','Y'),
('145','krc','4','Credit','Citi','2020-01-24','25.03','Sprouts','Groceries','Y'),
('146','Albuquerque Gal','11','Credit','MC','2020-01-24','39.95','PP - City Lips','cash','Y'),
('147','krc','4','Credit','Visa','2020-01-25','38.00','Presbyterian','Pres HMO','Y'),
('148','krc','4','Credit','Visa','2020-01-25','54.26','Range Cafe','Entertainment','Y'),
('149','Albuquerque Gal','11','Credit','MC','2020-01-25','50.35','Target towels','cash','Y'),
('150','krc','4','Credit','Citi','2020-01-26','36.96','Albertsons','Groceries','Y'),
('151','krc','4','Credit','Citi','2020-01-26','19.47','Albertsons','Groceries','Y'),
('152','Albuquerque Gal','11','Credit','MC','2020-01-27','13.25','USPS Corrales','cash','Y'),
('153','Albuquerque Gal','11','Credit','MC','2020-01-28','25.02','MC ESO inhaler. ','cash','Y'),
('154','Albuquerque Gal','11','Credit','MC','2020-01-28','25.02','MC scent inhaler','cash','Y'),
('155','krc','4','Credit','Citi','2020-01-29','26.52','Albertsons','Groceries','Y'),
('156','krc','4','Credit','Citi','2020-01-29','51.44','Costco','Groceries','Y'),
('157','krc','4','Credit','Citi','2020-01-29','6.93','Albertsons','Groceries','Y'),
('158','krc','4','Credit','Citi','2020-01-29','9.83','Sprouts','Groceries','Y'),
('159','Albuquerque Gal','11','Credit','MC','2020-01-31','39.95','PP city lip','cash','Y'),
('160','Albuquerque Gal','11','Credit','MC','2020-01-31','84.00','botanical biohacking','cash','Y'),
('161','krc','4','Credit','Visa','2020-02-01','115.58','McAffee','Combined','Y'),
('162','Albuquerque Gal','11','Credit','MC','2020-02-01','21.00','murphys gas','Gas','Y'),
('163','Albuquerque Gal','11','Credit','MC','2020-02-04','47.98','PP Chai Tea','cash','Y'),
('164','krc','4','Check','check','2020-02-04','1653.02','ARC Home LLC','Mortgage','N'),
('165','krc','4','Debit','Wells Fargo','2020-02-04','120.00','ATM','Cash','N'),
('166','krc','4','Credit','Visa','2020-02-04','16.12','Murphy\'s','Auto Gas','Y'),
('167','krc','4','Credit','Citi','2020-02-04','36.16','Sprouts','Groceries','Y'),
('168','krc','4','Credit','Visa','2020-02-04','95.70','Total Wine','Groceries','Y'),
('169','krc','4','Credit','Citi','2020-02-04','33.80','Albertsons','Groceries','Y'),
('170','krc','4','Credit','Citi','2020-02-04','8.17','Natural Grocers','Groceries','Y'),
('171','krc','4','Credit','Citi','2020-02-04','5.60','Albertsons','Groceries','Y'),
('172','krc','4','Credit','Visa','2020-02-04','33.39','Flying Star','Entertainment','Y'),
('173','krc','4','Credit','Citi','2020-02-04','21.11','Albertsons','Groceries','Y'),
('174','krc','4','Credit','Citi','2020-02-04','33.75','Sprouts','Groceries','Y'),
('175','Albuquerque Gal','11','Credit','MC','2020-02-05','53.94','Dillard\'s','cash','Y'),
('176','krc','4','Credit','Citi','2020-02-05','7.68','Albertsons','Groceries','Y'),
('177','krc','4','Credit','Visa','2020-02-05','112.48','Duluth Trading','Clothing','Y'),
('178','krc','4','Credit','Citi','2020-02-06','2.38','Albertsons','Groceries','Y'),
('179','krc','4','Credit','Citi','2020-02-06','3.94','Sprouts','Groceries','Y'),
('180','krc','4','Credit','Visa','2020-02-07','69.03','Verizon','Verizon','Y'),
('181','krc','4','Credit','Citi','2020-02-07','43.46','Albertsons','Groceries','Y'),
('182','krc','4','Credit','Citi','2020-02-07','8.66','Sprouts','Groceries','Y'),
('183','krc','4','Check','check','2020-02-08','58.45','Road Runner Waste','Combined','N'),
('184','krc','4','Check','check','2020-02-08','87.61','NM Gas','Natural Gas','N'),
('185','krc','4','Check','check','2020-02-08','30.00','Friends of RG Nature Center','Combined','N'),
('186','krc','4','Check','check','2020-02-08','50.74','PNM','Electric','N'),
('187','krc','4','Check','check','2020-02-08','40.00','DAV','Charities','N'),
('188','krc','4','Credit','Citi','2020-02-08','1.94','Albertsons','Groceries','Y'),
('189','krc','4','Debit','Wells Fargo','2020-02-08','100.00','ATM - missed','Groceries','N'),
('190','krc','4','Debit','Wells Fargo','2020-02-08','20.00','ATM - missed','Electric','N'),
('191','krc','4','Credit','Visa','2020-02-08','233.00','UNM Tickets - Karen Bday','Gifts','Y'),
('192','krc','4','Credit','Citi','2020-02-09','52.49','Sprouts','Groceries','Y'),
('193','krc','4','Credit','Citi','2020-02-09','9.86','Albertsons','Groceries','Y'),
('194','krc','4','Credit','Citi','2020-02-09','16.27','Petco','Groceries','Y'),
('216','Albuquerque Gal','11','Credit','MC','2020-02-19','17.77','amazon sun screen','cash','Y'),
('196','krc','4','Credit','Citi','2020-02-10','60.82','ALbertsons','Groceries','Y'),
('197','krc','4','Credit','Citi','2020-02-10','36.65','Costco','Groceries','Y'),
('198','Albuquerque Gal','11','Credit','MC','2020-02-10','10.36','amazon. eye lid wipe','cash','Y'),
('199','Albuquerque Gal','11','Credit','MC','2020-02-11','26.27','amazon ricola','cash','Y'),
('200','Albuquerque Gal','11','Credit','MC','2020-02-11','26.27','Amazon ricola','cash','Y'),
('201','krc','4','Credit','Citi','2020-02-13','29.32','Sprouts','Groceries','Y'),
('202','krc','4','Credit','Citi','2020-02-14','16.46','Albertsons','Groceries','Y'),
('203','krc','4','Debit','Wells Fargo','2020-02-16','158.17','Century Link','TV/Internet','N'),
('204','krc','4','Credit','Citi','2020-02-16','8.79','Smiths','Groceries','Y'),
('205','krc','4','Check','check','2020-02-16','50.00','Ethan Miller','Gifts','N'),
('206','krc','4','Credit','Citi','2020-02-16','52.62','Sprouts','Groceries','Y'),
('207','krc','4','Credit','Citi','2020-02-16','23.32','Albertsons','Groceries','Y'),
('208','krc','4','Check','check','2020-02-17','40.00','Salvation Army','Charities','N'),
('209','krc','4','Check','check','2020-02-17','601.00','Avery Klein & Co','2019 Taxes','N'),
('210','krc','4','Credit','Citi','2020-02-18','60.00','TSC','Groceries','Y'),
('211','krc','4','Credit','Citi','2020-02-18','22.68','Sprouts','Groceries','Y'),
('212','krc','4','Debit','Wells Fargo','2020-02-18','120.00','ATM','Cash','N'),
('213','krc','4','Credit','Citi','2020-02-19','19.35','Sprouts','Groceries','Y'),
('214','krc','4','Credit','Visa','2020-02-19','18.00','Classmates.com','Combined','Y'),
('215','krc','4','Credit','Visa','2020-02-10','20.06','Murphys','Auto Gas','Y'),
('217','Albuquerque Gal','11','Credit','MC','2020-02-19','18.05','amazon dammit','cash','Y'),
('218','krc','4','Credit','Visa','2020-02-20','150.23','Healthquest','Chiro','Y'),
('219','krc','4','Credit','Citi','2020-02-20','17.87','Sprouts','Groceries','Y'),
('220','krc','4','Credit','Citi','2020-02-20','16.15','Albertsons','Groceries','Y'),
('221','krc','4','Credit','Citi','2020-02-21','26.45','Albertsons','Groceries','Y'),
('222','Albuquerque Gal','11','Credit','MC','2020-02-14','19.17','Murphys gas','cash','Y'),
('223','krc','4','Credit','Citi','2020-02-22','11.40','Sprouts','Groceries','Y'),
('224','krc','4','Credit','Citi','2020-02-23','10.11','Co-op','Groceries','Y'),
('225','krc','4','Credit','Citi','2020-02-23','19.04','Albertsons','Groceries','Y'),
('226','krc','4','Credit','Citi','2020-02-23','13.06','Petco','Groceries','Y'),
('227','Albuquerque Gal','11','Credit','MC','2020-02-22','40.04','Chico','cash','Y'),
('228','krc','4','Credit','Citi','2020-02-24','19.32','Sprouts','Groceries','Y'),
('229','krc','4','Credit','Visa','2020-02-25','38.00','Presbyterian','Pres HMO','Y'),
('230','Albuquerque Gal','11','Credit','MC','2020-02-25','38.86','massage wars','cash','Y'),
('231','krc','4','Check','check','2020-02-25','180.00','Adidam Midwest','Tithe','N'),
('232','krc','4','Check','check','2020-02-25','1.00','jkj','Groceries','N'),
('233','krc','4','Check','check','2020-02-25','1.00','jkj','Groceries','N'),
('234','krc','4','Credit','Citi','2020-02-26','48.20','Sprouts','Groceries','Y'),
('235','krc','4','Credit','Visa','2020-02-28','42.06','Moons','Groceries','Y'),
('236','krc','4','Credit','Visa','2020-02-28','22.29','Murphys','Auto Gas','Y');
INSERT INTO Charges VALUES
('237','krc','4','Credit','Visa','2020-02-28','6.84','Staples','2019 Taxes','Y'),
('238','krc','4','Credit','Citi','2020-02-28','23.65','Albertsons','Groceries','Y'),
('239','krc','4','Credit','Citi','2020-02-28','26.69','Sprouts','Groceries','Y'),
('240','krc','4','Credit','Citi','2020-02-29','18.99','Sprouts','Groceries','Y'),
('241','Albuquerque Gal','11','Credit','MC','2020-02-29','22.48','hold my ticked choc & coffee','cash','Y'),
('242','krc','4','Credit','Citi','2020-03-01','22.05','Albertsons','Groceries','Y'),
('243','krc','4','Credit','Citi','2020-03-02','31.90','Albertsons','Groceries','Y'),
('244','Albuquerque Gal','11','Credit','MC','2020-03-02','26.96','Marshalls','cash','Y'),
('245','krc','4','Credit','Citi','2020-03-03','39.39','Sprouts','Groceries','Y'),
('246','krc','4','Check','check','2020-03-03','180.00','Adidam','Tithe','N'),
('247','Albuquerque Gal','11','Credit','MC','2020-02-29','19.51','murphys gas.','cash','Y'),
('248','Albuquerque Gal','11','Credit','MC','2020-03-04','96.90','pp miracle suit','cash','Y'),
('249','Albuquerque Gal','11','Credit','MC','2020-03-05','45.07','amazon YL thieves','cash','Y'),
('250','krc','4','Debit','Wells Fargo','2020-03-05','120.00','ATM','Cash','N'),
('251','krc','4','Credit','Visa','2020-03-05','19.44','Murphys','Auto Gas','Y'),
('252','krc','4','Credit','Visa','2020-03-07','69.03','Verizon','Verizon','Y'),
('253','krc','4','Credit','Citi','2020-03-07','31.47','Sprouts','Groceries','Y'),
('254','krc','4','Check','check','2020-03-08','1653.02','ARC Home LLC','Mortgage','N'),
('255','krc','4','Check','check','2020-03-08','54.88','PNM','Electric','N'),
('256','krc','4','Check','check','2020-03-08','67.24','NM Gas Co','Natural Gas','N'),
('257','krc','4','Check','check','2020-03-08','40.00','ASPCA','Charities','N'),
('258','krc','4','Credit','Citi','2020-03-08','31.60','Petco','Groceries','Y'),
('259','krc','4','Credit','Citi','2020-03-08','16.12','Albertsons','Groceries','Y'),
('260','krc','4','Check','check','2020-03-08','30.00','WFB/Harland - Checks','Combined','N'),
('261','krc','4','Debit','Wells Fargo','2020-03-08','3.00','Checks/Update info','Combined','N'),
('262','krc','4','Credit','Citi','2020-03-08','18.05','Sprouts','Groceries','Y'),
('263','krc','4','Credit','Visa','2020-03-09','121.90','Cottonwood Smiles','Medical/Dental','Y'),
('264','krc','4','Credit','Visa','2020-03-09','31.54','Consumer Reports','Combined','Y'),
('265','krc','4','Credit','Visa','2020-03-09','75.53','Amazon - Glyco','Health Items','Y'),
('266','krc','4','Credit','Citi','2020-03-09','7.93','Sprouts','Groceries','Y'),
('267','krc','4','Credit','Citi','2020-03-10','44.88','Albertsons','Groceries','Y'),
('268','krc','4','Credit','Citi','2020-03-10','11.21','Sprouts','Groceries','Y'),
('269','krc','4','Credit','Citi','2020-03-10','32.81','Albertsons','Groceries','Y'),
('270','krc','4','Credit','Visa','2020-03-10','15.45','Murphy','Auto Gas','Y'),
('271','krc','4','Credit','Citi','2020-03-12','30.42','Albertsons','Groceries','Y'),
('272','krc','4','Credit','Citi','2020-03-13','55.63','Sprouts','Groceries','Y'),
('273','krc','4','Credit','Citi','2020-03-15','45.79','Albertsons','Groceries','Y'),
('274','krc','4','Credit','Citi','2020-03-15','17.71','Montanita Coop','Health Items','Y'),
('275','krc','4','Debit','Wells Fargo','2020-03-16','162.37','Century Link','TV/Internet','N'),
('276','krc','4','Credit','Citi','2020-03-16','35.70','Sprouts','Groceries','Y'),
('277','krc','4','Credit','Citi','2020-03-16','31.95','Albertsons','Groceries','Y'),
('278','krc','4','Credit','Visa','2020-03-17','19.71','Jasons Deli','Entertainment','Y'),
('279','Albuquerque Gal','11','Credit','MC','2020-03-18','47.92','pp natures guru','cash','Y'),
('280','krc','4','Credit','Citi','2020-03-19','30.93','Sprouts','Groceries','Y'),
('281','krc','4','Credit','Citi','2020-03-19','31.98','Sprouts','Groceries','Y'),
('348','krc','4','Credit','Citi','2020-03-19','33.55','Petco','Groceries','Y'),
('283','krc','4','Debit','Wells Fargo','2020-03-19','120.00','ATM','Cash','N'),
('284','krc','4','Credit','Visa','2020-03-19','30.67','Lowe\'s - Salt','Home Misc','Y'),
('285','krc','4','Credit','Visa','2020-03-19','47.39','Home Depot / Landscaping','Home Misc','Y'),
('286','krc','4','Credit','Visa','2020-03-19','46.17','Flying Star','Entertainment','Y'),
('287','krc','4','Credit','Visa','2020-03-19','19.22','Murphy\'s','Auto Gas','Y'),
('288','krc','4','Credit','Citi','2020-03-19','36.05','Albertsons','Groceries','Y'),
('349','krc','4','Credit','Visa','2020-04-18','43.69','Moon\'s','Groceries','Y'),
('292','Albuquerque Gal','11','Credit','MC','2020-03-18','18.83','murphy express','cash','Y'),
('293','krc','4','Credit','Visa','2020-03-21','150.23','HealthQuest','Chiro','Y'),
('294','krc','4','Credit','Citi','2020-03-21','32.83','Sprouts','Groceries','Y'),
('295','krc','4','Credit','Citi','2020-03-21','44.96','Albertsons','Groceries','Y'),
('296','krc','4','Credit','Visa','2020-03-21','31.88','Santa Fe Lavender','Health Items','Y'),
('297','krc','4','Credit','Citi','2020-03-24','111.01','Albertsons','Groceries','Y'),
('298','krc','4','Credit','Visa','2020-03-24','100.00','Total Wine','Groceries','Y'),
('299','krc','4','Credit','Visa','2020-03-24','25.07','Total Wine','Wine','Y'),
('300','krc','4','Check','check','2020-03-24','30.00','Karen - (Pat: flowers)','Combined','N'),
('301','krc','4','Credit','Visa','2020-03-26','38.00','Presbyterian','Pres HMO','Y'),
('302','krc','4','Credit','Visa','2020-03-26','18.21','Jasons Deli','Entertainment','Y'),
('303','Albuquerque Gal','11','Credit','MC','2020-03-26','14.69','amazon hat.','cash','Y'),
('304','Albuquerque Gal','11','Credit','MC','2020-03-21','37.65','Amazon modular','cash','Y'),
('305','krc','4','Credit','Citi','2020-03-28','37.90','Sprouts','Groceries','Y'),
('306','krc','4','Credit','Citi','2020-03-28','57.90','Albertsons','Groceries','Y'),
('307','krc','4','Credit','Citi','2020-03-30','40.78','Albertsons','Groceries','Y'),
('308','krc','4','Credit','Citi','2020-03-30','55.23','Sprouts','Groceries','Y'),
('309','krc','4','Credit','Citi','2020-04-02','10.11','Sprouts','Groceries','Y'),
('310','krc','4','Credit','Citi','2020-04-02','82.35','Albertsons','Groceries','Y'),
('311','krc','4','Credit','Citi','2020-04-02','11.97','Albertsons','Groceries','Y'),
('312','krc','4','Credit','Citi','2020-04-02','33.55','Petco','Groceries','Y'),
('313','krc','4','Check','check','2020-04-02','1653.02','Arc Home LLC','Mortgage','N'),
('314','krc','4','Check','check','2020-04-02','1.09','Double applied 1-Time Dep.','Undistributed Funds','N'),
('315','krc','4','Check','check','2020-04-02','1.00','Adjustment','Undistributed Funds','N'),
('316','Albuquerque Gal','11','Credit','MC','2020-04-01','18.40','chai tea rooibos','cash','Y'),
('317','Albuquerque Gal','11','Credit','MC','2020-04-01','15.00','Moni stone','cash','Y'),
('318','krc','4','Credit','Citi','2020-04-04','15.75','Sprouts','Groceries','Y'),
('319','krc','4','Credit','Citi','2020-04-04','46.88','Albertsons','Groceries','Y'),
('320','krc','4','Check','check','2020-04-05','46.98','PNM','Electric','N'),
('321','krc','4','Check','check','2020-04-05','39.46','NM Gas','Natural Gas','N'),
('322','krc','4','Credit','Visa','2020-04-08','69.03','Verizon','Verizon','Y'),
('326','krc','4','Credit','Citi','2020-04-08','9.97','Sprouts','Groceries','Y'),
('324','krc','4','Credit','Visa','2020-04-08','22.85','Jasons Deli','Entertainment','Y'),
('325','krc','4','Check','','2020-04-08','69.03','Verizon','Verizon','Y'),
('327','krc','4','Credit','Citi','2020-04-08','50.40','Albertsons','Groceries','Y'),
('328','krc','4','Check','check','2020-04-10','40.00','ASPCA','Charities','N'),
('329','krc','4','Credit','Citi','2020-04-10','50.33','Sprouts','Groceries','Y'),
('330','krc','4','Credit','Citi','2020-04-10','38.81','Albertsons','Groceries','Y'),
('331','krc','4','Credit','Visa','2020-04-10','278.15','Terminix','Combined','Y'),
('332','Albuquerque Gal','11','Credit','MC','2020-04-10','25.00','David Behrens','cash','Y'),
('333','krc','4','Credit','Visa','2020-04-13','54.95','Predoxen','Health Items','Y'),
('334','krc','4','Credit','Citi','2020-04-13','40.91','Sprouts','Groceries','Y'),
('335','krc','4','Credit','Citi','2020-04-13','74.56','Albertsons','Groceries','Y'),
('336','Albuquerque Gal','11','Credit','MC','2020-04-13','73.86','pp karen g','cash','Y'),
('337','krc','4','Debit','Wells Fargo','2020-04-14','120.00','ATM','Cash','N'),
('338','krc','4','Credit','Visa','2020-04-14','16.69','Murphy\'s','Auto Gas','Y'),
('339','krc','4','Debit','Wells Fargo','2020-04-16','162.37','Century Link','TV/Internet','N');
INSERT INTO Charges VALUES
('340','krc','4','Credit','Visa','2020-04-16','25.07','Lowe\'s','Home Misc','Y'),
('341','krc','4','Credit','Citi','2020-04-16','33.75','Petco','Groceries','Y'),
('342','krc','4','Credit','Visa','2020-04-16','28.23','5 Guys','Entertainment','Y'),
('343','krc','4','Credit','Visa','2020-04-17','468.18','Apple','Undistributed Funds','Y'),
('344','krc','4','Credit','Citi','2020-04-17','79.93','Albertsons','Groceries','Y'),
('351','krc','4','Credit','Visa','2020-04-20','150.23','HealthQuest','Chiro','Y'),
('346','krc','4','Credit','Citi','2020-04-17','46.14','Sprouts','Groceries','Y'),
('347','krc','4','Credit','Citi','2020-03-19','11.97','Albertsons','Groceries','Y'),
('350','krc','4','Check','','2020-04-17','46.14','Sprouts','Groceries','Y'),
('352','krc','4','Check','check','2020-04-20','300.00','Adidam Midwest','Tithe','N'),
('353','krc','4','Credit','Citi','2020-04-20','33.63','Sprouts','Groceries','Y'),
('354','krc','4','Credit','Citi','2020-04-20','84.30','Albertsons','Groceries','Y'),
('355','Albuquerque Gal','11','Credit','MC','2020-04-20','89.90','solum bra','cash','Y'),
('356','krc','4','Credit','Visa','2020-04-21','11.48','Murphy\'s','Auto Gas','Y'),
('357','krc','4','Credit','Visa','2020-04-21','107.35','Plant World','Home Misc','Y'),
('358','Albuquerque Gal','11','Credit','MC','2020-04-21','45.98','amazon mask/ricola','cash','Y'),
('359','krc','4','Credit','Visa','2020-04-22','26.38','Flying Star','Entertainment','Y'),
('360','krc','4','Credit','Visa','2020-04-23','25.64','Amazon - Mustard','Groceries','Y'),
('361','Albuquerque Gal','11','Credit','MC','2020-04-23','32.25','amazon hand sani','cash','Y'),
('362','krc','4','Credit','Citi','2020-04-24','47.14','TSC','Groceries','Y'),
('363','krc','4','Check','check','2020-04-24','63.72','Karen - Groceries on wrong cd','Groceries','N'),
('364','krc','4','Credit','Visa','2020-04-24','224.94','Amazon - Drain Channel','Home Misc','Y'),
('365','Albuquerque Gal','11','Credit','MC','2020-04-25','35.68','Kohls','cash','Y'),
('366','Albuquerque Gal','11','Credit','MC','2020-04-24','63.72','grocery','cash','Y'),
('370','krc','4','Credit','Visa','2020-04-27','38.00','Presbyterian','Pres HMO','Y'),
('368','Albuquerque Gal','11','Credit','MC','2020-04-25','35.68','Kohls','cash','Y'),
('369','Albuquerque Gal','11','Credit','Kohls','2020-04-25','35.68','Kohls','cash','Y'),
('371','krc','4','Credit','Visa','2020-04-27','13.71','Murphys','Auto Gas','Y'),
('372','krc','4','Credit','Citi','2020-04-27','49.86','Sprouts','Groceries','Y'),
('373','krc','4','Credit','Citi','2020-04-27','58.23','Albertsons','Groceries','Y'),
('374','krc','4','Credit','Visa','2020-04-29','24.61','Jasons Deli','Entertainment','Y'),
('375','Albuquerque Gal','11','Credit','MC','2020-04-29','12.44','Murphy Express','cash','Y'),
('376','krc','4','Credit','Citi','2020-04-29','5.98','Albertsons','Groceries','Y'),
('377','krc','4','Check','check','2020-05-01','1653.02','ARC Home','Mortgage','N'),
('378','krc','4','Check','check','2020-05-01','139.00','AAA','Combined','N'),
('379','krc','4','Check','check','2020-05-01','116.00','Hugh Wood Ins.','Combined','N'),
('380','Albuquerque Gal','11','Credit','MC','2020-05-01','12.58','PP Duluth arms ','cash','Y'),
('381','krc','4','Credit','Citi','2020-05-03','35.97','Albertsons','Groceries','Y'),
('382','krc','4','Credit','Citi','2020-05-03','48.17','Sprouts','Groceries','Y'),
('383','krc','4','Credit','Citi','2020-05-04','53.46','Sprouts','Groceries','Y'),
('384','krc','4','Credit','Citi','2020-05-04','60.57','Albertsons','Groceries','Y'),
('385','Albuquerque Gal','11','Credit','MC','2020-05-05','95.55','PP Felix','cash','Y'),
('386','krc','4','Check','check','2020-05-05','58.45','Road Runner Waste','Combined','N'),
('387','krc','4','Credit','Visa','2020-05-05','40.99','Apple (Cables)','Undistributed Funds','Y'),
('388','krc','4','Credit','Visa','2020-05-05','24.78','Rudy\'s BBQ','Entertainment','Y'),
('389','Albuquerque Gal','11','Credit','MC','2020-05-06','27.63','amazon mask','cash','Y'),
('390','krc','4','Credit','Visa','2020-05-06','44.74','Lowe\'s','Home Misc','Y'),
('391','krc','4','Credit','Visa','2020-05-07','69.98','Verizon','Verizon','Y'),
('392','krc','4','Credit','Citi','2020-05-07','49.01','Albertsons','Groceries','Y'),
('393','krc','4','Check','check','2020-05-07','46.66','PNM','Electric','N'),
('394','krc','4','Check','check','2020-05-07','23.17','NM Gas','Natural Gas','N'),
('395','krc','4','Credit','Visa','2020-05-08','27.90','Toltec','Entertainment','Y'),
('396','krc','4','Credit','Citi','2020-05-10','15.26','Sprouts','Groceries','Y'),
('397','krc','4','Credit','Citi','2020-05-10','58.87','Albertsons','Groceries','Y'),
('398','krc','4','Credit','Citi','2020-05-10','12.52','Petco','Groceries','Y'),
('399','krc','4','Credit','Visa','2020-05-11','18.07','Murphys','Auto Gas','Y'),
('400','krc','4','Credit','Citi','2020-05-11','86.71','Albertsons','Groceries','Y'),
('401','krc','4','Credit','Citi','2020-05-12','117.79','CostCo','Groceries','Y'),
('402','krc','4','Check','check','2020-05-12','700.00','Julio Dominguez','Home Misc','N'),
('403','Albuquerque Gal','11','Credit','MC','2020-05-12','34.96','pp anam cara','Birthday','Y'),
('404','Albuquerque Gal','11','Credit','MC','2020-05-12','36.00','pp face mask','Undistributed Funds','Y'),
('405','krc','4','Credit','Citi','2020-05-15','58.76','Sprouts','Groceries','Y'),
('406','krc','4','Credit','Citi','2020-05-15','19.95','CostCo','Groceries','Y'),
('407','krc','4','Credit','Citi','2020-05-15','69.49','Albertsons','Groceries','Y'),
('408','krc','4','Credit','Visa','2020-05-15','28.03','The Range Cafe','Entertainment','Y'),
('409','krc','4','Credit','Visa','2020-05-15','23.21','Jason\'s','Entertainment','Y'),
('410','Albuquerque Gal','11','Credit','MC','2020-05-15','48.54','Alameda greenhouse','Misc','Y'),
('411','krc','4','Debit','Wells Fargo','2020-05-18','162.37','Century Link','TV/Internet','N'),
('412','krc','4','Credit','Citi','2020-05-18','81.99','Albertsons','Groceries','Y'),
('413','krc','4','Credit','Citi','2020-05-18','23.74','Sprouts','Groceries','Y'),
('414','krc','4','Credit','Visa','2020-05-21','150.23','HealthQuest','Chiro','Y'),
('415','krc','4','Credit','Visa','2020-05-21','16.42','Jasons','Entertainment','Y'),
('416','Albuquerque Gal','11','Credit','MC','2020-05-21','15.00','Urgent Care','Undistributed Funds','Y'),
('417','Albuquerque Gal','11','Credit','MC','2020-05-21','10.00','CVS eye drop','Undistributed Funds','Y'),
('418','Albuquerque Gal','11','Credit','MC','2020-05-21','32.47','PP - eBay Marcie snow','Birthday','Y'),
('419','krc','4','Check','check','2020-05-22','50.00','Ethan Miller','Auto Gas','N'),
('420','krc','4','Debit','Wells Fargo','2020-05-22','120.00','ATM','Cash','N'),
('421','krc','4','Credit','Visa','2020-05-22','97.56','Total Wine','Entertainment','Y'),
('422','krc','4','Credit','Visa','2020-05-22','46.78','Duluth','Clothing','Y'),
('423','krc','4','Credit','Visa','2020-05-22','44.12','Lowe\'s','Home Misc','Y'),
('424','krc','4','Credit','Visa','2020-05-22','22.21','Murphy\'s','Auto Gas','Y'),
('425','krc','4','Credit','Citi','2020-05-22','69.66','Albertsons','Groceries','Y'),
('426','krc','4','Credit','Citi','2020-05-23','59.91','Sprouts','Groceries','Y'),
('427','Albuquerque Gal','11','Credit','MC','2020-05-24','17.00','amazon cat toy','vet/cat','Y'),
('428','krc','4','Credit','Visa','2020-05-25','38.00','Presbyterian','Pres HMO','Y'),
('429','krc','4','Credit','Citi','2020-05-25','10.52','Albertsons','Groceries','Y'),
('430','krc','4','Credit','Citi','2020-05-29','52.02','Sprouts','Groceries','Y'),
('431','krc','4','Credit','Citi','2020-05-29','33.51','Sprouts','Groceries','Y'),
('432','krc','4','Credit','Visa','2020-05-29','18.00','Classmates','Entertainment','Y'),
('433','krc','4','Credit','Citi','2020-05-29','71.16','Albertsons','Groceries','Y'),
('434','krc','4','Credit','Visa','2020-05-29','19.61','Jasons Deli','Entertainment','Y'),
('435','Albuquerque Gal','11','Credit','MC','2020-05-29','40.16','CVS','cash','Y'),
('436','krc','4','Credit','Visa','2020-06-01','43.65','Walgreens','Health Items','Y'),
('437','krc','4','Credit','Citi','2020-06-02','50.30','Albertsons','Groceries','Y'),
('438','krc','4','Credit','Citi','2020-06-02','0.00','Albertsons','Groceries','Y'),
('439','krc','4','Credit','Citi','2020-06-02','10.88','Petco','Groceries','Y'),
('440','krc','4','Credit','Visa','2020-06-03','166.62','Duluth','Clothing','Y'),
('441','krc','4','Credit','Visa','2020-06-03','19.42','Flying Star','Entertainment','Y'),
('442','Albuquerque Gal','11','Credit','MC','2020-06-03','19.96','amazon glasses magnet','cash','Y'),
('443','Albuquerque Gal','11','Credit','MC','2020-06-03','34.39','Pay Pal Etsy','Birthday','Y');
INSERT INTO Charges VALUES
('444','krc','4','Credit','Citi','2020-06-03','55.51','Sprouts','Groceries','Y'),
('445','krc','4','Check','check','2020-06-03','1653.02','ARC Home LLC','Mortgage','N'),
('446','krc','4','Check','check','2020-06-03','50.96','PNM','Electric','N'),
('447','krc','4','Check','check','2020-06-03','0.00','NM Gas','Natural Gas','Y'),
('448','krc','4','Credit','Visa','2020-06-03','23.21','Jason\'s','Entertainment','Y'),
('449','krc','4','Credit','Citi','2020-06-05','99.51','Sprouts','Groceries','Y'),
('450','krc','4','Credit','Visa','2020-06-05','21.59','Jason\'s Deli','Entertainment','Y'),
('451','Albuquerque Gal','11','Credit','MC','2020-06-06','38.10','amazon licorice ','Christmas','Y'),
('452','Albuquerque Gal','11','Credit','MC','2020-06-06','17.00','amazon ','Undistributed Funds','Y'),
('453','krc','4','Credit','Visa','2020-06-08','68.98','Verizon','Verizon','Y'),
('454','krc','4','Credit','Citi','2020-06-08','58.17','Sprouts','Groceries','Y'),
('455','krc','4','Credit','Citi','2020-06-08','52.44','Albertsons','Groceries','Y'),
('456','Albuquerque Gal','11','Credit','MC','2020-06-09','37.82','amazon pens','Undistributed Funds','Y'),
('457','krc','4','Credit','Visa','2020-06-10','567.11','Geico','Auto Insurance','Y'),
('458','krc','4','Credit','Visa','2020-06-10','24.55','Rudys BBQ','Entertainment','Y'),
('459','krc','4','Debit','Wells Fargo','2020-06-10','120.00','ATM','Cash','N'),
('460','krc','4','Check','check','2020-06-10','360.00','Adidam Midwest','Tithe','N'),
('461','krc','4','Check','check','2020-06-10','17.56','gas','Natural Gas','N'),
('462','Albuquerque Gal','11','Credit','MC','2020-06-10','259.83','Vet Clinic','vet/cat','Y'),
('463','Albuquerque Gal','11','Credit','MC','2020-06-10','23.00','Murphy','Gas','Y'),
('464','Albuquerque Gal','11','Credit','MC','2020-06-12','139.40','Corrales Vet meds','vet/cat','Y'),
('465','Albuquerque Gal','11','Check','check','2020-06-12','60.00','Doris Straka','Undistributed Funds','N'),
('466','krc','4','Credit','Citi','2020-06-13','45.49','Sprouts','Groceries','Y'),
('467','krc','4','Credit','Citi','2020-06-13','32.72','Albertsons','Groceries','Y'),
('468','krc','4','Credit','Visa','2020-06-13','23.21','Jason\'s Deli','Entertainment','Y'),
('469','krc','4','Credit','Visa','2020-06-14','18.84','Murphys','Auto Gas','Y'),
('470','krc','4','Credit','Visa','2020-06-15','363.55','Cottonwood Smiles','Medical/Dental','Y'),
('471','krc','4','Credit','Citi','2020-06-15','71.52','Sprouts','Groceries','Y'),
('472','krc','4','Credit','Citi','2020-06-15','53.47','Albertsons','Groceries','Y'),
('473','Albuquerque Gal','11','Credit','MC','2020-06-16','22.03','amazon stencil ','cash','Y'),
('474','krc','4','Debit','Wells Fargo','2020-06-17','162.37','Century Link','TV/Internet','N'),
('475','krc','4','Credit','Citi','2020-06-17','58.63','Costco','Groceries','Y'),
('476','Albuquerque Gal','11','Credit','MC','2020-06-18','314.50',' Norwex','Savings','Y'),
('477','krc','4','Credit','Visa','2020-06-23','150.23','HealthQuest','Chiro','Y'),
('478','Albuquerque Gal','11','Credit','MC','2020-06-23','43.98','Nature Guru','Savings','Y'),
('479','krc','4','Credit','Visa','2020-06-23','24.81','Flying Star','Entertainment','Y'),
('480','krc','4','Credit','Visa','2020-06-23','11.16','Paperchase','Gifts','Y'),
('481','krc','4','Credit','Visa','2020-06-23','57.63','Plant World','Home Misc','Y'),
('482','krc','4','Credit','Visa','2020-06-23','23.21','Jasons Deli','Entertainment','Y'),
('483','krc','4','Credit','Citi','2020-06-23','42.13','Sprouts','Groceries','Y'),
('484','krc','4','Credit','Citi','2020-06-23','55.61','Albertsons','Groceries','Y'),
('485','krc','4','Credit','Citi','2020-06-23','16.97','Sprouts','Groceries','Y'),
('486','krc','4','Credit','Citi','2020-06-23','38.84','Olive Oil Co','Groceries','Y'),
('487','krc','4','Credit','Citi','2020-06-23','61.66','Albertsons','Groceries','Y'),
('488','krc','4','Credit','Visa','2020-06-23','5.00','The Range (Tip on 5/14)','Entertainment','Y'),
('489','krc','4','Credit','Visa','2020-06-23','27.43','Flying Star (5/22)','Entertainment','Y'),
('490','krc','4','Credit','Visa','2020-06-23','5.00','Jason\'s (forgot tip)','Entertainment','Y'),
('491','krc','4','Credit','Visa','2020-06-24','23.21','Jason\'s Deli','Entertainment','Y'),
('492','Albuquerque Gal','11','Credit','MC','2020-06-25','23.80','amazon Gretchen','Birthday','Y'),
('493','krc','4','Credit','Visa','2020-06-25','38.00','Presbyterian','Pres HMO','Y'),
('494','krc','4','Credit','Citi','2020-06-25','21.55','CVS - Gastro','Medical/Dental','Y'),
('495','krc','4','Credit','Visa','2020-06-25','27.84','5 Guys','Entertainment','Y'),
('496','krc','4','Credit','Citi','2020-06-26','49.69','Sprouts','Groceries','Y'),
('497','krc','4','Credit','Citi','2020-06-26','37.19','Albertsons','Groceries','Y'),
('498','krc','4','Credit','Citi','2020-06-26','9.94','PetCo','Groceries','Y'),
('499','krc','4','Credit','Visa','2020-06-26','25.38','Murphys','Auto Gas','Y'),
('500','Albuquerque Gal','11','Credit','MC','2020-06-28','19.93','murphy','Gas','Y'),
('501','krc','4','Credit','Citi','2020-06-29','17.53','Albertsons','Groceries','Y'),
('502','Albuquerque Gal','11','Credit','MC','2020-06-29','11.55','amazon cat joint health ','vet/cat','Y'),
('503','krc','4','Credit','Citi','2020-06-30','54.13','Sprouts','Groceries','Y'),
('504','krc','4','Credit','Citi','2020-06-30','3.14','Albertsons','Groceries','Y'),
('505','krc','4','Credit','Visa','2020-06-30','126.10','Replacements Limited','Appliances/Repair','Y'),
('506','krc','4','Check','check','2020-07-01','1653.02','ARC Home','Mortgage','N'),
('507','krc','4','Check','check','2020-07-02','500.00','Wells Fargo','RRG','N'),
('508','krc','4','Credit','Visa','2020-07-02','57.15','Total Wine','Wine','Y'),
('509','krc','4','Credit','Citi','2020-07-02','25.24','Albertsons','Groceries','Y'),
('510','krc','4','Credit','Citi','2020-07-02','51.95','Sprouts','Groceries','Y'),
('511','krc','4','Credit','Citi','2020-07-02','46.88','CostCo','Groceries','Y'),
('512','krc','4','Check','check','2020-07-03','17.51','NM Gas','Natural Gas','N'),
('513','Albuquerque Gal','11','Credit','MC','2020-07-05','34.69','dead - amazon','cash','Y'),
('514','krc','4','Credit','Visa','2020-07-05','39.92','Amazon: sunglasses','Vision','Y'),
('515','krc','4','Debit','Wells Fargo','2020-07-06','120.00','Wells Fargo','Cash','N'),
('516','krc','4','Credit','Citi','2020-07-06','78.08','Albertsons','Groceries','Y'),
('517','krc','4','Credit','Visa','2020-07-06','21.59','Jason\'s Deli','Entertainment','Y'),
('518','krc','4','Credit','Visa','2020-07-07','68.98','Verizon','Verizon','Y'),
('519','krc','4','Check','check','2020-07-07','62.40','PNM','Electric','N'),
('520','krc','4','Credit','Citi','2020-07-07','65.71','Sprouts','Groceries','Y'),
('521','krc','4','Credit','Visa','2020-07-07','65.03','Lowe\'s','Home Misc','Y'),
('522','Albuquerque Gal','11','Credit','MC','2020-07-08','72.96','PP Floryday','Misc','Y'),
('523','krc','4','Credit','Visa','2020-07-09','100.59','Lowe\'s','Undistributed Funds','Y'),
('524','krc','4','Credit','Citi','2020-07-10','26.53','Sprouts','Groceries','Y'),
('525','krc','4','Credit','Citi','2020-07-10','18.79','Albertsons','Groceries','Y'),
('526','krc','4','Credit','Visa','2020-07-10','18.57','Jasons Deli','Entertainment','Y'),
('527','Albuquerque Gal','11','Credit','MC','2020-07-10','22.07','amazon - rock painting','cash','Y'),
('528','krc','4','Credit','Visa','2020-07-11','27.29','Lowe\'s','Home Misc','Y'),
('529','Albuquerque Gal','11','Credit','MC','2020-07-12','10.77','PP - Spanish','cash','Y'),
('530','krc','4','Credit','Visa','2020-07-13','9.88','Blake\'s','Entertainment','Y'),
('531','krc','4','Credit','Citi','2020-07-13','27.68','Sprouts','Groceries','Y'),
('532','krc','4','Credit','Citi','2020-07-13','62.34','Albertsons','Groceries','Y'),
('533','krc','4','Credit','Visa','2020-07-14','22.67','Murphy\'s','Auto Gas','Y'),
('534','krc','4','Credit','Visa','2020-07-14','2.76','Lowe\'s','Home Misc','Y'),
('535','krc','4','Check','check','2020-07-14','50.00','Tatiana Lipert','Gifts','N'),
('536','Albuquerque Gal','11','Credit','MC','2020-07-14','17.86','amazon cat toy spinner','vet/cat','Y'),
('537','krc','4','Credit','Visa','2020-07-14','103.83','Garcia Subaru','Auto Maintenance','Y'),
('538','krc','4','Credit','Visa','2020-07-15','294.83','Atlas Pumping','Combined','Y'),
('539','krc','4','Credit','Visa','2020-07-15','271.49','Simplisafe','Undistributed Funds','Y'),
('540','krc','4','Credit','Visa','2020-07-15','59.87','Amazon - Umbrella','Home Misc','Y'),
('541','krc','4','Credit','Visa','2020-07-15','26.38','Flying Star','Entertainment','Y'),
('542','krc','4','Credit','Visa','2020-07-15','27.72','Flying Star','Entertainment','Y'),
('543','krc','4','Credit','Visa','2020-07-15','52.83','Apple - iPad cover','Undistributed Funds','Y');
INSERT INTO Charges VALUES
('544','krc','4','Credit','Visa','2020-07-15','354.70','Apple - iPad','Undistributed Funds','Y'),
('545','krc','4','Check','check','2020-07-15','180.00','Adidam Midwest','Tithe','N'),
('546','Albuquerque Gal','11','Credit','MC','2020-07-15','14.61','amazon rescue','cash','Y'),
('547','krc','4','Credit','Visa','2020-07-16','54.99','Moon\'s','Groceries','Y'),
('548','krc','4','Debit','Wells Fargo','2020-07-16','159.64','Century Link','TV/Internet','N'),
('549','krc','4','Credit','Visa','2020-07-16','23.73','Flying Star','Entertainment','Y'),
('550','krc','4','Credit','Citi','2020-07-17','61.86','Albertsons','Groceries','Y'),
('551','krc','4','Credit','Citi','2020-07-17','46.59','CostCo','Groceries','Y'),
('552','krc','4','Check','check','2020-07-17','398.07','Karen - Cottonwood Smiles','Medical/Dental','N'),
('553','Albuquerque Gal','11','Credit','MC','2020-07-18','398.07','Cottonwood Smiles','Dentist ','Y'),
('554','krc','4','Credit','Visa','2020-07-19','15.28','UPS - Ed & Jen mugs','Gifts','Y'),
('555','krc','4','Credit','Visa','2020-07-19','120.71','Lowe\'s - repair/paint supplies','Home Misc','Y'),
('556','krc','4','Credit','Visa','2020-07-19','72.83','Amazon - Glyco','Health Items','Y'),
('557','krc','4','Credit','Visa','2020-07-21','150.23','HealthQuest','Chiro','Y'),
('558','krc','4','Credit','Citi','2020-07-21','50.60','Sprouts','Groceries','Y'),
('559','krc','4','Credit','Citi','2020-07-21','17.35','Petco','Groceries','Y'),
('560','krc','4','Credit','Citi','2020-07-21','58.90','Albertsons','Groceries','Y'),
('561','Albuquerque Gal','11','Credit','MC','2020-07-21','52.25','pp Hedley & B face mask','Misc','Y'),
('562','krc','4','Credit','Visa','2020-07-22','24.61','Jason\'s Deli','Entertainment','Y'),
('563','krc','4','Credit','Visa','2020-07-22','159.76','Amazon - security cameras','Home Misc','Y'),
('564','krc','4','Credit','Visa','2020-07-22','126.14','Amazon - printer','Home Misc','Y'),
('565','krc','4','Credit','Visa','2020-07-23','0.00','Lowe\'s: rock/weather-proofing','Home Misc','Y'),
('566','krc','4','Credit','Visa','2020-07-23','9.15','Home Depot: Flagstones (2)','Home Misc','Y'),
('567','krc','4','Credit','Visa','2020-07-23','108.99','Total Wine','Wine','Y'),
('568','krc','4','Credit','Visa','2020-07-23','23.19','Toltec Brewing','Entertainment','Y'),
('569','krc','4','Credit','Citi','2020-07-24','25.72','Sprouts','Groceries','Y'),
('570','krc','4','Credit','Citi','2020-07-24','84.34','Albertsons','Groceries','Y'),
('571','Albuquerque Gal','11','Credit','MC','2020-07-26','19.99','Murphy Gas','Gas','Y'),
('572','Albuquerque Gal','11','Credit','MC','2020-07-27','10.22','petsmart','vet/cat','Y'),
('573','krc','4','Credit','Visa','2020-07-28','38.00','Presbyteriab','Pres HMO','Y'),
('574','krc','4','Credit','Citi','2020-07-28','17.39','Sprouts','Groceries','Y'),
('575','krc','4','Credit','Citi','2020-07-28','53.76','Albertsons','Groceries','Y'),
('576','krc','4','Credit','Visa','2020-07-28','134.93','Lowe\'s','Home Misc','Y'),
('577','krc','4','Credit','Visa','2020-07-31','23.21','Jason\'s','Entertainment','Y'),
('578','Albuquerque Gal','11','Credit','MC','2020-08-01','64.67','REI','Misc','Y'),
('579','krc','4','Credit','Citi','2020-08-02','8.70','Sprouts','Groceries','Y'),
('580','krc','4','Credit','Citi','2020-08-02','55.82','Albertsons','Groceries','Y'),
('581','krc','4','Credit','Visa','2020-08-02','28.05','Flying Star','Entertainment','Y'),
('582','krc','4','Credit','Visa','2020-08-02','18.00','Classmates','Undistributed Funds','Y'),
('583','Albuquerque Gal','11','Credit','MC','2020-08-02','75.45','NM MVD','Car maintenance ','Y'),
('584','krc','4','Credit','Citi','2020-08-03','61.38','Albertsons','Groceries','Y'),
('585','krc','4','Credit','Visa','2020-08-03','26.65','Lowe\'s','Home Misc','Y'),
('592','Albuquerque Gal','11','Credit','MC','2020-08-06','461.72','big o tires','Car maintenance ','Y'),
('587','krc','4','Check','check','2020-08-03','18.65','NM Gas','Natural Gas','N'),
('588','krc','4','Check','check','2020-08-03','108.08','PNM','Electric','N'),
('589','krc','4','Check','check','2020-08-03','333.68','ARC Home','Escrow Account','N'),
('590','krc','4','Check','check','2020-08-03','1675.76','ARC Home','Mortgage','N'),
('591','krc','4','Credit','Visa','2020-08-03','23.35','Murphy\'s','Auto Gas','Y'),
('593','krc','4','Credit','Visa','2020-08-07','66.22','Verizon','Verizon','Y'),
('594','krc','4','Credit','Visa','2020-08-07','21.59','Jason\'s','Entertainment','Y'),
('595','krc','4','Credit','Citi','2020-08-08','102.12','Albertsons','Groceries','Y'),
('596','Albuquerque Gal','11','Credit','MC','2020-08-08','32.58','amazon ricola','cash','Y'),
('597','krc','4','Credit','Visa','2020-08-08','21.59','Jason\'s','Entertainment','Y'),
('598','krc','4','Credit','Citi','2020-08-11','72.34','Albertsons','Groceries','Y'),
('599','krc','4','Credit','Citi','2020-08-11','24.68','Petco','Groceries','Y'),
('600','Albuquerque Gal','11','Credit','Kohls','2020-08-12','27.93','Kohls','cash','Y'),
('601','krc','4','Credit','Visa','2020-08-12','1422.93','Garcia Subaru','Auto Maintenance','Y'),
('602','krc','4','Credit','Visa','2020-08-12','23.21','Jsons Deli','Entertainment','Y'),
('603','krc','4','Check','check','2020-08-12','58.45','Roasd Runner Waste','Combined','N'),
('604','krc','4','Credit','Visa','2020-08-13','20.19','Jasons Deli','Entertainment','Y'),
('605','Albuquerque Gal','11','Credit','MC','2020-08-17','17.91','murphy','Gas','Y'),
('606','krc','4','Debit','Wells Fargo','2020-08-19','159.64','Century Link','TV/Internet','N'),
('607','krc','4','Credit','Citi','2020-08-19','23.68','Sprouts','Groceries','Y'),
('608','krc','4','Credit','Citi','2020-08-19','39.64','Albertsons','Groceries','Y'),
('609','krc','4','Credit','Citi','2020-08-19','31.70','Sprouts','Groceries','Y'),
('610','krc','4','Credit','Citi','2020-08-19','64.98','Albertsons','Groceries','Y'),
('611','krc','4','Credit','Visa','2020-08-19','27.24','Flying Star','Entertainment','Y'),
('612','krc','4','Credit','Visa','2020-08-21','150.23','HealthQuest','Chiro','Y'),
('613','krc','4','Credit','Visa','2020-08-21','31.45','The Range Cafe','Entertainment','Y'),
('614','krc','4','Credit','Citi','2020-08-21','110.44','Albertsons','Groceries','Y'),
('615','Albuquerque Gal','11','Credit','MC','2020-08-21','15.76','amazon beach balls','cash','Y'),
('616','krc','4','Credit','Visa','2020-08-23','90.91','Amazon - MiniSD Cards, etc','Home Misc','Y'),
('617','krc','4','Credit','Visa','2020-08-23','68.10','Amazon ?Lights?','Home Misc','Y'),
('618','krc','4','Credit','Visa','2020-08-23','84.08','Amazon - Light Stands','Home Misc','Y'),
('619','krc','4','Check','check','2020-08-23','180.00','Adidam Midwest','Tithe','N'),
('620','krc','4','Debit','Wells Fargo','2020-08-23','1000.00','Transfer to Savings','Travel','N'),
('621','krc','4','Credit','Citi','2020-08-24','47.28','Sprouts','Groceries','Y'),
('622','krc','4','Credit','Citi','2020-08-24','38.73','Albertsons','Groceries','Y'),
('623','Albuquerque Gal','11','Credit','MC','2020-08-25','9.70','target','cash','Y'),
('624','Albuquerque Gal','11','Credit','MC','2020-08-25','37.71','city lips','Massage','Y'),
('625','krc','4','Credit','Visa','2020-08-26','38.00','Presbyterian','Pres HMO','Y'),
('626','krc','4','Credit','Citi','2020-08-26','12.48','Sprouts','Groceries','Y'),
('627','krc','4','Credit','Citi','2020-08-26','42.49','CostCo','Groceries','Y'),
('628','krc','4','Credit','Citi','2020-08-26','9.56','Albertsons','Groceries','Y'),
('629','krc','4','Credit','Visa','2020-08-28','46.75','Lowe\'s','Home Misc','Y'),
('630','krc','4','Credit','Visa','2020-08-28','17.94','Murphy\'s','Auto Gas','Y'),
('631','krc','4','Credit','Visa','2020-08-28','0.00','Murphy\'s','Auto Gas','Y'),
('632','krc','4','Credit','Citi','2020-08-28','46.59','Sprouts','Groceries','Y'),
('633','krc','4','Credit','Citi','2020-08-28','57.52','Albertsons','Groceries','Y'),
('634','krc','4','Credit','Visa','2020-08-28','84.08','Total Wine','Groceries','Y'),
('635','Albuquerque Gal','11','Credit','MC','2020-08-28','21.00','amazon cd shamanic','hair','Y'),
('636','krc','4','Credit','Visa','2020-08-29','21.59','Jason\'s Deli','Entertainment','Y'),
('637','krc','4','Credit','Citi','2020-09-01','92.05','Albertsons','Groceries','Y'),
('638','krc','4','Credit','Visa','2020-09-01','145.62','PetSmart','Appliances/Repair','Y'),
('639','krc','4','Check','check','2020-09-01','104.07','PNM','Electric','N'),
('640','krc','4','Check','check','2020-09-01','1675.76','ARC Home','Mortgage','N'),
('641','krc','4','Credit','Citi','2020-09-04','15.36','Petco','Groceries','Y'),
('642','krc','4','Credit','Citi','2020-09-04','44.20','Sprouts','Groceries','Y'),
('643','krc','4','Credit','Citi','2020-09-04','53.08','Albertsons','Groceries','Y'),
('644','krc','4','Credit','Visa','2020-09-04','33.04','Toltec Brewing','Entertainment','Y');
INSERT INTO Charges VALUES
('645','Albuquerque Gal','11','Credit','MC','2020-09-08','12.99','iTunes','cash','Y'),
('646','krc','4','Credit','Visa','2020-09-09','64.60','Verizon','Verizon','Y'),
('647','krc','4','Check','check','2020-09-09','17.14','NM Gas','Natural Gas','N'),
('648','krc','4','Credit','Visa','2020-09-09','22.36','Muphy\'s','Auto Gas','Y'),
('649','krc','4','Credit','Citi','2020-09-09','41.67','Sprouts','Groceries','Y'),
('650','krc','4','Credit','Citi','2020-09-09','41.73','Albertsons','Groceries','Y'),
('651','Albuquerque Gal','11','Credit','MC','2020-09-09','37.68','Sprouts','Vitamins','Y'),
('652','Albuquerque Gal','11','Credit','MC','2020-09-09','19.82','murphy','Gas','Y'),
('653','krc','4','Credit','Visa','2020-09-10','133.98','TLC - Filters for Furnace','Home Misc','Y'),
('654','krc','4','Credit','Visa','2020-09-10','29.13','Moon\'s Coffee','Groceries','Y'),
('655','krc','4','Check','check','2020-09-11','180.00','Adidam Midwest','Tithe','N'),
('656','Albuquerque Gal','11','Credit','MC','2020-09-11','40.97','sprouts','Vitamins','Y'),
('657','krc','4','Credit','Citi','2020-09-11','28.00','Sprouts','Groceries','Y'),
('658','krc','4','Credit','Citi','2020-09-11','68.13','Albertsons','Groceries','Y'),
('659','Albuquerque Gal','11','Credit','MC','2020-09-13','18.88','Dillards','Misc','Y'),
('660','Albuquerque Gal','11','Credit','MC','2020-09-14','14.71','eBay pp','Christmas','Y'),
('661','Albuquerque Gal','11','Credit','MC','2020-09-14','24.98','pp cat own','Christmas','Y'),
('662','krc','4','Credit','Visa','2020-09-14','15.10','Murphys','Auto Gas','Y'),
('663','krc','4','Credit','Citi','2020-09-14','17.60','Smith\'s','Groceries','Y'),
('664','Albuquerque Gal','11','Credit','MC','2020-09-15','21.55','Bed Bath - magnet','Christmas','Y'),
('665','Albuquerque Gal','11','Credit','MC','2020-09-15','24.98','guru chai','Misc','Y'),
('666','krc','4','Credit','Citi','2020-09-15','6.49','Sprouts','Groceries','Y'),
('667','krc','4','Credit','Citi','2020-09-15','83.77','Albertsons','Groceries','Y'),
('668','krc','4','Check','check','2020-09-15','100.00','Garcia Subaru','Auto Maintenance','N'),
('669','krc','4','Credit','Visa','2020-09-15','21.55','Lowe\'s - sanding disks','Home Misc','Y'),
('670','Albuquerque Gal','11','Credit','MC','2020-09-16','36.21','Trader Joes','Bird','Y'),
('671','krc','4','Debit','Wells Fargo','2020-09-16','159.64','Century Link','TV/Internet','N'),
('672','krc','4','Credit','Visa','2020-09-16','20.39','Flying Star','Entertainment','Y'),
('673','krc','4','Credit','Visa','2020-09-16','25.30','Flying Star','Entertainment','Y'),
('674','krc','4','Credit','Visa','2020-09-16','49.95','Santa Fe Lavender','Health Items','Y'),
('675','krc','4','Credit','Citi','2020-09-17','10.37','Albertsons','Groceries','Y'),
('676','krc','4','Credit','Citi','2020-09-18','73.92','TSC','Groceries','Y'),
('677','krc','4','Credit','Citi','2020-09-18','54.20','Sprouts','Groceries','Y'),
('678','krc','4','Credit','Citi','2020-09-18','16.42','Albertsons','Groceries','Y'),
('679','krc','4','Credit','Citi','2020-09-18','18.71','Petco','Groceries','Y'),
('680','krc','4','Credit','Visa','2020-09-18','20.59','Jasons','Entertainment','Y'),
('681','krc','4','Credit','Visa','2020-09-19','9.65','Flying Star','Entertainment','Y'),
('682','krc','4','Credit','Visa','2020-09-19','33.00','5 Guys','Entertainment','Y'),
('683','krc','4','Credit','Visa','2020-09-19','20.25','Murphy\'s','Auto Gas','Y'),
('684','krc','4','Check','check','2020-09-19','0.00','Garcia','Auto Maintenance','Y'),
('685','krc','4','Credit','Visa','2020-09-20','150.23','','Chiro','Y'),
('686','Albuquerque Gal','11','Credit','MC','2020-09-20','36.27','mackweldon mask','cash','Y'),
('687','krc','4','Check','check','2020-09-21','100.00','Kathy Cowles','Gifts','N'),
('688','krc','4','Credit','Visa','2020-09-22','25.08','Flying Star','Entertainment','Y'),
('689','krc','4','Credit','Visa','2020-09-22','39.92','Amazon - sunglasses','Vision','Y'),
('690','Albuquerque Gal','11','Credit','Kohls','2020-09-22','54.43','Kohls','cash','Y'),
('691','','4','Check','check','2020-09-22','0.00','Kathy','Gifts','N'),
('692','','4','Credit','Visa','2020-09-22','0.00','Amazon - sunglasses','Vision','Y'),
('693','','4','Credit','Visa','2020-09-22','0.00','Flying Star','Entertainment','Y'),
('694','','4','Credit','Citi','2020-09-22','0.00','TSC','Groceries','Y'),
('695','','4','Credit','Citi','2020-09-22','0.00','Sprouts','Groceries','Y'),
('696','','4','Credit','Citi','2020-09-22','0.00','Albertsons','Groceries','Y'),
('697','','4','Credit','Citi','2020-09-22','0.00','Petco','Groceries','Y'),
('698','','4','Credit','Visa','2020-09-22','0.00','Jasons','Entertainment','Y'),
('699','','4','Credit','Visa','2020-09-22','0.00','Healthquest','Chiro','Y'),
('700','','11','Credit','Kohls','2020-09-22','54.43','Kohls','cash','Y'),
('701','','4','Credit','Citi','2020-09-22','69.00','Sprouts','Groceries','Y'),
('702','','4','Credit','Citi','2020-09-22','66.84','Albertsons','Groceries','Y'),
('703','','4','Credit','Visa','2020-09-25','38.00','Presbyterian','Pres HMO','Y'),
('704','','4','Check','check','2020-09-25','0.00','Me','Cash','Y'),
('705','','11','Credit','MC','2020-09-25','15.50','Savers','cash','Y'),
('706','','11','Credit','MC','2020-09-25','88.80','Costco','cash','Y'),
('707','','11','Credit','MC','2020-09-25','88.82','PP - Duluth','cash','Y'),
('708','','4','Credit','Citi','2020-09-25','78.68','Costco','Groceries','Y'),
('709','','4','Credit','Citi','2020-09-25','12.34','Sprouts','Groceries','Y'),
('710','','4','Credit','Citi','2020-09-25','76.84','Albertsons','Groceries','Y'),
('711','','4','Credit','Visa','2020-09-28','80.91','Lowes','Home Misc','Y'),
('712','','4','Check','check','2020-09-28','40.00','Animal Humane NM','Charities','Y'),
('713','','4','Credit','Visa','2020-09-28','16.70','Total Wine','Groceries','Y'),
('714','','4','Credit','Citi','2020-09-28','49.10','Sprouts','Groceries','Y'),
('715','','4','Credit','Citi','2020-09-28','24.20','Albertsons','Groceries','Y'),
('716','','4','Credit','Citi','2020-09-29','46.81','Smiths','Groceries','Y'),
('717','','11','Credit','MC','2020-09-29','39.86','Chewy - pp','vet/cat','Y'),
('718','','4','Check','check','2020-10-01','1675.76','ARC Home','Mortgage','Y'),
('719','','4','Credit','Visa','2020-10-01','23.95','Flying Star','Entertainment','Y'),
('720','','4','Credit','Visa','2020-10-01','50.46','Amazon - Hugo Deodorant','Health Items','Y'),
('721','','4','Credit','Visa','2020-10-01','147.12','Amazon - hard disk backup','Home Misc','Y'),
('722','','4','Credit','Visa','2020-10-01','121.90','Cottonwood Smiles','Medical/Dental','Y'),
('723','','4','Credit','Visa','2020-10-01','22.29','Murphys','Auto Gas','Y'),
('724','','4','Credit','Visa','2020-10-01','50.75','CVS - dental/shaving','Health Items','Y'),
('725','','11','Credit','Kohls','2020-10-01','20.00','Kohls','cash','Y'),
('726','','11','Credit','MC','2020-10-01','40.86','Walmart','Bird','Y'),
('727','','4','Check','check','2020-10-02','65.18','PNM','Electric','Y'),
('728','','4','Credit','Visa','2020-10-02','27.44','Walmart - storage tubs','Home Misc','Y'),
('729','','4','Credit','Citi','2020-10-02','16.47','Sprouts','Groceries','Y'),
('730','','4','Credit','Citi','2020-10-02','92.11','Albertsons','Groceries','Y'),
('731','','4','Credit','Visa','2020-10-02','19.67','Jasons','Entertainment','Y'),
('732','','4','Check','check','2020-10-03','21.56','Credit charged in error','Undistributed Funds','Y'),
('733','','4','Check','check','2020-10-03','138.00','Error in check entry','Undistributed Funds','Y'),
('734','','4','Check','check','2020-10-03','20.48','NM Gas','Natural Gas','Y'),
('735','','4','Credit','Citi','2020-10-03','0.00','Sprouts','Groceries','Y'),
('736','','4','Credit','Citi','2020-10-03','64.73','Costco - Membership','Combined','Y'),
('737','','4','Credit','Citi','2020-10-05','34.25','Sprouts','Groceries','Y'),
('738','','4','Credit','Citi','2020-10-05','55.92','Albertsons','Groceries','Y'),
('739','','11','Credit','MC','2020-10-06','23.10','amazon toes','cash','Y'),
('740','','4','Credit','Visa','2020-10-06','138.26','O\'Reilly Auto Parts - radiator','Auto Maintenance','Y'),
('741','','4','Credit','Visa','2020-10-07','64.60','Verizon','Verizon','Y'),
('742','','11','Credit','MC','2020-10-08','19.88','Murphys','Gas','Y'),
('743','','4','Check','check','2020-10-08','700.00','Julio Dominguez','Home Misc','Y'),
('744','','4','Check','check','2020-10-08','40.00','St Joseph\'s Indian School','Charities','Y');
INSERT INTO Charges VALUES
('745','','4','Credit','Visa','2020-10-08','21.59','Jaons Deli','Entertainment','Y'),
('746','','11','Credit','MC','2020-10-09','41.19','sprouts vits','Misc','Y'),
('747','','4','Credit','Citi','2020-10-09','47.27','Albertsons','Groceries','Y'),
('748','','4','Credit','Citi','2020-10-09','29.25','Sprouts','Groceries','Y'),
('749','','4','Debit','Wells Fargo','2020-10-09','200.00','ATM: Cash - Car','Auto Maintenance','Y'),
('750','','4','Credit','Citi','2020-10-12','15.69','Petco','Groceries','Y'),
('751','','4','Credit','Citi','2020-10-12','45.21','Sprouts','Groceries','Y'),
('752','','4','Credit','Citi','2020-10-12','32.22','Albertsons','Groceries','Y'),
('753','','4','Credit','Visa','2020-10-12','22.46','Lowe\'s','Home Misc','Y'),
('754','','4','Check','check','2020-10-14','180.00','Adidam','Tithe','Y'),
('755','','11','Credit','MC','2020-10-14','24.98','Natures Guru','cash','Y'),
('756','','4','Credit','Visa','2020-10-15','19.61','Jasons Deli','Entertainment','Y'),
('757','','4','Credit','Visa','2020-10-15','31.48','CalmXAV - Mac antivirus','Combined','Y'),
('758','','11','Credit','MC','2020-10-16','22.00','PP Orly nails','cash','Y'),
('759','','4','Debit','Wells Fargo','2020-10-16','159.64','CenturyLink','TV/Internet','Y'),
('760','','4','Check','check','2020-10-16','1400.00','Julio Dominguez','Home Misc','Y'),
('761','','11','Credit','MC','2020-10-16','17.86','amazon - filters','cash','Y'),
('762','','4','Credit','Citi','2020-10-16','40.96','CostCo','Health Items','Y'),
('763','','4','Credit','Citi','2020-10-16','33.94','Sprouts','Groceries','Y'),
('764','','4','Credit','Citi','2020-10-16','44.94','Albertsons','Groceries','Y'),
('765','','4','Credit','Visa','2020-10-16','37.67','Amazon - Earplugs','Home Misc','Y'),
('766','','4','Debit','Wells Fargo','2020-10-16','56.29','Duluth - base layer crew','Clothing','Y'),
('767','','4','Check','check','2020-10-17','40.00','Boys Town','Charities','Y'),
('768','','4','Credit','Visa','2020-10-17','37.22','Moon\'s Coffee','Groceries','Y'),
('769','','4','Credit','Visa','2020-10-17','18.75','Home Depot','Home Misc','Y'),
('770','','4','Credit','Citi','2020-10-19','32.13','Sprouts','Groceries','Y'),
('771','','4','Credit','Citi','2020-10-19','102.94','Albertsons','Groceries','Y'),
('772','','11','Credit','MC','2020-10-20','13.86','Walmart','cash','Y'),
('773','','4','Credit','Visa','2020-10-20','150.23','HealthQuest','Chiro','Y'),
('774','','4','Credit','Citi','2020-10-20','27.44','Wlamart - storage tubs','Appliances/Repair','Y'),
('775','','4','Credit','Visa','2020-10-20','22.48','Jasons Deli','Entertainment','Y'),
('776','','4','Credit','Visa','2020-10-20','20.18','Murphys','Auto Gas','Y'),
('777','','11','Credit','MC','2020-10-22','20.20','Outlaw soaps','cash','Y'),
('778','','4','Credit','Citi','2020-10-23','15.79','Petco','Groceries','Y'),
('779','','4','Credit','Citi','2020-10-23','92.14','Albertsons','Groceries','Y'),
('780','','11','Credit','MC','2020-10-23','32.35','Petco','vet/cat','Y'),
('781','','4','Credit','Visa','2020-10-23','24.81','Flying Star','Entertainment','Y'),
('782','','4','Credit','Visa','2020-10-27','38.00','Presbyterian','Pres HMO','Y'),
('783','','4','Credit','Citi','2020-10-27','41.94','Sprouts','Groceries','Y'),
('784','','4','Credit','Citi','2020-10-27','69.10','Albertsons','Groceries','Y'),
('785','','4','Credit','Visa','2020-10-27','104.07','Garmin','Appliances/Repair','Y'),
('786','','4','Credit','Visa','2020-10-28','130.84','Amazon - 2 x UPS','Appliances/Repair','Y'),
('787','','4','Credit','Visa','2020-10-29','25.58','Jasons','Entertainment','Y'),
('788','','4','Check','check','2020-10-29','40.00','Toys For Tots','Charities','Y'),
('789','','4','Credit','Visa','2020-10-29','52.30','USPS','Combined','Y'),
('790','','11','Credit','MC','2020-10-30','17.77','murphy','Gas','Y'),
('791','','11','Credit','MC','2020-10-30','20.21','amazon rock dots','Undistributed Funds','Y'),
('792','','4','Credit','Visa','2020-10-30','22.42','Toltec','Entertainment','Y'),
('793','','4','Credit','Citi','2020-10-30','101.09','Albertsons','Groceries','Y'),
('794','','4','Check','check','2020-11-01','1675.76','ARC Home Mtge','Mortgage','Y'),
('795','','4','Check','check','2020-11-01','52.44','PNM','Electric','Y'),
('796','','11','Credit','MC','2020-11-01','21.78','holiday berry tea amazon','cash','Y'),
('797','','4','Credit','Citi','2020-11-02','20.41','Petco','Groceries','Y'),
('798','','4','Credit','Citi','2020-11-02','30.35','Sprouts','Groceries','Y'),
('799','','4','Credit','Citi','2020-11-02','59.70','Albertsons','Groceries','Y'),
('800','','4','Credit','Citi','2020-11-02','52.96','Costco','Groceries','Y'),
('801','','4','Credit','Citi','2020-11-04','0.00','Albertsons: 10/12','Groceries','Y'),
('802','','4','Credit','Citi','2020-11-05','35.05','Smiths','Groceries','Y'),
('803','','4','Credit','Visa','2020-11-05','19.67','Jasons','Entertainment','Y'),
('804','','4','Check','check','2020-11-06','31.33','NM Gas Co','Natural Gas','Y'),
('805','','4','Check','check','2020-11-06','58.45','Road Runner Waste MGmt','Combined','Y'),
('806','','4','Credit','Citi','2020-11-06','33.05','Sprouts','Groceries','Y'),
('807','','4','Credit','Citi','2020-11-06','45.61','Albertsons','Groceries','Y'),
('808','','4','Credit','Visa','2020-11-06','10.24','Murphys','Auto Gas','Y'),
('809','','4','Credit','Visa','2020-11-06','92.18','Total Wine','Wine','Y'),
('810','','4','Credit','Visa','2020-11-06','21.56','Best Buy - Micro SD Adapter','Home Misc','Y'),
('811','','4','Credit','Visa','2020-11-07','64.63','Verizon','Verizon','Y'),
('812','','4','Credit','Citi','2020-11-07','8.68','Target','Home Misc','Y'),
('813','','4','Credit','Citi','2020-11-09','26.92','Sprouts','Groceries','Y'),
('814','','4','Credit','Citi','2020-11-09','27.33','Albertsons','Groceries','Y'),
('815','','11','Credit','MC','2020-11-09','73.80','Saga Cards','Christmas','Y'),
('816','','11','Credit','MC','2020-11-09','23.06','Walmart','cash','Y'),
('817','','4','Credit','Visa','2020-11-11','72.83','Amazon - Glyco','Health Items','Y'),
('818','','4','Credit','Citi','2020-11-11','11.33','Smiths','Groceries','Y'),
('819','','4','Credit','Citi','2020-11-11','64.29','TSC','Groceries','Y'),
('820','','4','Credit','Visa','2020-11-12','18.82','Flying Star','Entertainment','Y'),
('821','','4','Credit','Visa','2020-11-13','44.98','APS - Annual Dues','Combined','Y'),
('822','','4','Credit','Citi','2020-11-13','24.51','Sprouts','Groceries','Y'),
('823','','4','Credit','Citi','2020-11-13','85.17','Albertsons','Groceries','Y'),
('824','','4','Credit','Visa','2020-11-13','11.71','Toltec','Entertainment','Y'),
('825','','4','Credit','Visa','2020-11-13','11.81','Jason\'s','Entertainment','Y'),
('826','','4','Debit','Wells Fargo','2020-11-13','80.00','ATM','Cash','Y'),
('827','','11','Credit','MC','2020-11-14','68.52','TSC ytsvyot supply','Bird','Y'),
('828','','11','Credit','MC','2020-11-15','37.82','H & M hoodie','cash','Y'),
('829','','4','Debit','Wells Fargo','2020-11-16','159.64','Century Link','TV/Internet','Y'),
('830','','4','Credit','Citi','2020-11-16','30.53','Sprouts','Groceries','Y'),
('831','','4','Credit','Citi','2020-11-16','21.62','Natural Groces','Groceries','Y'),
('832','','4','Credit','Citi','2020-11-16','34.88','Petco','Groceries','Y'),
('833','','4','Credit','Visa','2020-11-16','34.95','Clean My Mac','Computer','Y'),
('834','','4','Credit','Visa','2020-11-17','30.87','The Range Cafe','Entertainment','Y'),
('835','','11','Credit','MC','2020-11-17','44.00','USPS','Christmas','Y'),
('836','','4','Credit','Citi','2020-11-18','59.89','Sprouts','Groceries','Y'),
('837','','4','Credit','Citi','2020-11-18','64.50','Albertsons','Groceries','Y'),
('838','','11','Credit','MC','2020-11-18','32.94','Guru Chai','cash','Y'),
('839','','4','Credit','Visa','2020-11-18','24.06','Flying Star','Entertainment','Y'),
('840','','4','Credit','Visa','2020-11-18','18.00','Classmates.com','Combined','Y'),
('841','','11','Credit','MC','2020-11-18','10.99','Guru chai','hair','Y'),
('842','','4','Credit','Visa','2020-11-19','21.33','Jason\'s','Entertainment','Y'),
('843','','4','Credit','Visa','2020-11-20','194.18','Health Quest','Chiro','Y'),
('844','','4','Credit','Citi','2020-11-20','40.53','Sprouts','Groceries','Y');
INSERT INTO Charges VALUES
('845','','4','Credit','Citi','2020-11-20','36.27','Albertsons','Groceries','Y'),
('846','','4','Credit','Visa','2020-11-20','29.13','Moon\'s Coffee','Groceries','Y'),
('847','','4','Credit','Visa','2020-11-20','23.70','Murphy\'s','Auto Gas','Y'),
('848','','4','Credit','Visa','2020-11-21','19.03','Lowes','Home Misc','Y'),
('849','','11','Credit','MC','2020-11-21','19.29','Murphy ','Gas','Y'),
('850','','4','Credit','Citi','2020-11-22','39.15','Keller\'s Meats','Groceries','Y'),
('851','','4','Credit','Visa','2020-11-22','37.51','CVS - reading glasses','Vision','Y'),
('852','','11','Credit','MC','2020-11-23','47.42','EM','Christmas','Y'),
('853','','4','Credit','Citi','2020-11-24','40.00','Smith\'s','Groceries','Y'),
('854','','4','Credit','Citi','2020-11-24','97.01','Albertsons','Groceries','Y'),
('855','','4','Credit','Visa','2020-11-24','20.98','Flying Star','Entertainment','Y'),
('856','','4','Credit','Visa','2020-11-25','38.00','Presbyterian','Pres HMO','Y'),
('857','','4','Credit','Citi','2020-11-25','18.84','TSC','Groceries','Y'),
('858','','4','Credit','Visa','2020-11-27','60.94','Amazon - Karen gifts','Christmas','Y'),
('859','','4','Credit','Visa','2020-11-27','43.43','Vermont Country Store - Karen','Christmas','Y'),
('860','','4','Credit','Visa','2020-11-27','29.42','Amazon - Xmas Slippers','Christmas','Y'),
('861','','4','Check','check','2020-11-28','180.00','Adidam Midwest','Tithe','Y'),
('862','','11','Credit','MC','2020-11-28','52.54','amazon (ricola/glue)','cash','Y'),
('863','','4','Credit','Visa','2020-11-28','327.01','Garcia Subaru','Auto Maintenance','Y'),
('864','','11','Credit','MC','2020-11-28','60.00','Lush','Christmas','Y'),
('865','','4','Credit','Citi','2020-11-29','39.62','Sprouts','Groceries','Y'),
('866','','4','Credit','Citi','2020-11-29','59.60','Albertsons','Groceries','Y'),
('867','','11','Credit','MC','2020-11-30','34.95','smiths','Christmas','Y'),
('868','','4','Credit','Visa','2020-11-30','50.03','Isaac Baker - Ed','Gifts','Y'),
('869','','4','Credit','Visa','2020-11-30','29.85','American Flags','Home Misc','Y'),
('870','','4','Check','check','2020-12-01','1675.76','ARC Home LLC','Mortgage','Y'),
('871','','11','Credit','MC','2020-12-01','50.00','Kickstart - David B','cash','Y'),
('872','','4','Credit','Citi','2020-12-01','17.26','Albertsons','Groceries','Y'),
('873','','4','Credit','Visa','2020-12-01','51.80','Pueblo COVID Relief Fund','Charities','Y'),
('874','','4','Check','check','2020-12-02','75.00','Tom Sandberg','Escrow Account','Y'),
('875','','4','Credit','Visa','2020-12-03','81.72','Lowe\'s (Salt etc)','Combined','Y'),
('876','','4','Credit','Citi','2020-12-03','73.84','CostCo','Groceries','Y'),
('877','','4','Credit','Citi','2020-12-03','21.23','Albertsons','Groceries','Y'),
('878','','11','Credit','MC','2020-12-03','348.69','Honda','Car maintenance ','Y'),
('879','','11','Credit','MC','2020-12-05','30.40','Gail Russell','Birthday','Y'),
('880','','11','Credit','MC','2020-12-05','38.00','Gail Russell - Claudia','Birthday','Y'),
('881','','4','Credit','Citi','2020-12-05','36.30','Sprouts','Groceries','Y'),
('882','','4','Credit','Citi','2020-12-05','57.10','Albertsons','Groceries','Y'),
('883','','4','Credit','Citi','2020-12-05','15.09','Walgreens','Groceries','Y'),
('884','','4','Credit','Visa','2020-12-05','14.16','Jason\'s Deli','Entertainment','Y'),
('885','','4','Credit','Visa','2020-12-05','11.51','Toltec Brewing','Entertainment','Y'),
('886','','4','Check','check','2020-12-05','63.24','PNM','Electric','Y'),
('887','','4','Check','check','2020-12-05','58.40','New Mexico Gas','Natural Gas','Y'),
('888','','4','Credit','Visa','2020-12-07','64.63','Verizon','Verizon','Y'),
('889','','4','Credit','Citi','2020-12-07','33.72','Sprouts','Groceries','Y'),
('890','','4','Credit','Citi','2020-12-07','71.02','Albertsons','Groceries','Y'),
('891','','4','Credit','Visa','2020-12-07','20.31','Jason\'s Deli','Entertainment','Y'),
('892','','4','Credit','Visa','2020-12-09','31.95','The Range Cafe','Entertainment','Y'),
('893','','11','Credit','MC','2020-12-10','19.41','murphy','Gas','Y'),
('894','','4','Credit','Citi','2020-12-11','17.91','Sprouts','Groceries','Y'),
('895','','4','Credit','Citi','2020-12-11','62.10','Albertsons','Groceries','Y'),
('896','','4','Credit','Visa','2020-12-11','20.55','Murphys','Auto Gas','Y'),
('897','','4','Credit','Visa','2020-12-11','115.11','Total Wine','Wine','Y'),
('898','','4','Credit','Visa','2020-12-12','9.69','Lowe\'s','Home Misc','Y'),
('899','','4','Credit','Visa','2020-12-13','667.70','Geico','Auto Insurance','Y'),
('900','','4','Credit','Citi','2020-12-14','51.97','Albertsons','Groceries','Y'),
('901','','4','Credit','Citi','2020-12-14','47.59','Sprouts','Groceries','Y'),
('902','','11','Credit','MC','2020-12-15','53.83','David Behrens','Qi Gong','Y'),
('903','','4','Debit','Wells Fargo','2020-12-16','159.64','Century Link','TV/Internet','Y'),
('904','','4','Credit','Visa','2020-12-16','42.04','Amazon - grill','Christmas','Y'),
('905','','4','Credit','Citi','2020-12-16','14.49','Sprouts','Groceries','Y'),
('906','','11','Credit','MC','2020-12-16','11.84','amazon comp glasses','cash','Y'),
('907','','11','Credit','MC','2020-12-16','36.03','Amazon','Christmas','Y'),
('908','','4','Check','check','2020-12-17','180.00','Adidam Midwest','Tithe','Y'),
('909','','4','Credit','Visa','2020-12-17','491.97','Harry & Davids','Christmas','Y'),
('910','','4','Credit','Visa','2020-12-17','46.63','Scafuri Bakery','Christmas','Y'),
('911','','4','Credit','Visa','2020-12-17','28.73','Scafuri Bakery','Christmas','Y'),
('912','','4','Credit','Visa','2020-12-17','45.61','Scafuri  Bakery','Christmas','Y'),
('913','','4','Credit','Visa','2020-12-17','19.80','Jason\'s','Entertainment','Y'),
('950','','4','Credit','Citi','2021-01-02','80.98','TSC','Groceries','Y'),
('915','','4','Credit','Visa','2020-12-18','25.00','B & N Membership','Combined','Y'),
('916','','4','Credit','Visa','2020-12-18','26.86','Flying Star','Entertainment','Y'),
('917','','4','Check','check','2020-12-18','0.02','Mis-charged Visa/Jasons','Entertainment','Y'),
('918','','4','Credit','Citi','2020-12-18','28.10','Sprouts','Groceries','Y'),
('919','','4','Credit','Citi','2020-12-18','33.14','Petco','Groceries','Y'),
('920','','4','Credit','Citi','2020-12-18','50.43','Albertsons','Groceries','Y'),
('921','','11','Credit','MC','2020-12-18','28.03','Sprouts - hat','cash','Y'),
('922','','11','Credit','MC','2020-12-19','31.24','Office Max','Christmas','Y'),
('923','','4','Credit','Visa','2020-12-19','19.90','Flying Star','Entertainment','Y'),
('924','','4','Credit','Visa','2020-12-22','194.18','HealthQuest','Chiro','Y'),
('925','','4','Credit','Citi','2020-12-22','9.79','Sprouts','Groceries','Y'),
('926','','4','Credit','Citi','2020-12-22','40.51','Albertsons','Groceries','Y'),
('927','','4','Credit','Visa','2020-12-22','16.85','Jason\'s','Entertainment','Y'),
('928','','4','Credit','Visa','2020-12-22','96.20','Sprouts','Christmas','Y'),
('949','','4','Credit','Citi','2020-12-17','60.00','Bosque Bakery','Entertainment','Y'),
('930','','4','Credit','Visa','2020-12-23','97.05','NM MVD','Combined','Y'),
('946','','4','Credit','Citi','2021-01-01','0.00','Bosque Bakery','Groceries','Y'),
('932','','4','Credit','Visa','2020-12-23','29.13','Moon\'s Coffee','Groceries','Y'),
('933','','4','Credit','Visa','2020-12-26','38.00','Presbyterian','Pres HMO','Y'),
('934','','4','Credit','Visa','2020-12-26','28.45','Stash Tea Online','Groceries','Y'),
('935','','4','Credit','Visa','2020-12-26','41.00','Amazon - Printer Ink','Combined','Y'),
('936','','4','Credit','Citi','2020-12-28','33.07','Smith\'s','Groceries','Y'),
('937','','4','Credit','Visa','2020-12-28','16.86','Jason\'s Deli','Entertainment','Y'),
('938','','4','Credit','Citi','2020-12-29','45.18','Sprouts','Groceries','Y'),
('939','','4','Credit','Citi','2020-12-29','61.12','Albertsons','Groceries','Y'),
('940','','4','Credit','Visa','2020-12-30','19.09','Murphy\'s','Auto Gas','Y'),
('941','','11','Credit','MC','2020-12-30','19.14','Murphy','Gas','Y'),
('942','','4','Credit','Visa','2020-12-30','27.45','Jasons Deli','Entertainment','Y'),
('943','','4','Check','check','2021-01-01','600.00','Karen - 1/2 Relief Paymt','Undistributed Funds','Y'),
('944','','4','Check','check','2021-01-01','1675.76','ARC Home','Mortgage','Y');
INSERT INTO Charges VALUES
('945','','4','Credit','Citi','2020-12-23','15.64','Flying Star','Entertainment','Y'),
('947','','4','Credit','Citi','2021-01-01','0.00','Keller\'s','Groceries','Y'),
('948','','4','Credit','Citi','2020-12-22','35.51','Keller\'s','Groceries','Y'),
('951','','4','Credit','Visa','2021-01-02','7.65','Jasons','Entertainment','Y'),
('952','','11','Credit','MC','2021-01-04','50.75','Sprouts','Vitamins','Y'),
('953','','4','Credit','Citi','2021-01-04','43.50','Albertsons','Groceries','Y'),
('954','','4','Credit','Citi','2021-01-04','53.82','Sprouts','Groceries','Y'),
('955','','4','Credit','Visa','2021-01-05','462.83','Cottonwood Smiles','Medical/Dental','Y'),
('956','','4','Credit','Citi','2021-01-05','43.71','CostCo','Groceries','Y'),
('957','','11','Credit','MC','2021-01-07','261.98','Corrales Vet','vet/cat','Y'),
('958','','4','Credit','Visa','2021-01-08','64.63','Verizon','Verizon','Y'),
('959','','4','Credit','Visa','2021-01-08','31.95','The Range','Entertainment','Y'),
('960','','4','Check','check','2021-01-08','63.17','PNM','Electric','Y'),
('961','','4','Check','check','2021-01-08','99.13','New Mexico Gas','Natural Gas','Y'),
('962','','4','Credit','Citi','2021-01-08','19.20','Sprouts','Groceries','Y'),
('963','','4','Credit','Citi','2021-01-08','52.96','Albertsons','Groceries','Y'),
('964','','4','Credit','Visa','2021-01-10','118.43','Lowe\'s','Home Misc','Y'),
('965','','4','Credit','Visa','2021-01-11','16.99','Jasons Deli','Entertainment','Y'),
('966','','4','Credit','Citi','2021-01-11','51.18','Sprouts','Groceries','Y'),
('967','','4','Credit','Citi','2021-01-11','48.73','Albertsons','Groceries','Y'),
('968','','11','Credit','MC','2021-01-12','16.30','Etsy','Undistributed Funds','Y'),
('969','','11','Credit','MC','2021-01-12','50.00','prevention','Misc','Y'),
('970','','11','Credit','MC','2021-01-12','18.25','PetCo','vet/cat','Y'),
('971','','4','Credit','Citi','2021-01-12','9.70','Albertsons','Groceries','Y'),
('972','','4','Credit','Citi','2021-01-12','44.09','Smiths','Groceries','Y'),
('973','','4','Credit','Visa','2021-01-12','40.96','Total Wine','Groceries','Y'),
('974','','4','Debit','Wells Fargo','2021-01-14','50.00','Cash ATM','Cash','Y'),
('975','','4','Credit','Visa','2021-01-14','31.40','5 Guys','Entertainment','Y'),
('976','','11','Credit','MC','2021-01-14','50.41','Coldwater Creek','Undistributed Funds','Y'),
('977','','4','Check','check','2021-01-15','500.00','Adidam Midwest','3C Annual Fee','Y'),
('978','','4','Check','check','2021-01-15','180.00','Adidam Midwest','Tithe','Y'),
('979','','4','Credit','Citi','2021-01-15','26.50','Sprouts','Groceries','Y'),
('980','','4','Credit','Citi','2021-01-15','19.43','Albertsons','Groceries','Y'),
('981','','4','Credit','Visa','2021-01-15','110.19','CitePayUSA','Auto Gas','Y'),
('982','','4','Debit','Wells Fargo','2021-01-18','159.64','Century Link','TV/Internet','Y'),
('983','','4','Credit','Citi','2021-01-18','45.75','Sprouts','Groceries','Y'),
('984','','4','Credit','Citi','2021-01-18','42.13','Albertsons','Groceries','Y'),
('985','','11','Credit','MC','2021-01-20','22.02','amazon - blue lotus','cash','Y'),
('986','','11','Credit','MC','2021-01-20','22.65','amazon - ankle brace','Undistributed Funds','Y'),
('987','','4','Credit','Visa','2021-01-21','194.18','HealthQuest','Chiro','Y'),
('988','','4','Credit','Visa','2021-01-21','31.95','The Range','Entertainment','Y'),
('989','','11','Credit','MC','2021-01-21','39.95','Gail Russell','Birthday','Y'),
('990','','4','Debit','Wells Fargo','2021-01-21','0.02','Adjustments - VISA errors','Undistributed Funds','Y'),
('991','','4','Credit','Citi','2021-01-22','48.95','Albertsons','Groceries','Y'),
('992','','4','Credit','Citi','2021-01-22','24.72','Sprouts','Groceries','Y'),
('993','','4','Credit','Visa','2021-01-22','21.21','Jasons Deli','Entertainment','Y'),
('994','','4','Credit','Visa','2021-01-22','300.00','HealthQuest: Cleans','Combined','Y'),
('995','','4','Credit','Visa','2021-01-23','21.07','Murphy Express','Auto Gas','Y'),
('996','','4','Credit','Visa','2021-01-23','32.28','Lowes','Home Misc','Y'),
('997','','4','Credit','Visa','2021-01-23','61.98','Total Wine','Wine','Y'),
('998','','11','Credit','MC','2021-01-24','27.95','turtle fur gaiter','Undistributed Funds','Y'),
('999','','4','Credit','Citi','2021-01-25','59.62','Sprouts','Groceries','Y'),
('1000','','4','Credit','Citi','2021-01-25','57.26','Albertsons','Groceries','Y'),
('1001','','4','Credit','Visa','2021-01-25','38.90','American Family Survival','Home Misc','Y'),
('1002','','11','Credit','MC','2021-01-25','43.02','Chewy','vet/cat','Y'),
('1003','','4','Credit','Visa','2021-01-26','19.80','Jaon\'s Deli','Entertainment','Y'),
('1004','','11','Credit','MC','2021-01-26','46.00','amazon clark','Undistributed Funds','Y'),
('1005','','11','Credit','Kohls','2021-01-26','25.22','Kohls','cash','Y'),
('1006','','4','Credit','Citi','2021-01-27','44.85','Smiths','Groceries','Y'),
('1007','','11','Check','check','2021-01-27','150.00','Ken - cleanse','Undistributed Funds','Y'),
('1008','','11','Credit','MC','2021-01-27','20.71','Murphy Express','Gas','Y'),
('1009','','4','Credit','Citi','2021-01-29','41.60','CostCo','Groceries','Y'),
('1010','','4','Credit','Citi','2021-01-29','16.01','Sprouts','Groceries','Y'),
('1011','','4','Credit','Citi','2021-01-29','67.07','Albertsons','Groceries','Y'),
('1012','','4','Credit','Citi','2021-02-01','56.03','Sprouts','Groceries','Y'),
('1013','','4','Credit','Citi','2021-02-01','53.84','Albertsons','Groceries','Y'),
('1014','','4','Credit','Visa','2021-02-01','126.14','McAfee','Combined','Y'),
('1015','','11','Credit','MC','2021-02-01','26.74','Tractor Supply','Bird','Y'),
('1016','','4','Credit','Citi','2021-02-02','62.15','TSC','Groceries','Y'),
('1017','','4','Credit','Visa','2021-02-03','177.77','TLC - Filter cartridges','Combined','Y'),
('1018','','11','Credit','MC','2021-02-03','46.37','Petco','vet/cat','Y'),
('1019','','4','Check','check','2021-02-03','40.00','DAV','Charities','Y'),
('1020','','4','Check','check','2021-02-03','1675.76','ARC Home','Mortgage','Y'),
('1021','','4','Check','check','2021-02-03','58.45','Roadrunner Waste','Combined','Y'),
('1022','','4','Check','check','2021-02-03','30.00','FRGNC','Combined','Y'),
('1023','','11','Credit','MC','2021-02-03','28.36','amazon charcoal/TReleaf','cash','Y'),
('1024','','4','Check','check','2021-02-04','90.07','NM Gas','Natural Gas','Y'),
('1025','','4','Check','check','2021-02-04','65.20','PNM','Electric','Y'),
('1026','','4','Debit','Wells Fargo','2021-02-04','0.02','Underpay for Albertsons 1/22','Undistributed Funds','Y'),
('1027','','11','Credit','MC','2021-02-05','56.70','amazon dresses','Misc','Y'),
('1028','','4','Credit','Citi','2021-02-05','27.15','Albertsons','Groceries','Y'),
('1029','','4','Credit','Citi','2021-02-05','62.20','Sprouts','Groceries','Y'),
('1030','','4','Credit','Visa','2021-02-07','64.92','Verizon','Verizon','Y'),
('1031','','11','Credit','MC','2021-02-08','43.14','Bed Bath','Undistributed Funds','Y'),
('1032','','4','Credit','Citi','2021-02-08','30.52','Sprouts','Groceries','Y'),
('1033','','4','Credit','Citi','2021-02-08','9.64','Albertsons','Groceries','Y'),
('1034','','4','Check','check','2021-02-08','40.00','Salvation Army','Charities','Y'),
('1035','','4','Credit','Visa','2021-02-08','13.80','Lowe\'s','Home Misc','Y'),
('1036','','4','Credit','Visa','2021-02-08','11.86','Walgreens','Vision','Y'),
('1037','','4','Credit','Visa','2021-02-08','20.36','Walmart','Home Misc','Y'),
('1038','','4','Credit','Visa','2021-02-08','20.32','Barnes & Noble','Christmas','Y'),
('1039','','4','Credit','Visa','2021-02-08','19.18','Murphy\'s','Auto Gas','Y'),
('1040','','4','Credit','Citi','2021-02-10','33.81','Albertsons','Groceries','Y'),
('1041','','4','Credit','Citi','2021-02-10','34.29','Sprouts','Groceries','Y'),
('1042','','4','Debit','Wells Fargo','2021-02-10','50.00','Cash - K Birthday','Gifts','Y'),
('1043','','4','Credit','Visa','2021-02-10','24.30','FedEx (intentional)','Auto Gas','Y'),
('1044','','4','Credit','Visa','2021-02-11','430.17','Balsam Fir','Christmas','Y'),
('1045','','4','Credit','Citi','2021-02-12','34.57','Albertsons','Groceries','Y'),
('1046','','4','Credit','Citi','2021-02-12','56.96','Sprouts','Groceries','Y'),
('1047','','11','Credit','MC','2021-02-13','10.77','petco','vet/cat','Y');
INSERT INTO Charges VALUES
('1048','','4','Credit','Visa','2021-02-13','6923.54','Eclipse Warer Well Svcs','Undistributed Funds','Y'),
('1049','','11','Credit','MC','2021-02-13','21.01','Amazon (cafton)','cash','Y'),
('1050','','4','Credit','Citi','2021-02-15','45.44','Albertsons','Groceries','Y'),
('1051','','4','Credit','Citi','2021-02-15','55.61','Sprouts','Groceries','Y'),
('1052','','4','Debit','Wells Fargo','2021-02-16','159.64','Century Link','TV/Internet','Y'),
('1053','','4','Credit','Visa','2021-02-16','66.55','Duluth','Clothing','Y'),
('1054','','11','Credit','MC','2021-02-16','52.54','Chadwicks - jeans','cash','Y'),
('1055','','4','Check','check','2021-02-16','2895.03','Genworth Life','Genworth LTC Policy','Y'),
('1056','','4','Credit','Visa','2021-02-16','30.90','Hallmark [1/14/2021]','Gifts','Y'),
('1057','','11','Credit','MC','2021-02-18','43.25','Hedley/bennet face mask','Undistributed Funds','Y'),
('1058','','4','Credit','Visa','2021-02-18','5.00','Presbyterian Family','Medical/Dental','Y'),
('1059','','4','Credit','Citi','2021-02-19','103.86','Albertsons','Groceries','Y'),
('1060','','4','Credit','Citi','2021-02-19','27.45','Sprouts','Groceries','Y'),
('1061','','11','Credit','MC','2021-02-20','112.24','cottonwood smiles','Dentist ','Y'),
('1062','','11','Credit','MC','2021-02-20','377.58','cottonwood smiles','Dentist ','Y'),
('1063','','11','Check','check','2021-02-20','55.00','just for looks','hair','Y'),
('1064','','4','Credit','Visa','2021-02-20','194.18','HealthQuest','Chiro','Y'),
('1065','','4','Credit','Citi','2021-02-20','4.41','Albertsons','Groceries','Y'),
('1066','','4','Credit','Citi','2021-02-20','62.15','TSC','Home Misc','Y'),
('1067','','11','Credit','MC','2021-02-20','48.00','Native Dead','Undistributed Funds','Y'),
('1068','','4','Credit','Citi','2021-02-22','74.40','Albertsons','Groceries','Y'),
('1069','','4','Credit','Visa','2021-02-22','18.00','Classmates','Combined','Y'),
('1070','','4','Credit','Visa','2021-02-22','3.47','Staples','2020 Taxes','Y'),
('1071','','4','Credit','Visa','2021-02-22','10.78','Staples','2020 Taxes','Y'),
('1072','','11','Check','check','2021-02-22','200.00','Ken - Christmas tree','Undistributed Funds','Y'),
('1073','','4','Debit','Wells Fargo','2021-02-23','40.00','Handy Cash - ATM','Cash','Y'),
('1074','','11','Credit','MC','2021-02-23','49.79','Tractor Supply','Bird','Y'),
('1075','','4','Check','check','2021-02-23','180.00','Adidam Midwest','Tithe','Y'),
('1076','','4','Credit','Visa','2021-02-24','19.99','Home Advisor','Home Misc','Y'),
('1077','','4','Credit','Visa','2021-02-26','29.13','Moon\'s Coffe','Groceries','Y'),
('1078','','4','Credit','Visa','2021-02-26','25.28','Jasons Deli','Entertainment','Y'),
('1079','','11','Credit','MC','2021-02-26','13.88','Albertsons Pepcid','cash','Y'),
('1080','','4','Debit','Wells Fargo','2021-02-27','40.00','Cash','Cash','Y'),
('1081','','4','Check','check','2021-02-27','1675.76','ARC Home','Mortgage','Y'),
('1082','','4','Credit','Citi','2021-02-27','27.89','Albertsons','Groceries','Y'),
('1083','','4','Credit','Citi','2021-02-27','37.85','Sprouts','Groceries','Y'),
('1084','','11','Credit','MC','2021-02-27','25.12','Murphys','Gas','Y'),
('1085','','4','Check','Check or Draft','2021-02-27','329.92','Lobo Lawn & Plumbing','Home Misc','Y'),
('1086','','4','Check','Check or Draft','2021-02-27','0.00','Lobo Lawn & Plumbing','Home Misc','Y'),
('1087','','4','Check','Check or Draft','2021-02-27','601.00','Avery B Klein & Co','2020 Taxes','Y'),
('1088','','4','Check','Check or Draft','2021-02-27','0.00','Avery B Klein & Co','2020 Taxes','Y'),
('1089','','4','Debit','Wells Fargo','2021-02-27','0.00','Test','Cash','Y'),
('1090','','4','Debit','Wells Fargo','2021-02-27','0.00','Self','Cash','Y'),
('1091','','4','Credit','Visa','2021-03-01','28.88','Murphy\'s','Auto Gas','Y'),
('1092','','4','Credit','Visa','2021-03-01','0.00','Murphy\'s','Auto Gas','Y'),
('1093','','11','Credit','MC','2021-03-01','87.20','Coldwater','Undistributed Funds','Y'),
('1094','','4','Credit','Citi','2021-03-02','27.97','Albertons','Groceries','Y'),
('1095','','4','Credit','Citi','2021-03-02','45.50','Sprouts','Groceries','Y'),
('1096','','4','Credit','Visa','2021-03-02','69.02','TLC - filters','Home Misc','Y'),
('1097','','4','Credit','Visa','2021-03-03','85.22','Walmart','Undistributed Funds','Y'),
('1098','','4','Credit','Citi','2021-03-03','28.67','Missed 2/3: Sprouts','Groceries','Y'),
('1099','','4','Credit','Citi','2021-03-03','62.72','CostCo','Groceries','Y'),
('1100','','4','Credit','Visa','2021-03-04','74.24','Amazon - Parts Cabinets','Undistributed Funds','Y'),
('1101','','4','Credit','Citi','2021-03-04','45.05','Petco','Groceries','Y'),
('1102','','4','Credit','Visa','2021-03-04','20.31','Jason\'s','Entertainment','Y'),
('1103','','4','Credit','Citi','2021-03-05','23.67','Albertsons','Groceries','Y'),
('1104','','4','Credit','Citi','2021-03-05','36.66','Sprouts','Groceries','Y'),
('1105','','4','Check','Check or Draft','2021-03-05','88.14','New Mexico Gas','Natural Gas','Y'),
('1106','','4','Check','Check or Draft','2021-03-05','51.93','PNM','Electric','Y'),
('1107','','4','Credit','Visa','2021-03-07','64.92','Verizon','Verizon','Y'),
('1108','','4','Credit','Citi','2021-03-07','8.39','Albertsons','Groceries','Y'),
('1109','','4','Credit','Citi','2021-03-08','55.94','Albertsobns','Groceries','Y'),
('1110','','4','Credit','Citi','2021-03-08','24.62','Sprouts','Groceries','Y'),
('1111','','11','Credit','MC','2021-03-09','29.01','Amazon ricola','cash','Y'),
('1112','','4','Credit','Citi','2021-03-09','5.88','Albertsons','Groceries','Y'),
('1113','','4','Credit','Citi','2021-03-09','9.93','Sprouts','Groceries','Y'),
('1114','','4','Credit','Visa','2021-03-09','72.83','Amazon - Glycol','Health Items','Y'),
('1115','','11','Credit','MC','2021-03-10','125.10','L L Bean (paypal)','Dentist','Y'),
('1116','','4','Credit','Visa','2021-03-10','29.14','Murphys','Auto Gas','Y'),
('1117','','4','Credit','Visa','2021-03-10','63.62','Total Wine','Groceries','Y'),
('1118','','4','Credit','Visa','2021-03-10','27.44','Lowe\'s','Home Misc','Y'),
('1119','','11','Credit','MC','2021-03-11','300.00','Pres - CT scan','Dentist','Y'),
('1120','','11','Credit','MC','2021-03-11','0.00','test','Dentist','Y'),
('1121','','11','Credit','MC','2021-03-11','0.00','nnn','Dentist','Y'),
('1122','','4','Credit','Citi','2021-03-12','25.09','Albertsons','Groceries','Y'),
('1123','','4','Credit','Citi','2021-03-12','46.49','Sprouts','Groceries','Y'),
('1124','','4','Credit','Visa','2021-03-12','25.89','Flying Star','Entertainment','Y'),
('1125','','4','Credit','Citi','2021-03-12','33.87','Smiths','Groceries','Y'),
('1126','','4','Credit','Visa','2021-03-13','22.00','Sprouts - Pie Day','Groceries','Y'),
('1127','','4','Credit','Citi','2021-03-15','62.91','Albertsons','Groceries','Y'),
('1128','','4','Credit','Citi','2021-03-15','52.61','Sprouts','Groceries','Y'),
('1129','','4','Debit','Wells Fargo','2021-03-17','165.10','Century Link','TV/Internet','Y'),
('1130','','4','Credit','Visa','2021-03-17','47.44','Total Wine','Groceries','Y'),
('1131','','4','Credit','Visa','2021-03-18','20.31','Jason\'s','Entertainment','Y'),
('1132','','4','Credit','Citi','2021-03-19','45.92','Albertsons','Groceries','Y'),
('1133','','4','Credit','Citi','2021-03-19','57.72','Sprouts','Groceries','Y'),
('1134','','4','Credit','Visa','2021-03-20','194.18','HealthQuest','Chiro','Y'),
('1135','','4','Credit','Visa','2021-03-20','93.76','Plant World (Red Bud)','Home Misc','Y'),
('1136','','11','Credit','MC','2021-03-21','72.95','pp solbari','Undistributed Funds','Y'),
('1137','','11','Credit','MC','2021-03-21','139.94','duncraft pp','Undistributed Funds','Y'),
('1138','','11','Credit','MC','2021-03-22','27.26','murphy express','Gas','Y'),
('1139','','4','Credit','Citi','2021-03-22','60.60','Albertsons','Groceries','Y'),
('1140','','4','Credit','Citi','2021-03-22','28.16','Sprouts','Groceries','Y'),
('1141','','4','Credit','Visa','2021-03-23','26.07','Range Cafe','Entertainment','Y'),
('1142','','4','Credit','Citi','2021-03-23','18.54','CoctCo','Groceries','Y'),
('1143','','11','Credit','MC','2021-03-24','45.26','old navy','Misc','Y'),
('1144','','4','Credit','Visa','2021-03-24','25.89','Flying Star','Entertainment','Y'),
('1145','','4','Credit','Visa','2021-03-25','29.13','Moon\'s Coffee','Groceries','Y'),
('1146','','4','Check','Check or Draft','2021-03-25','180.00','Adidam Midwest','Tithe','Y'),
('1147','','11','Credit','MC','2021-03-25','19.26','Petco','vet/cat','Y');
INSERT INTO Charges VALUES
('1148','','11','Credit','MC','2021-03-25','15.08','savers','cash','Y'),
('1149','','4','Credit','Citi','2021-03-26','39.87','Albertsons','Groceries','Y'),
('1150','','4','Credit','Citi','2021-03-26','73.58','Sprouts','Groceries','Y'),
('1151','','4','Credit','Citi','2021-03-29','86.66','Albertsons','Groceries','Y'),
('1152','','4','Credit','Citi','2021-03-29','38.64','Sprouts','Groceries','Y'),
('1153','','11','Credit','MC','2021-03-29','50.00','Presbyterian ','Savings','Y'),
('1154','','4','Credit','Visa','2021-03-29','50.00','Epiphany Dermatology','Medical/Dental','Y'),
('1155','','11','Credit','MC','2021-03-30','42.86','amazon - night shirt','Travel','Y'),
('1156','','11','Credit','MC','2021-03-30','28.32','Duluth - sleeves','Misc','Y'),
('1157','','11','Credit','MC','2021-03-31','14.99','boron - kc homeopathic','cash','Y'),
('1158','','4','Check','Check or Draft','2021-03-31','40.00','ASPCA','Charities','Y'),
('1159','','4','Credit','Citi','2021-03-31','35.56','Smiths','Groceries','Y'),
('1160','','4','Credit','Visa','2021-04-01','192.95','King Brand','Undistributed Funds','Y'),
('1161','','4','Credit','Visa','2021-04-01','31.28','Flying Star','Entertainment','Y'),
('1162','','4','Credit','Visa','2021-04-01','11.85','Village Mercantile','Home Misc','Y'),
('1163','','4','Credit','Visa','2021-04-02','11.96','Jason\'s Deli','Entertainment','Y'),
('1164','','4','Credit','Citi','2021-04-02','35.68','Albertsons','Groceries','Y'),
('1165','','4','Credit','Citi','2021-04-02','59.95','Sprouts','Groceries','Y'),
('1166','','4','Check','Check or Draft','2021-04-03','1675.76','ARC Home LLC','Mortgage','Y'),
('1167','','4','Check','Check or Draft','2021-04-04','50.98','PNM','Electric','Y'),
('1168','','4','Credit','Citi','2021-04-05','71.01','Albertsons','Groceries','Y'),
('1169','','4','Credit','Citi','2021-04-05','21.51','Sprouts','Groceries','Y'),
('1170','','4','Debit','Wells Fargo','2021-04-05','40.00','cash','Cash','Y'),
('1171','','4','Credit','Visa','2021-04-06','35.75','The Range','Entertainment','Y'),
('1172','','4','Check','Check or Draft','2021-04-06','65.63','New Mexico Gas','Natural Gas','Y'),
('1173','','4','Credit','Visa','2021-04-07','22.59','Lowes - Salt','Combined','Y'),
('1174','','4','Credit','Visa','2021-04-07','26.39','Murphy\'s','Auto Gas','Y'),
('1175','','4','Credit','Visa','2021-04-08','64.92','Verizon','Verizon','Y'),
('1176','','4','Credit','Visa','2021-04-08','157.69','Plant World','Home Misc','Y'),
('1177','','4','Credit','Visa','2021-04-08','20.31','Jasons','Entertainment','Y'),
('1178','','4','Credit','Visa','2021-04-09','138.01','Amazon - Leaf Vacuum','Home Misc','Y'),
('1179','','4','Credit','Citi','2021-04-09','28.36','Sprouts','Groceries','Y'),
('1180','','4','Credit','Citi','2021-04-09','76.19','Albertsons','Groceries','Y'),
('1181','','11','Credit','MC','2021-04-10','26.27','amazon sheets','cash','Y'),
('1182','','4','Credit','Citi','2021-04-12','38.79','Albertsons','Groceries','Y'),
('1183','','4','Credit','Citi','2021-04-12','40.08','Sprouts','Groceries','Y'),
('1184','','11','Credit','MC','2021-04-12','28.15','murphy','Gas','Y'),
('1185','','11','Credit','Kohls','2021-04-12','58.89','Kohls','Savings','Y'),
('1186','','11','Credit','MC','2021-04-12','3.99','Albertsons','cash','Y'),
('1187','','11','Credit','MC','2021-04-13','44.07','Chewy','vet/cat','Y'),
('1188','','11','Credit','MC','2021-04-13','47.86','CVS','Savings','Y'),
('1189','','4','Credit','Citi','2021-04-13','43.18','Smiths','Groceries','Y'),
('1190','','4','Check','Check or Draft','2021-04-13','180.00','Adidam Midwest','Tithe','Y'),
('1191','','4','Credit','Visa','2021-04-14','33.88','Toltec','Entertainment','Y'),
('1192','','4','Credit','Visa','2021-04-14','70.72','TSC - Birdseed','Home Misc','Y'),
('1193','','11','Credit','MC','2021-04-14','51.92','tractor supply bird','Misc','Y'),
('1194','','4','Debit','Wells Fargo','2021-04-16','165.10','Century Link','TV/Internet','Y'),
('1195','','4','Credit','Visa','2021-04-16','21.46','Jasons Deli','Entertainment','Y'),
('1196','','4','Credit','Citi','2021-04-16','80.71','Albertsons','Groceries','Y'),
('1197','','4','Credit','Citi','2021-04-16','45.27','Sprouts','Groceries','Y'),
('1198','','4','Credit','Visa','2021-04-16','93.21','Total Wine','Wine','Y'),
('1199','','4','Credit','Visa','2021-04-16','50.00','Orthopoedics copay','Medical/Dental','Y'),
('1200','','4','Credit','Visa','2021-04-19','0.42','Incorrect entry for 03/13','Entertainment','Y'),
('1201','','4','Credit','Visa','2021-04-19','31.54','Consumer Reports','Combined','Y'),
('1202','','4','Credit','Visa','2021-04-19','28.45','Stash Tea','Groceries','Y'),
('1203','','4','Credit','Visa','2021-04-19','21.01','Amazon','Home Misc','Y'),
('1204','','4','Credit','Visa','2021-04-19','2.22','Tax omitted: Jasons','Entertainment','Y'),
('1205','','4','Credit','Citi','2021-04-19','29.98','Albertsons','Groceries','Y'),
('1206','','4','Credit','Citi','2021-04-19','33.94','Sprouts','Groceries','Y'),
('1207','','11','Credit','MC','2021-04-20','43.98','natures guru chai','cash','Y'),
('1208','','11','Credit','MC','2021-04-20','28.37','amazon - ricola','Misc','Y'),
('1209','','4','Credit','Visa','2021-04-21','194.18','HealthQuest','Chiro','Y'),
('1210','','4','Credit','Visa','2021-04-21','28.71','The Range Cafe','Entertainment','Y'),
('1211','','4','Check','Check or Draft','2021-04-22','297.56','Terminix','Combined','Y'),
('1212','','11','Credit','MC','2021-04-22','32.34','Bed Bath Beyond','Savings','Y'),
('1213','','4','Credit','Citi','2021-04-22','48.76','Costco','Groceries','Y'),
('1214','','4','Credit','Visa','2021-04-22','40.97','Massage Warehouse','Health Items','Y'),
('1215','','4','Credit','Visa','2021-04-22','43.69','Moon\'s Coffee','Groceries','Y'),
('1216','','11','Credit','MC','2021-04-22','18.00','iTunes ','Savings','Y'),
('1217','','4','Credit','Visa','2021-04-23','20.55','Jason\'s Deli','Entertainment','Y'),
('1218','','4','Credit','Citi','2021-04-23','83.83','Albertsons','Groceries','Y'),
('1219','','4','Credit','Citi','2021-04-23','49.07','Sprouts','Groceries','Y'),
('1220','','4','Credit','Visa','2021-04-23','32.31','Target','Home Misc','Y'),
('1221','','11','Credit','MC','2021-04-23','100.00','Norwex','Savings','Y'),
('1222','','11','Credit','MC','2021-04-23','28.38','CVS','Savings','Y'),
('1223','','11','Credit','MC','2021-04-24','16.55','CVS with refund','Savings','Y'),
('1224','','4','Credit','Visa','2021-04-25','39.87','Walgreens','Health Items','Y'),
('1225','','11','Credit','MC','2021-04-26','125.10','amazon prime','Amazon Prime','Y'),
('1226','','4','Credit','Citi','2021-04-26','48.66','Albertsons','Groceries','Y'),
('1227','','4','Credit','Citi','2021-04-26','43.89','Sprouts','Groceries','Y'),
('1228','','4','Credit','Visa','2021-04-27','22.59','Jason\'s Deli','Entertainment','Y'),
('1229','','4','Credit','Citi','2021-04-29','22.57','Albertsons','Groceries','Y'),
('1230','','4','Credit','Visa','2021-04-30','26.97','Flying Star','Entertainment','Y'),
('1231','','4','Credit','Citi','2021-04-30','75.73','Albertsons','Groceries','Y'),
('1232','','4','Credit','Citi','2021-04-30','33.18','Sprouts','Groceries','Y'),
('1233','','4','Check','Check or Draft','2021-04-30','100.00','Estella Dominguez','Home Misc','Y'),
('1234','','4','Debit','Wells Fargo','2021-04-30','39.38','Somehow double dep on Jury duty','Undistributed Funds','Y'),
('1235','','4','Check','Check or Draft','2021-05-01','1675.76','ARC Home','Mortgage','Y'),
('1236','','4','Check','Check or Draft','2021-05-01','141.00','AAA Dues','Combined','Y'),
('1237','','11','Credit','MC','2021-05-01','28.75','Murphy ','Gas','Y'),
('1238','','11','Credit','MC','2021-05-01','9.44','Smiths (with rebate)','cash','Y'),
('1239','','11','Credit','MC','2021-05-01','37.75','Best Buy - phone','Savings','Y'),
('1240','','4','Credit','Visa','2021-05-01','12.15','Lowe\'s','Home Misc','Y'),
('1241','','4','Credit','Citi','2021-05-01','51.66','Smiths','Groceries','Y'),
('1242','','11','Credit','MC','2021-05-02','14.00','Netflix','Class','Y'),
('1243','','11','Credit','Kohls','2021-05-02','11.42','Kohls','Savings','Y'),
('1244','','4','Credit','Citi','2021-05-02','10.52','Albertsons','Groceries','Y'),
('1245','','4','Credit','Visa','2021-05-03','27.56','Murphys','Auto Gas','Y'),
('1246','','4','Credit','Visa','2021-05-03','15.94','5 Guys','Entertainment','Y'),
('1247','','4','Check','Check or Draft','2021-05-05','58.45','Roadrunner Waste','Combined','Y');
INSERT INTO Charges VALUES
('1248','','4','Check','Check or Draft','2021-05-05','46.63','PNM','Electric','Y'),
('1249','','4','Credit','Citi','2021-05-05','0.30','Under-reported','Groceries','Y'),
('1250','','4','Credit','Visa','2021-05-06','80.01','Walgreens','Medical/Dental','Y'),
('1251','','4','Check','Check or Draft','2021-05-06','37.31','NM Gas Co','Natural Gas','Y'),
('1252','','4','Credit','Visa','2021-05-08','64.95','Verizon','Verizon','Y'),
('1253','','4','Credit','Citi','2021-05-08','75.64','Albertsons','Groceries','Y'),
('1254','','4','Credit','Visa','2021-05-09','23.87','Jason\'s Deli','Entertainment','Y'),
('1255','','4','Credit','Visa','2021-05-10','34.51','Bed Bath & Beyond','Health Items','Y'),
('1256','','4','Credit','Visa','2021-05-10','18.44','Auto Zone','Auto Maintenance','Y'),
('1257','','4','Credit','Visa','2021-05-10','39.35','Total Wine','Wine','Y'),
('1258','','4','Credit','Visa','2021-05-10','13.96','Albertsons','Groceries','Y'),
('1259','','11','Credit','MC','2021-05-11','51.45','Skechers','cash','Y'),
('1260','','11','Credit','MC','2021-05-11','41.42','Walgreens','Savings','Y'),
('1261','','11','Credit','MC','2021-05-11','21.56','target','cash','Y'),
('1262','','4','Credit','Visa','2021-05-12','50.42','Albertsons','Groceries','Y'),
('1263','','4','Credit','Visa','2021-05-12','32.75','Murphys','Auto Gas','Y'),
('1264','','4','Credit','Visa','2021-05-13','53.46','Duluth','Clothing','Y'),
('1265','','4','Credit','Visa','2021-05-14','30.93','Village Pizza','Entertainment','Y'),
('1266','','4','Credit','Citi','2021-05-14','71.52','Albertsons','Groceries','Y'),
('1267','','11','Credit','MC','2021-05-14','14.06','amazon','cash','Y'),
('1268','','11','Credit','MC','2021-05-14','28.62','Duluth','Savings','Y'),
('1269','','11','Credit','MC','2021-05-14','32.31','Discover Balloons','Savings','Y'),
('1270','','4','Debit','Wells Fargo','2021-05-16','165.10','Century Link','TV/Internet','Y'),
('1271','','4','Credit','Visa','2021-05-16','27.14','Hannah & Nate\'s','Entertainment','Y'),
('1272','','4','Credit','Visa','2021-05-16','91.51','Alameda Greenhouse','Home Misc','Y'),
('1273','','4','Credit','Visa','2021-05-16','15.00','Alameda Greenhouse','Home Misc','Y'),
('1274','','4','Credit','Citi','2021-05-17','55.98','Albertsons','Groceries','Y'),
('1275','','4','Credit','Citi','2021-05-17','28.19','Sprouts','Groceries','Y'),
('1276','','4','Credit','Visa','2021-05-17','18.00','Classmates.com','Combined','Y'),
('1277','','4','Credit','Visa','2021-05-17','48.50','Amazon - Bissell mops','Home Misc','Y'),
('1278','','4','Credit','Visa','2021-05-17','325.00','Copay - Pres/Surgery','Medical/Dental','Y'),
('1279','','4','Credit','Visa','2021-05-17','59.84','CVS - knee brace...','Health Items','Y'),
('1280','','11','Credit','MC','2021-05-17','38.89','port shirt amazon','Savings','Y'),
('1281','','11','Credit','MC','2021-05-17','16.43','amazon SB pad','Savings','Y'),
('1282','','11','Credit','MC','2021-05-18','12.93','iTunes','Savings','Y'),
('1283','','11','Credit','MC','2021-05-18','12.93','iTunes','Savings','Y'),
('1284','','4','Debit','Wells Fargo','2021-05-18','80.00','Cash/ATM','Cash','Y'),
('1285','','4','Credit','Visa','2021-05-18','18.43','Walmart - Plants','Home Misc','Y'),
('1286','','4','Credit','Visa','2021-05-18','81.73','Lowe\'s - Plants','Home Misc','Y'),
('1290','','4','Credit','Visa','2021-05-20','198.14','HealthQuest','Chiro','Y'),
('1288','','4','Debit','Wells Fargo','2021-05-20','0.00','Cash ATM','Cash','Y'),
('1291','','4','Credit','Visa','2021-05-20','20.87','Jasons Deli','Entertainment','Y'),
('1292','','4','Credit','Citi','2021-05-22','78.61','Albertsons','Groceries','Y'),
('1293','','4','Credit','Citi','2021-05-22','79.73','Sprouts','Groceries','Y'),
('1294','','4','Credit','Visa','2021-05-22','70.23','TSC','Home Misc','Y'),
('1295','','4','Credit','Visa','2021-05-22','32.82','Murphys','Auto Gas','Y'),
('1296','','11','Credit','MC','2021-05-22','43.08','amazon','Savings','Y'),
('1297','','4','Credit','Visa','2021-05-23','80.90','Duncraft - bird feeder','Home Misc','Y'),
('1298','','4','Credit','Visa','2021-05-23','62.00','Amazon: shears; tablecloth','Home Misc','Y'),
('1299','','4','Credit','Citi','2021-05-24','66.61','Albertsons','Groceries','Y'),
('1300','','4','Credit','Visa','2021-05-27','11.88','Jasons Deli','Entertainment','Y'),
('1301','','4','Credit','Visa','2021-05-27','51.05','Plant World','Home Misc','Y'),
('1302','','4','Credit','Citi','2021-05-27','116.31','CostCo','Groceries','Y'),
('1303','','11','Credit','MC','2021-05-27','57.03','Chewy','vet/cat','Y'),
('1304','','11','Credit','MC','2021-05-28','63.47','rio grande','Undistributed Funds','Y'),
('1305','','11','Credit','MC','2021-05-28','30.17','covered wagon pot holder','Undistributed Funds','Y'),
('1306','','4','Credit','Citi','2021-05-29','107.17','Albertsons','Groceries','Y'),
('1307','','4','Credit','Citi','2021-05-29','26.91','Sprouts','Groceries','Y'),
('1308','','4','Credit','Visa','2021-05-29','32.89','The Range Cafe','Entertainment','Y'),
('1309','','4','Check','Check or Draft','2021-05-30','20.00','Reverse Test','Undistributed Funds','Y'),
('1310','','11','Credit','MC','2021-05-30','53.94','Yang Yang WaQi','Medical','Y'),
('1311','','11','Credit','MC','2021-05-30','35.00','PP Mark Kelly','Misc','Y'),
('1312','','4','Check','Check or Draft','2021-06-01','50.00','Carter Graduation','Gifts','Y'),
('1313','','4','Credit','Visa','2021-06-01','300.00','Rust Presbyterian','Medical/Dental','Y'),
('1314','','4','Credit','Visa','2021-06-01','144.70','Total Wine','Wine','Y'),
('1315','','4','Credit','Visa','2021-06-01','21.44','Jason\'s Deli','Entertainment','Y'),
('1316','','4','Credit','Visa','2021-06-01','55.90','Amazon - 409 Cleaner','Home Misc','Y'),
('1483',NULL,'4','Credit','Visa','2021-08-18','34.64','Murphy  - 7/19','Entertainment','Y'),
('1318','','11','Credit','MC','2021-06-02','47.32','CVS Rx from Dr. V','Medical','Y'),
('1319','','4','Credit','Citi','2021-06-02','105.65','Smiths','Groceries','Y'),
('1320','','11','Credit','MC','2021-06-03','74.77','Walmart','Medical','Y'),
('1321','','11','Credit','MC','2021-06-03','50.00','Pres - Dr V visit','Medical','Y'),
('1322','','4','Credit','Visa','2021-06-04','28.23','Murphys','Auto Gas','Y'),
('1323','','4','Credit','Visa','2021-06-04','30.10','Hannah & Nate\'s','Entertainment','Y'),
('1324','','4','Check','Check or Draft','2021-06-04','0.00','Hugh Wood Insurance','Combined','Y'),
('1325','','4','Check','Check or Draft','2021-06-04','1675.76','ARC HOME','Mortgage','Y'),
('1326','','4','Credit','Citi','2021-06-04','55.07','Albertsons','Groceries','Y'),
('1327','','4','Credit','Citi','2021-06-04','40.57','Sprouts','Groceries','Y'),
('1328','','11','Credit','Kohls','2021-06-04','31.01','Kohls','Medical','Y'),
('1329','','11','Credit','MC','2021-06-04','21.56','Village Mercantile','Bird','Y'),
('1330','','4','Credit','Visa','2021-06-06','48.88','Harry\'s Roadhouse','Entertainment','Y'),
('1331','','4','Credit','Visa','2021-06-06','70.72','TSC','Home Misc','Y'),
('1332','','4','Check','Check or Draft','2021-06-06','53.39','PNM','Electric','Y'),
('1333','','4','Check','Check or Draft','2021-06-06','17.34','NM Gas','Natural Gas','Y'),
('1334','','4','Credit','Citi','2021-06-06','5.89','Omitted CostCoTax 5/27','Groceries','Y'),
('1335','','4','Credit','Visa','2021-06-08','64.94','Verizon','Verizon','Y'),
('1336','','4','Credit','Visa','2021-06-08','79.29','The Range Cafe','Entertainment','Y'),
('1337','','4','Credit','Visa','2021-06-08','30.75','Murphys - no recpt','Auto Gas','Y'),
('1338','','4','Credit','Citi','2021-06-08','68.58','Albertsons','Groceries','Y'),
('1339','','11','Credit','MC','2021-06-09','41.83','Etsy - Marcie','Birthday','Y'),
('1340','','11','Credit','MC','2021-06-09','10.00','iTunes - Belleruth','Class','Y'),
('1341','','11','Credit','MC','2021-06-09','28.79','Murphys','Gas','Y'),
('1342','','11','Credit','MC','2021-06-09','37.94','Savers','Class','Y'),
('1343','','11','Credit','MC','2021-06-09','93.37','Kohl\'s','Class','Y'),
('1344','','4','Credit','Visa','2021-06-11','300.00','Presbyterian','Medical/Dental','Y'),
('1345','','4','Credit','Visa','2021-06-11','49.95','Santa Fe Lavender','Health Items','Y'),
('1346','','4','Credit','Visa','2021-06-11','68.09','Clafouti\'s','Entertainment','Y'),
('1347','','4','Credit','Visa','2021-06-11','43.95','Bandelier NMonument','Entertainment','Y'),
('1348','','4','Check','Check or Draft','2021-06-11','360.00','Adidam Midwest','Tithe','Y'),
('1349','','4','Credit','Visa','2021-06-11','119.80','Canon (Ink)','Home Misc','Y');
INSERT INTO Charges VALUES
('1350','','4','Credit','Visa','2021-06-12','31.28','Moon\'s Coffe','Groceries','Y'),
('1351','','4','Credit','Visa','2021-06-12','14.72','Lowe\'s','Home Misc','Y'),
('1352','','4','Credit','Visa','2021-06-12','31.62','Murphy\'s','Auto Gas','Y'),
('1353','','4','Credit','Visa','2021-06-13','44.14','IPCC Cafe','Entertainment','Y'),
('1354','','4','Credit','Visa','2021-06-13','14.00','IPCC Admission','Entertainment','Y'),
('1355','','4','Credit','Citi','2021-06-13','14.89','Sprouts','Groceries','Y'),
('1356','','4','Credit','Visa','2021-06-14','50.00','PNG Unser Cancer Copay','Medical/Dental','Y'),
('1357','','4','Credit','Visa','2021-06-14','159.00','CVS - Cancer meds','Medical/Dental','Y'),
('1358','','4','Credit','Citi','2021-06-14','137.31','Albertsons','Groceries','Y'),
('1359','','4','Credit','Visa','2021-06-14','35.75','The Range Cafe','Entertainment','Y'),
('1360','','4','Credit','Visa','2021-06-15','19.72','Albertsons','Groceries','Y'),
('1361','','4','Debit','Wells Fargo','2021-06-16','165.10','Century Link','TV/Internet','Y'),
('1362','','4','Credit','Visa','2021-06-17','20.31','Jasons Deli','Entertainment','Y'),
('1363','','11','Credit','MC','2021-06-17','74.77','Amazon gloves/towel','cash','Y'),
('1364','','4','Credit','Visa','2021-06-17','21.56','Best Buy - tripod attachmnt','Home Misc','Y'),
('1365','','4','Credit','Visa','2021-06-17','34.50','Wlagreens','Medical/Dental','Y'),
('1366','','4','Credit','Visa','2021-06-17','0.08','Mis-entered Alameda Greenhouse','Home Misc','Y'),
('1367','','4','Credit','Visa','2021-06-17','325.00','5/19 Copy Presbyterian','Medical/Dental','Y'),
('1368','','4','Credit','Visa','2021-06-17','32.33','ID Plant App','Computer','Y'),
('1369','','4','Credit','Visa','2021-06-17','21.04','Flying Star','Entertainment','Y'),
('1370','','4','Credit','Visa','2021-06-17','6.94','Amazon ??','Home Misc','Y'),
('1371','','4','Credit','Visa','2021-06-18','52.55','Amazon - Wahl Clippers','Home Misc','Y'),
('1372','','4','Credit','Visa','2021-06-20','194.18','HalthQuest','Chiro','Y'),
('1373','','4','Credit','Visa','2021-06-20','85.25','Albertsons','Groceries','Y'),
('1374','','4','Credit','Visa','2021-06-20','21.43','Sprouts','Groceries','Y'),
('1375','','4','Credit','Visa','2021-06-20','20.00','Presbyterian Copay','Medical/Dental','Y'),
('1376','','4','Credit','Visa','2021-06-20','31.28','Murphy\'s','Auto Gas','Y'),
('1377','','4','Credit','Visa','2021-06-20','645.51','Geico','Auto Insurance','Y'),
('1378','','11','Credit','MC','2021-06-20','44.85','arizona tubes','Birthday','Y'),
('1379','','11','Credit','MC','2021-06-21','47.92','Natures Guru','cash','Y'),
('1380','','4','Credit','Visa','2021-06-22','21.82','Jasons Deli','Entertainment','Y'),
('1381','','4','Credit','Visa','2021-06-23','6.92','CVS','Medical/Dental','Y'),
('1382','','4','Credit','Citi','2021-06-23','8.17','Whole Foods','Groceries','Y'),
('1383','','4','Credit','Visa','2021-06-23','16.73','Walmart','Auto Maintenance','Y'),
('1384','','4','Credit','Visa','2021-06-25','85.10','Albertsons','Groceries','Y'),
('1385','','4','Credit','Visa','2021-06-25','30.33','Sprouts','Groceries','Y'),
('1386','','4','Check','Check or Draft','2021-06-25','120.00','Cash','Cash','Y'),
('1387','','4','Credit','Citi','2021-06-26','25.72','Amazon - Stadium Mustard','Groceries','Y'),
('1388','','4','Credit','Citi','2021-06-28','73.79','Albertsons','Groceries','Y'),
('1389','','4','Credit','Citi','2021-06-28','31.24','Sprouts','Groceries','Y'),
('1390','','4','Credit','Citi','2021-06-28','101.34','CostCo','Groceries','Y'),
('1391','','11','Check','Check or Draft','2021-06-28','64.20','Ken - Costco','cash','Y'),
('1392','','4','Credit','Citi','2021-06-28','64.20','CostCo - Karen','Medical/Dental','Y'),
('1393','','4','Credit','Visa','2021-06-29','50.00','Pres - Copay','Medical/Dental','Y'),
('1394','','4','Check','Check or Draft','2021-07-01','50.00','Presby Copay','Medical/Dental','Y'),
('1395','','4','Check','Check or Draft','2021-07-01','1675.76','ARC Home','Mortgage','Y'),
('1396','','4','Credit','Visa','2021-07-01','23.23','Jason\'s','Entertainment','Y'),
('1397','','4','Credit','Visa','2021-07-02','57.83','Albertsons','Groceries','Y'),
('1398','','4','Credit','Visa','2021-07-02','22.35','Sprouts','Groceries','Y'),
('1399','','11','Credit','MC','2021-07-02','94.88','amazon','Savings','Y'),
('1400','','11','Credit','MC','2021-07-02','139.61','amazon','Savings','Y'),
('1404','','4','Check','Check or Draft','2021-07-03','88.41','PNM','Electric','Y'),
('1405','','4','Credit','Visa','2021-07-05','34.99','Walmart','Gifts','Y'),
('1406','','11','Credit','MC','2021-07-06','23.63','amazon cap','cash','Y'),
('1407',NULL,'4','Credit','Visa','2021-07-09','19.90','Flying Star','Entertainment','Y'),
('1408',NULL,'4','Credit','Visa','2021-07-09','43.13','Lowe\'s - exter. paint','Home Misc','Y'),
('1409',NULL,'4','Credit','Visa','2021-07-09','51.03','Albertsons','Groceries','Y'),
('1410',NULL,'4','Credit','Citi','2021-07-09','16.17','Costco - Karen','Groceries','Y'),
('1411',NULL,'4','Credit','Visa','2021-07-09','2.75','Albertons Starbucks','Groceries','Y'),
('1412',NULL,'4','Credit','Visa','2021-07-09','11.86','Walgreens - readers','Vision','Y'),
('1413',NULL,'4','Credit','Visa','2021-07-09','55.00','Albertsons','Groceries','Y'),
('1414',NULL,'4','Credit','Visa','2021-07-09','64.94','Verizon','Verizon','Y'),
('1415',NULL,'4','Check','Check or Draft','2021-07-09','16.20','NM Gas','Natural Gas','Y'),
('1416',NULL,'4','Credit','Citi','2021-07-10','3.79','Smiths','Groceries','Y'),
('1417',NULL,'4','Credit','Visa','2021-07-12','25.41','Murphy\'s','Auto Gas','Y'),
('1418',NULL,'11','Credit','MC','2021-07-12','52.28','Petco','vet/cat','Y'),
('1419',NULL,'4','Credit','Visa','2021-07-13','39.05','Olive Garden','Entertainment','Y'),
('1420',NULL,'4','Credit','Visa','2021-07-13','50.00','Presbyterian','Medical/Dental','Y'),
('1421',NULL,'4','Credit','Visa','2021-07-13','65.79','Duluth','Clothing','Y'),
('1422',NULL,'4','Credit','Visa','2021-07-13','45.28','Marmot','Clothing','Y'),
('1423',NULL,'4','Credit','Visa','2021-07-13','50.12','Albertsons','Groceries','Y'),
('1424',NULL,'4','Credit','Visa','2021-07-13','58.23','Sprouts','Groceries','Y'),
('1425',NULL,'4','Credit','Visa','2021-07-14','146.22','Cottonwood Smiles','Medical/Dental','Y'),
('1426',NULL,'4','Credit','Visa','2021-07-15','26.38','Lowe\'s - wood filler','Home Misc','Y'),
('1427',NULL,'4','Credit','Visa','2021-07-15','64.71','Total Wine - Isabella','Gifts','Y'),
('1428',NULL,'4','Debit','Wells Fargo','2021-07-16','165.10','Century Link','TV/Internet','Y'),
('1429',NULL,'4','Credit','Visa','2021-07-16','30.50','Funny Times - T-shirt','Clothing','Y'),
('1430',NULL,'4','Credit','Visa','2021-07-17','21.52','Flying Star','Entertainment','Y'),
('1431',NULL,'4','Credit','Visa','2021-07-17','0.00','Amazon - clippers (2nd invoice)','Home Misc','Y'),
('1432',NULL,'4','Credit','Visa','2021-07-17','10.76','Walmart - Armorall','Auto Maintenance','Y'),
('1433',NULL,'4','Credit','Visa','2021-07-17','2.54','Walmart gift - tax (Tim)','Gifts','Y'),
('1434',NULL,'4','Credit','Visa','2021-07-17','89.29','Albertsons','Groceries','Y'),
('1435',NULL,'4','Credit','Visa','2021-07-17','40.17','Sprouts','Groceries','Y'),
('1436',NULL,'4','Credit','Visa','2021-07-17','29.40','Flying Star','Entertainment','Y'),
('1437',NULL,'11','Credit','MC','2021-07-18','29.84','Murphy','Gas','Y'),
('1487',NULL,'4','Credit','Visa','2021-08-18','18.00','Classmates.com','Combined','Y'),
('1488',NULL,'4','Check','Check or Draft','2021-08-18','396.46','ARC Home LLC','Escrow Account','Y'),
('1489',NULL,'4','Credit','Visa','2021-08-18','19.42','Barnes & Noble','Gifts','N'),
('1490',NULL,'4','Credit','Visa','2021-08-18','107.15','TSC','Groceries','N'),
('1491',NULL,'4','Credit','Visa','2021-08-18','25.00','GPSVisualizer.com','Gifts','N'),
('1492',NULL,'4','Credit','Visa','2021-08-19','31.26','Olive Garden','Entertainment','N'),
('1493',NULL,'11','Credit','MC','2021-08-20','64.00','CVS','cash','Y'),
('1494',NULL,'4','Credit','Visa','2021-08-21','194.18','HealthQuest','Chiro','N'),
('1495',NULL,'4','Credit','Visa','2021-08-21','21.72','Jasons','Entertainment','N'),
('1496',NULL,'4','Credit','Visa','2021-08-21','41.49','Albertsons','Groceries','N'),
('1497',NULL,'4','Credit','Visa','2021-08-21','28.02','Sprouts','Groceries','N'),
('1498',NULL,'4','Check','Check or Draft','2021-08-21','180.00','Adidam Midwest','Tithe','Y'),
('1499',NULL,'4','Credit','Visa','2021-08-23','16.47','Amazon - Labels','Home Misc','N'),
('1500',NULL,'4','Credit','Visa','2021-08-24','25.30','Flying Star','Entertainment','N'),
('1501',NULL,'4','Credit','Visa','2021-08-25','61.98','Albertsons','Groceries','N');
INSERT INTO Charges VALUES
('1502',NULL,'4','Credit','Visa','2021-08-25','29.38','Sprouts','Groceries','N'),
('1503',NULL,'4','Credit','Visa','2021-08-25','600.00','Presbyterian Rust','Medical/Dental','N'),
('1504',NULL,'11','Credit','MC','2021-08-25','24.95','Skoon - General mark','vet/cat','N'),
('1505',NULL,'11','Credit','MC','2021-08-25','15.08','Netflix','Misc','Y'),
('1506',NULL,'11','Credit','MC','2021-08-25','15.08','Netflix','Netflix','N'),
('1507',NULL,'4','Credit','Visa','2021-08-26','30.21','Moon\'s Coffee','Groceries','N'),
('1508',NULL,'4','Credit','Visa','2021-08-26','39.59','Murphy\'s','Auto Gas','N'),
('1509',NULL,'4','Credit','Visa','2021-08-26','22.34','Jasons','Entertainment','N'),
('1519',NULL,'4','Credit','Visa','2021-08-26','37.68','Amazon - French Press','Home Misc','N'),
('1511',NULL,'11','Credit','MC','2021-08-27','68.82','CVS','Vitamins','N'),
('1512',NULL,'11','Credit','MC','2021-08-28','16.16','amazon filters','Misc','N'),
('1513',NULL,'4','Credit','Visa','2021-08-28','94.44','Albertsons','Groceries','N'),
('1514',NULL,'4','Debit','Wells Fargo','2021-08-28','100.00','ATM','Cash','Y'),
('1515',NULL,'4','Credit','Visa','2021-08-28','4.69','Olive Garden - Tip','Entertainment','N'),
('1516',NULL,'4','Credit','Visa','2021-08-28','1223.82','Presbyterian','Medical/Dental','N'),
('1517',NULL,'4','Credit','Visa','2021-08-29','141.24','Total Wine','Wine','N');




CREATE TABLE `Deposits` (
  `depid` int(10) NOT NULL AUTO_INCREMENT,
  `userid` int(10) NOT NULL,
  `date` date NOT NULL,
  `amount` decimal(10,2) NOT NULL,
  `otd` char(1) NOT NULL,
  `description` varchar(100) DEFAULT NULL,
  PRIMARY KEY (`depid`)
) ENGINE=MyISAM AUTO_INCREMENT=68 DEFAULT CHARSET=latin1;


INSERT INTO Deposits VALUES
('1','4','2020-10-14','2425.50','N',''),
('2','11','2020-10-23','1062.00','N',''),
('3','4','2020-11-01','3450.00','N',''),
('4','4','2020-11-04','0.13','Y','Checking Acct. interest 10/30'),
('5','4','2020-11-10','2425.50','N',''),
('6','11','2020-11-23','1062.00','N',''),
('7','4','2020-12-01','3450.00','N',''),
('8','4','2020-12-05','100.00','Y','Uncashed check #2124'),
('9','4','2020-12-05','0.14','Y','Checking Interest 11/30'),
('10','4','2020-12-09','2425.50','N',''),
('11','11','2020-12-30','1062.00','N',''),
('12','4','2021-01-01','3450.00','N',''),
('13','4','2021-01-01','1200.00','Y','Relief Check'),
('14','4','2021-01-01','60.00','Y','Double charged cr card'),
('15','11','2021-01-04','600.00','Y','govt stim'),
('16','4','2021-01-13','2455.20','N',''),
('17','4','2021-01-14','2800.00','Y','For LTC'),
('18','4','2021-01-15','0.15','Y','Interest'),
('19','4','2021-01-28','150.00','Y','Karen - reimburse'),
('20','11','2021-01-28','1073.70','N',''),
('21','4','2021-02-01','3450.00','N',''),
('22','4','2021-02-01','0.17','Y','Interest'),
('23','4','2021-02-10','2455.20','N',''),
('24','11','2021-02-20','1070.00','N',''),
('25','4','2021-02-23','200.00','Y','Reimburse from Karen / Xmas tree'),
('26','4','2021-02-27','1577.01','Y','HSA Refund'),
('27','4','2021-03-01','3450.00','N',''),
('28','4','2021-03-10','2455.20','N',''),
('29','4','2021-03-17','175.00','Y','NM Tax Refund'),
('30','4','2021-03-17','1400.00','Y','Relief Check'),
('31','4','2021-03-19','0.88','Y','Mistake on Credit Charge'),
('32','11','2021-03-20','1073.70','N',''),
('33','11','2021-03-20','1400.00','Y',''),
('34','4','2021-03-26','63.01','Y','Jury Duty'),
('35','4','2021-04-01','3450.00','N',''),
('36','4','2021-04-04','0.34','Y','Feb/Mar Chkg Interest'),
('37','4','2021-04-05','70.88','Y','Jury Duty'),
('38','4','2021-04-14','2455.20','N',''),
('39','11','2021-04-20','1073.70','N',''),
('40','4','2021-04-23','42.00','Y','Jury Duty'),
('41','4','2021-04-30','39.38','Y','Jury Duty'),
('42','4','2021-04-30','39.38','Y','Jury Duty'),
('43','4','2021-05-01','3450.00','N',''),
('44','4','2021-05-12','2455.20','N',''),
('45','4','2021-05-17','10.78','Y','Refund - Walgreens'),
('46','4','2021-05-18','0.01','Y','Undiscovered error'),
('47','11','2021-05-22','1073.70','N',''),
('48','4','2021-05-30','10.00','Y','Testing PDO'),
('49','4','2021-05-30','10.00','Y','Testing PDO'),
('50','4','2021-06-01','3450.00','N',''),
('51','4','2021-06-09','2455.20','N',''),
('52','4','2021-06-12','49.88','Y','Jury Duty - final'),
('53','4','2021-06-17','3.96','Y','Reversed dig\'s on Healthquest'),
('54','4','2021-06-17','391.29','Y','Visa Rewards'),
('55','4','2021-06-20','15000.00','Y','Xfr from Savings - car'),
('56','11','2021-06-21','1073.30','N',''),
('57','4','2021-07-01','3450.00','N',''),
('58','4','2021-07-01','64.20','Y','Karen - reimb'),
('59','4','2021-07-14','2455.20','N',''),
('60','4','2021-07-17','3.82','Y','Geico Refund'),
('61','11','2021-07-19','1073.70','N',''),
('62','4','2021-07-21','0.50','Y','Interest'),
('63','4','2021-08-01','3450.00','N',''),
('64','4','2021-08-11','2455.20','N',''),
('65','4','2021-08-11','0.24','Y','Interest'),
('66','4','2021-08-18','0.10','Y','Incorrect Visa Charge'),
('67','11','2021-08-27','1073.70','N','');




CREATE TABLE `Users` (
  `uid` int(10) NOT NULL AUTO_INCREMENT,
  `email` varchar(60) NOT NULL,
  `username` varchar(40) NOT NULL,
  `setup` varchar(7) DEFAULT NULL,
  `LCM` varchar(12) DEFAULT NULL,
  `definc` varchar(12) DEFAULT NULL,
  `password` varchar(100) NOT NULL,
  `passwd_expire` date DEFAULT NULL,
  `cookies` varchar(6) NOT NULL,
  PRIMARY KEY (`uid`)
) ENGINE=MyISAM AUTO_INCREMENT=14 DEFAULT CHARSET=latin1;


INSERT INTO Users VALUES
('4','krcowles29@gmail.com','krc','111','August','','$2y$10$.pTJ6Rtv1HSqfcQZsAJS6u6.KKcSFgQfTQ8hp13E4lXjBg.rbJN1O','2050-12-16','accept'),
('11','tonks130@gmail.com','Albuquerque Gal','111','August',NULL,'$2y$10$A84jihpzxHpWgB7RcKvr8u2w3exQCWPO8EbFZCBqGKeTG7DYv2kmC','2022-03-13','accept'),
('13','hawk109@icloud.com','jimbob','111','March',NULL,'$2y$10$Uo6r/Yn8lUjSPLUwqNCGm.rdoxnN2I.tTsbX9wJ5cjVEHIn2IomsC','2022-03-12','reject');


