

CREATE TABLE `Budgets` (
  `id` int(10) NOT NULL AUTO_INCREMENT,
  `user` varchar(40) DEFAULT NULL,
  `userid` int(10) NOT NULL,
  `budname` varchar(60) NOT NULL,
  `budpos` smallint(6) NOT NULL,
  `status` varchar(1) NOT NULL,
  `budamt` smallint(6) NOT NULL,
  `prev0` decimal(8,2) DEFAULT NULL,
  `prev1` decimal(8,2) DEFAULT NULL,
  `current` decimal(8,2) NOT NULL,
  `autopay` varchar(30) DEFAULT NULL,
  `moday` tinyint(4) DEFAULT NULL,
  `autopd` varchar(10) DEFAULT NULL,
  `funded` smallint(6) DEFAULT NULL,
  PRIMARY KEY (`id`)
) ENGINE=MyISAM AUTO_INCREMENT=183 DEFAULT CHARSET=latin1 COLLATE=latin1_swedish_ci;


INSERT INTO Budgets VALUES
('2','krc','4','Mortgage','2','A','2035','-1929.38','105.62','110.70','','0','','2035'),
('3','krc','4','Electric','4','A','85','62.59','70.87','86.20','Wells Fargo','1','01','85'),
('4','krc','4','Natural Gas','6','A','75','467.17','455.93','530.93','','0','','75'),
('5','krc','4','Auto Gas','7','A','120','112.81','208.08','328.08','','0','','120'),
('7','krc','4','Chiro','8','A','195','46.93','47.75','242.75','Visa','20','12','195'),
('8','krc','4','Medical/Dental','9','A','150','1259.32','1296.74','1446.74','','0','','150'),
('9','krc','4','Cash','10','A','100','100.00','0.00','100.00','','0','','100'),
('10','krc','4','TV/Internet','11','A','190','39.97','43.35','233.35','Wells Fargo','23','12','190'),
('11','krc','4','Auto Insurance','13','A','135','518.00','617.29','747.29','','0','','130'),
('12','krc','4','Auto Maintenance','14','A','115','271.55','0.11','120.11','','0','','120'),
('13','krc','4','Appliances/Repair','15','A','120','180.72','300.72','420.72','','0','','120'),
('14','krc','4','Home Misc','16','A','285','136.43','97.81','387.81','','0','','290'),
('15','krc','4','Verizon','17','A','75','68.22','70.69','145.69','Visa','7','12','75'),
('17','krc','4','Clothing','18','A','25','-90.34','-34.22','-9.22','','0','','25'),
('18','krc','4','Health Items','19','A','100','60.00','51.85','34.95','','0','','100'),
('19','krc','4','Vision','20','A','20','112.00','132.00','152.00','','0','','20'),
('20','krc','4','Travel','22','A','300','552.93','1114.08','1414.08','','0','','300'),
('21','krc','4','Charities','23','A','30','-80.00','-10.00','20.00','','0','','30'),
('23','krc','4','Wine','25','A','75','154.32','32.42','107.42','','0','','75'),
('24','krc','4','Entertainment','26','A','325','61.69','115.79','391.20','','0','','325'),
('26','krc','4','Groceries','3','A','1100','123.13','380.37','1382.74','','0','','1100'),
('27','krc','4','Gifts','21','A','40','15.57','55.57','95.57','','0','','40'),
('28','krc','4','Christmas','24','A','125','975.63','1.00','126.00','','0','','125'),
('29','krc','4','Undistributed Funds','31','T','0','27.90','0.00','0.00','','0','','0'),
('30','krc','4','Computer','32','T','40','100.11','140.11','140.11','','0','','0'),
('31','krc','4','Escrow Account','33','T','0','0.00','0.00','0.00','','0','','0'),
('32','krc','4','Slush','34','T','0','500.00','0.00','0.00','','0','','0'),
('33','krc','4','2023 Taxes','30004','T','0','0.00','0.00','0.00','','0','','0'),
('34','krc','4','Tires','30005','T','25','325.00','350.00','350.00','','0','','0'),
('41','Albuquerque Gal','11','Undistributed Funds','30000','T','0','0.00','0.00','0.60','','0','','0'),
('42','Albuquerque Gal','11','Medicare','30001','T','0','4666.14','4666.14','4666.14','','0','','0'),
('43','Albuquerque Gal','11','Savings','30002','T','110','509.48','442.19','193.13','','0','','110'),
('44','Albuquerque Gal','11','Computer/phone','30003','T','50','1351.00','1401.00','1451.00','','0','','50'),
('45','Albuquerque Gal','11','Medical','30004','T','83','517.63','366.76','350.27','','0','','83'),
('46','Albuquerque Gal','11','Tmp5','30005','T','0','0.00','0.00','0.00','','0','','0'),
('47','Albuquerque Gal','11','cash','1','A','240','203.00','5.49','0.00','','0','','240'),
('48','Albuquerque Gal','11','vet/cat','2','A','85','353.91','164.70','243.70','','0','','85'),
('49','Albuquerque Gal','11','hair','3','A','25','249.90','199.34','224.34','','0','','25'),
('50','Albuquerque Gal','11','Gas','4','A','45','965.24','987.46','1011.25','','0','','45'),
('51','Albuquerque Gal','11','Class','5','A','50','0.00','50.00','100.00','','0','','50'),
('52','Albuquerque Gal','11','Car maintenance ','6','A','60','691.36','751.36','811.36','','0','','60'),
('53','Albuquerque Gal','11','Dentist ','7','A','40','661.54','701.54','398.21','','0','','40'),
('54','Albuquerque Gal','11','Birthday','8','A','35','146.09','181.09','216.09','','0','','35'),
('55','Albuquerque Gal','11','Christmas','9','A','35','482.31','369.63','41.26','','0','','35'),
('56','Albuquerque Gal','11','Glasses','10','A','20','100.00','120.00','140.00','','0','','20'),
('57','Albuquerque Gal','11','Bird','11','A','20','84.52','40.00','60.00','','0','','20'),
('58','Albuquerque Gal','11','Phone','12','A','103','103.00','103.00','104.00','','0','','103'),
('59','Albuquerque Gal','11','Vitamins','13','A','100','308.00','55.69','65.10','','0','','100'),
('60','Albuquerque Gal','11','Travel','14','A','50','135.61','147.60','197.60','','0','','50'),
('61','Albuquerque Gal','11','Netflix','15','A','17','25.00','13.34','17.00','','0','','17'),
('62','Albuquerque Gal','11','Massage','16','A','20','125.00','145.00','119.96','','0','','20'),
('69','Albuquerque Gal','11','Amazon Prime','17','A','13','111.00','124.00','137.00','','0','','13'),
('179','krc','4','Genworth LTC Pollicy','28','A','0','0.00','0.00','0.00','','0','','0'),
('178','krc','4','Hearing Aids','27','A','240','480.00','720.00','960.00','','0','','240'),
('177','krc','4','Landscape Maintenance','12','A','300','250.90','150.90','400.90','','0','','250'),
('127',NULL,'23','Tmp2','30002','T','0','0.00','0.00','0.00','','0','','0'),
('126',NULL,'23','Tmp1','30001','T','0','0.00','0.00','0.00','','0','','0'),
('125',NULL,'23','Undistributed Funds','30000','T','0','0.00','0.00','0.00','','0','','0'),
('128',NULL,'23','Tmp3','30003','T','0','0.00','0.00','0.00','','0','','0'),
('129',NULL,'23','Tmp4','30004','T','0','0.00','0.00','0.00','','0','','0'),
('130',NULL,'23','Tmp5','30005','T','0','0.00','0.00','0.00','','0','','0'),
('131',NULL,'23','Car insurance','1','A','30','0.00','0.00','270.00','','0','','0'),
('157',NULL,'39','Undistributed Funds','30000','T','0','0.00','0.00','0.00','','0','','0'),
('134',NULL,'28','Undistributed Funds','30000','T','0','0.00','0.00','0.00','','0','','0'),
('135',NULL,'28','Tmp1','30001','T','0','0.00','0.00','0.00','','0','','0'),
('136',NULL,'28','Tmp2','30002','T','0','0.00','0.00','0.00','','0','','0'),
('137',NULL,'28','Tmp3','30003','T','0','0.00','0.00','0.00','','0','','0'),
('138',NULL,'28','Tmp4','30004','T','0','0.00','0.00','0.00','','0','','0'),
('139',NULL,'28','Tmp5','30005','T','0','0.00','0.00','0.00','','0','','0'),
('142',NULL,'30','Undistributed Funds','30000','T','0','0.00','0.00','0.00','','0','','0'),
('141','krc','4','Non-Monthlies','29','A','311','698.68','9.68','280.88','','0','','271'),
('143',NULL,'30','Tmp1','30001','T','0','0.00','0.00','0.00','','0','','0'),
('144',NULL,'30','Tmp2','30002','T','0','0.00','0.00','0.00','','0','','0'),
('145',NULL,'30','Tmp3','30003','T','0','0.00','0.00','0.00','','0','','0'),
('146',NULL,'30','Tmp4','30004','T','0','0.00','0.00','0.00','','0','','0'),
('147',NULL,'30','Tmp5','30005','T','0','0.00','0.00','0.00','','0','','0'),
('158',NULL,'39','Tmp1','30001','T','0','0.00','0.00','0.00','','0','','0'),
('159',NULL,'39','Tmp2','30002','T','0','0.00','0.00','0.00','','0','','0'),
('160',NULL,'39','Tmp3','30003','T','0','0.00','0.00','0.00','','0','','0'),
('161',NULL,'39','Tmp4','30004','T','0','0.00','0.00','0.00','','0','','0'),
('162',NULL,'39','Tmp5','30005','T','0','0.00','0.00','0.00','','0','','0'),
('182','Not used','4','Auto Loan','5','A','400','0.00','0.00','400.00','','0','','400');




CREATE TABLE `Cards` (
  `cdindx` smallint(6) NOT NULL AUTO_INCREMENT,
  `user` varchar(40) DEFAULT NULL,
  `userid` int(10) NOT NULL,
  `cdname` varchar(30) NOT NULL,
  `type` varchar(6) NOT NULL,
  PRIMARY KEY (`cdindx`)
) ENGINE=MyISAM AUTO_INCREMENT=12 DEFAULT CHARSET=latin1 COLLATE=latin1_swedish_ci;


INSERT INTO Cards VALUES
('1','krc','4','Visa','Credit'),
('2','krc','4','Citi','Credit'),
('3','krc','4','Wells Fargo','Debit'),
('9','Albuquerque Gal','11','MC','Credit'),
('10','Albuquerque Gal','11','Kohls','Credit'),
('11','Albuquerque Gal','11','Pennys','Credit');




CREATE TABLE `Charges` (
  `expid` mediumint(9) NOT NULL AUTO_INCREMENT,
  `user` varchar(40) DEFAULT NULL,
  `userid` int(10) NOT NULL,
  `method` varchar(30) NOT NULL,
  `cdname` varchar(30) NOT NULL,
  `expdate` date DEFAULT NULL,
  `expamt` decimal(8,2) NOT NULL,
  `payee` varchar(60) DEFAULT NULL,
  `acctchgd` varchar(60) NOT NULL,
  `paid` varchar(1) DEFAULT NULL,
  PRIMARY KEY (`expid`)
) ENGINE=MyISAM AUTO_INCREMENT=4890 DEFAULT CHARSET=latin1 COLLATE=latin1_swedish_ci;


INSERT INTO Charges VALUES
('4677',NULL,'4','Credit','Citi','2024-10-29','72.58','Sprouts','Groceries','Y'),
('4676',NULL,'4','Check','Check or Draft','2024-10-27','40.00','Boys Town','Charities','Y'),
('4675',NULL,'4','Check','Check or Draft','2024-10-27','40.00','Toys For Tots','Charities','Y'),
('4889',NULL,'4','Credit','Visa','2025-01-04','49.59','Bosque Brewing','Entertainment','N'),
('4888',NULL,'4','Credit','Citi','2025-01-02','73.65','Albertsons','Groceries','N'),
('4887',NULL,'4','Credit','Citi','2025-01-02','23.98','Sprouts','Groceries','N'),
('4886',NULL,'4','Check','Check or Draft','2025-01-02','116.90','Karen - Curcumin','Health Items','Y'),
('4885',NULL,'4','Check','Check or Draft','2025-01-02','2029.92','Loan depot','Mortgage','Y'),
('4884',NULL,'4','Debit','Wells Fargo','2025-01-01','69.67','Mosaic','Electric','Y'),
('4883',NULL,'4','Credit','Citi','2024-12-30','64.92','Costco','Groceries','N'),
('4882',NULL,'4','Credit','Citi','2024-12-30','51.51','Sprouts','Groceries','N'),
('4881',NULL,'4','Credit','Visa','2024-12-29','32.23','Barnes & Noble - calendar','Home Misc','N'),
('4880',NULL,'4','Credit','Visa','2024-12-29','42.22','Fungi Perfecti','Health Items','N'),
('4879',NULL,'4','Credit','Visa','2024-12-29','30.71','Connect - new car','Auto Insurance','N'),
('4878',NULL,'11','Credit','MC','2024-12-29','37.71','Kiva','Savings','N'),
('4877',NULL,'4','Credit','Citi','2024-12-27','23.26','Sprouts','Groceries','N'),
('4876',NULL,'4','Credit','Citi','2024-12-27','49.14','Albertsons','Groceries','N'),
('4875',NULL,'11','Credit','MC','2024-12-24','46.89','sprouts','Savings','N'),
('4874',NULL,'11','Credit','MC','2024-12-24','22.30','misc','Savings','N'),
('4873',NULL,'4','Credit','Visa','2024-12-23','35.78','Keller\'s','Groceries','N'),
('4872',NULL,'4','Credit','Citi','2024-12-23','16.13','Albertsons','Groceries','Y'),
('4871',NULL,'4','Debit','Wells Fargo','2024-12-23','186.62','Century Link','TV/Internet','Y'),
('4870',NULL,'11','Credit','MC','2024-12-21','25.80','amazon','Christmas','N'),
('4869',NULL,'4','Credit','Visa','2024-12-21','2.11','Chetaer plugs','Home Misc','Y'),
('4868',NULL,'4','Credit','Visa','2024-12-21','35.00','Pres Copay - Karen','Medical/Dental','N'),
('4867',NULL,'4','Credit','Visa','2024-12-21','75.82','Walgreens','Home Misc','N'),
('4866',NULL,'4','Credit','Visa','2024-12-21','-8.25','Coupon','Groceries','N'),
('4865',NULL,'4','Credit','Visa','2024-12-21','74.84','Sprouts','Groceries','N'),
('4864',NULL,'4','Credit','Visa','2024-12-21','10.40','Albertsons','Groceries','N'),
('4863',NULL,'4','Credit','Visa','2024-12-21','194.18','Illumin8','Chiro','N'),
('4862',NULL,'11','Credit','MC','2024-12-19','5.84','ALBERTSONS','Christmas','Y'),
('4861',NULL,'11','Credit','MC','2024-12-19','10.45','USPS','Christmas','N'),
('4860',NULL,'11','Credit','MC','2024-12-19','7.71','MICHAELS','cash','N'),
('4859',NULL,'11','Credit','MC','2024-12-19','31.18','Marshalls','Christmas','N'),
('4858',NULL,'11','Credit','MC','2024-12-19','46.01','amazon tea','Savings','N'),
('4857',NULL,'4','Credit','Visa','2024-12-19','59.28','Flying Star','Entertainment','N'),
('4856',NULL,'4','Credit','Visa','2024-12-19','177.58','Cottonwood Smiles','Medical/Dental','N'),
('4855',NULL,'4','Credit','Citi','2024-12-18','60.97','Sprouts','Groceries','Y'),
('4854',NULL,'4','Credit','Citi','2024-12-18','31.42','Albertsons','Groceries','Y'),
('4853',NULL,'11','Credit','MC','2024-12-17','35.00','USPS','Christmas','Y'),
('4852',NULL,'11','Credit','MC','2024-12-17','165.75','Smiles','Dentist','Y'),
('4851',NULL,'11','Credit','MC','2024-12-17','177.58','Smiles','Dentist','Y'),
('4850',NULL,'4','Credit','Visa','2024-12-16','56.62','UPS - Xmas','Home Misc','N'),
('4849',NULL,'4','Credit','Visa','2024-12-16','12.37','Staples','Home Misc','N'),
('4848',NULL,'4','Credit','Visa','2024-12-16','1391.44','Larry Miller Jeep','Auto Maintenance','N'),
('4847',NULL,'11','Check','Check or Draft','2024-12-16','71.01','Saga cards','Christmas','Y'),
('4846',NULL,'11','Credit','MC','2024-12-16','45.00','Menaul','Medical','Y'),
('4845',NULL,'11','Credit','MC','2024-12-16','35.00','Derm','Medical','Y'),
('4844',NULL,'4','Credit','Visa','2024-12-15','259.38','Harry & David','Christmas','N'),
('4843',NULL,'4','Credit','Visa','2024-12-14','54.36','Scafuris','Christmas','N'),
('4842',NULL,'4','Credit','Visa','2024-12-14','31.88','Scafuri','Christmas','N'),
('4841',NULL,'4','Credit','Visa','2024-12-14','31.88','Scafuri','Christmas','N'),
('4840',NULL,'4','Credit','Visa','2024-12-14','37.54','Scafuri','Christmas','N'),
('4839',NULL,'11','Credit','MC','2024-12-14','33.22','amazon','Savings','Y'),
('4838',NULL,'4','Credit','Visa','2024-12-14','69.56','Olive Garden','Entertainment','N'),
('4837',NULL,'4','Credit','Citi','2024-12-14','29.49','Sprouts','Groceries','Y'),
('4836',NULL,'4','Credit','Citi','2024-12-14','62.16','Albertsons','Groceries','Y'),
('4835',NULL,'4','Credit','Visa','2024-12-14','348.30','Harry & David','Christmas','N'),
('4834',NULL,'11','Credit','MC','2024-12-13','6.00','smith','vet/cat','Y'),
('4833',NULL,'11','Credit','MC','2024-12-13','61.45','Target - Southern','Christmas','Y'),
('4832',NULL,'4','Credit','Visa','2024-12-13','33.36','Moon\'s Coffee','Groceries','N'),
('4831',NULL,'4','Debit','Wells Fargo','2024-12-13','60.00','Cash - tamales','Cash','Y'),
('4830',NULL,'4','Credit','Visa','2024-12-13','44.92','Amazon - grill for Bill','Christmas','N'),
('4829',NULL,'4','Credit','Citi','2024-12-12','19.98','Smiths','Groceries','Y'),
('4828',NULL,'4','Credit','Visa','2024-12-12','33.64','Natural Grocers - Lion\'s Mane','Health Items','N'),
('4827',NULL,'4','Credit','Visa','2024-12-12','706.88','Amazon - binocs','Christmas','N'),
('4826',NULL,'11','Credit','MC','2024-12-10','26.08','amaz ch','Christmas','Y'),
('4825',NULL,'11','Credit','MC','2024-12-10','17.08','amaz','Massage','Y'),
('4824',NULL,'11','Credit','MC','2024-12-10','27.96','amaz','Massage','Y'),
('4823',NULL,'11','Credit','MC','2024-12-10','22.31','sprouts','Christmas','Y'),
('4822',NULL,'11','Credit','MC','2024-12-10','18.06','SV','Savings','Y'),
('4821',NULL,'11','Credit','MC','2024-12-10','4.82','WB','cash','Y'),
('4820',NULL,'11','Credit','MC','2024-12-10','21.21','Murphy','Gas','Y'),
('4819',NULL,'4','Credit','Citi','2024-12-10','47.57','Sprouts','Groceries','Y'),
('4818',NULL,'4','Credit','Citi','2024-12-10','17.88','Albertsons','Groceries','Y'),
('4817',NULL,'4','Credit','Visa','2024-12-10','81.72','Cannon Ink','Home Misc','Y'),
('4816',NULL,'4','Credit','Visa','2024-12-10','6.43','Walmart card','Christmas','Y'),
('4815',NULL,'4','Credit','Visa','2024-12-10','43.03','Staples supplies','Home Misc','Y'),
('4814',NULL,'4','Credit','Visa','2024-12-10','24.73','Murphys','Auto Gas','Y'),
('4813',NULL,'4','Credit','Citi','2024-12-08','9.46','Sprouts','Groceries','Y'),
('4812',NULL,'4','Credit','Citi','2024-12-08','68.30','Albertsons','Groceries','Y'),
('4811',NULL,'4','Credit','Visa','2024-12-08','84.97','Pizzeria Luca','Entertainment','Y'),
('4810',NULL,'4','Credit','Visa','2024-12-07','72.53','Verizon','Verizon','Y'),
('4809',NULL,'4','Check','Check or Draft','2024-12-06','86.24','NM Gas','Natural Gas','Y'),
('4808',NULL,'4','Check','Check or Draft','2024-12-06','7.05','PNM','Electric','Y'),
('4807',NULL,'4','Check','Check or Draft','2024-12-06','450.00','Janet Villa','Landscape Maintenance','Y'),
('4806',NULL,'11','Credit','Kohls','2024-12-06','47.63','Kohls','Christmas','N'),
('4805',NULL,'4','Credit','Visa','2024-12-06','19.95','Amazon - Stash Tea','Groceries','Y'),
('4804',NULL,'4','Credit','Visa','2024-12-05','196.90','Total Wine','Wine','Y'),
('4803',NULL,'11','Credit','MC','2024-12-05','8.99','Sprouts','Christmas','Y'),
('4802',NULL,'11','Check','Check or Draft','2024-12-04','130.00','US Dept. State','Savings','Y'),
('4801',NULL,'11','Credit','MC','2024-12-04','19.49','CVS','Medical','Y'),
('4800',NULL,'11','Credit','MC','2024-12-04','11.01','CVS','Savings','Y'),
('4799',NULL,'4','Credit','Citi','2024-12-04','89.30','Sprouts','Groceries','Y'),
('4798',NULL,'4','Credit','Citi','2024-12-04','66.92','Albertsons','Groceries','Y'),
('4797',NULL,'4','Credit','Visa','2024-12-04','45.45','Bosque Brewing','Entertainment','Y'),
('4796',NULL,'4','Credit','Visa','2024-12-04','32.29','REI - electrolytes','Health Items','Y'),
('4795',NULL,'4','Credit','Visa','2024-12-04','11.64','Albertsons','Entertainment','Y'),
('4794',NULL,'4','Credit','Citi','2024-12-04','18.27','Albertsons','Groceries','Y'),
('4793',NULL,'11','Credit','MC','2024-12-03','13.86','Whisp bean','Savings','Y');
INSERT INTO Charges VALUES
('4792',NULL,'4','Credit','Visa','2024-12-01','24.72','Home Depot - entrance rug','Home Misc','Y'),
('4791',NULL,'4','Credit','Visa','2024-12-01','0.00','Lowe\'s - cheater plugs','Home Misc','Y'),
('4790',NULL,'4','Credit','Visa','2024-12-01','58.95','Fit Socks','Christmas','Y'),
('4789',NULL,'4','Credit','Visa','2024-12-01','19.11','Outdoor lighting cords','Christmas','Y'),
('4788',NULL,'4','Debit','Wells Fargo','2024-12-01','69.67','Mosaic','Electric','Y'),
('4787',NULL,'4','Credit','Citi','2024-11-30','30.67','Sprouts','Groceries','Y'),
('4786',NULL,'4','Credit','Citi','2024-11-30','50.54','Albertsons','Groceries','Y'),
('4785',NULL,'4','Check','Check or Draft','2024-11-30','2029.92','Loan Depot','Mortgage','Y'),
('4784',NULL,'11','Credit','MC','2024-11-29','20.00','Honey tea','Savings','Y'),
('4783',NULL,'11','Credit','MC','2024-11-29','15.93','Martha oil','Savings','Y'),
('4782',NULL,'4','Credit','Visa','2024-11-29','56.23','Sun Bath','Christmas','Y'),
('4781',NULL,'4','Credit','Visa','2024-11-29','32.98','Wolfermans - Ed','Gifts','Y'),
('4780',NULL,'4','Credit','Visa','2024-11-29','52.03','HideMasters of Colorado','Home Misc','Y'),
('4779',NULL,'4','Credit','Visa','2024-11-29','18.00','Rio Grande Arts Fest','Entertainment','Y'),
('4778',NULL,'4','Credit','Visa','2024-11-29','32.22','Murphys','Auto Gas','Y'),
('4777',NULL,'11','Credit','MC','2024-11-27','25.00','CWC ?','Savings','Y'),
('4776',NULL,'11','Credit','MC','2024-11-27','24.43','Whisp. Bean','cash','Y'),
('4775',NULL,'11','Credit','MC','2024-11-27','139.90','wild birds','Bird','Y'),
('4774',NULL,'11','Credit','MC','2024-11-26','25.13','amazon','vet/cat','Y'),
('4773',NULL,'4','Credit','Visa','2024-11-26','1.25','Cottonwood/Gallegos','Home Misc','Y'),
('4772',NULL,'11','Credit','MC','2024-11-25','26.78','Amazon','Savings','Y'),
('4771',NULL,'11','Credit','MC','2024-11-25','13.97','Staples','Savings','Y'),
('4770',NULL,'4','Credit','Visa','2024-11-25','45.16','Karen (Flashlight)','Christmas','Y'),
('4769',NULL,'4','Credit','Visa','2024-11-25','168.85','US Passport - Karen','Travel','Y'),
('4768',NULL,'4','Credit','Citi','2024-11-25','72.38','Sprouts','Groceries','Y'),
('4767',NULL,'4','Credit','Citi','2024-11-25','43.42','Albertsons','Groceries','Y'),
('4766',NULL,'11','Credit','MC','2024-11-25','60.23','Sprouts','Vitamins','Y'),
('4765',NULL,'4','Debit','Wells Fargo','2024-11-24','186.62','Century Link','TV/Internet','Y'),
('4764',NULL,'11','Credit','MC','2024-11-24','147.68','amazon','Christmas','Y'),
('4763',NULL,'4','Credit','Citi','2024-11-23','71.79','sprouts','Groceries','Y'),
('4762',NULL,'4','Credit','Citi','2024-11-23','32.76','Albertsons','Groceries','Y'),
('4761',NULL,'4','Check','Check or Draft','2024-11-22','1936.13','AJ\'s Professional Contracting','Undistributed Funds','Y'),
('4760',NULL,'4','Credit','Visa','2024-11-22','8.02','Walmart','Home Misc','Y'),
('4759',NULL,'4','Credit','Visa','2024-11-21','125.85','TLC -filters','Appliances/Repair','Y'),
('4758',NULL,'11','Credit','MC','2024-11-21','68.87','Walmart','Medical','Y'),
('4757',NULL,'11','Credit','MC','2024-11-20','32.00','Great clips','hair','Y'),
('4756',NULL,'11','Credit','MC','2024-11-20','10.75','USPS','cash','Y'),
('4755',NULL,'4','Credit','Citi','2024-11-20','47.57','Sprouts','Groceries','Y'),
('4754',NULL,'4','Credit','Citi','2024-11-20','84.88','Albertsons','Groceries','Y'),
('4753',NULL,'4','Check','Check or Draft','2024-11-20','130.00','US State Dept - Passport','Mortgage','Y'),
('4752',NULL,'4','Credit','Visa','2024-11-20','35.00','USPS Passport Proc. Fee','Travel','Y'),
('4751',NULL,'4','Credit','Visa','2024-11-20','59.27','Range Cafe','Entertainment','Y'),
('4750',NULL,'4','Credit','Visa','2024-11-20','18.58','Urban Hot Dog','Entertainment','Y'),
('4749',NULL,'4','Credit','Visa','2024-11-20','53.77','Icicle lights','Home Misc','Y'),
('4748',NULL,'4','Credit','Visa','2024-11-20','194.18','Illumin8','Chiro','Y'),
('4747',NULL,'4','Credit','Visa','2024-11-19','-290.42','Apple Refund','Computer','Y'),
('4746',NULL,'4','Credit','Visa','2024-11-19','6.02','Tip - Star','Entertainment','Y'),
('4745',NULL,'4','Credit','Visa','2024-11-19','44.70','Sun Mtn Bath Co','Home Misc','Y'),
('4744',NULL,'4','Credit','Citi','2024-11-17','87.47','Sprouts','Groceries','Y'),
('4743',NULL,'4','Credit','Visa','2024-11-16','34.95','MacPaw Cleaner','Computer','Y'),
('4742',NULL,'4','Credit','Citi','2024-11-16','2.00','ALbertsons','Groceries','Y'),
('4741',NULL,'4','Credit','Citi','2024-11-15','72.91','Costco','Groceries','Y'),
('4740',NULL,'11','Credit','MC','2024-11-15','21.35','Amazon - kur','cash','Y'),
('4739',NULL,'11','Check','Check or Draft','2024-11-15','55.00','Ken (ared - sweat shirt)','Vitamins','Y'),
('4738',NULL,'11','Check','Check or Draft','2024-11-15','165.00','Mary Lou','Medical','Y'),
('4737',NULL,'4','Credit','Visa','2024-11-15','150.38','Amazon - air filters','Home Misc','Y'),
('4736',NULL,'4','Credit','Visa','2024-11-15','68.84','Atlas - Blue Liquid','Home Misc','Y'),
('4735',NULL,'4','Credit','Visa','2024-11-15','68.82','TLC Filters','Non-Monthlies','Y'),
('4734',NULL,'4','Credit','Visa','2024-11-15','0.00','Atlas - double entry','Home Misc','Y'),
('4733',NULL,'4','Credit','Visa','2024-11-15','7.40','Satellite Coffee','Entertainment','Y'),
('4732',NULL,'4','Credit','Visa','2024-11-15','100.68','Barnes & Noble','Christmas','Y'),
('4731',NULL,'4','Credit','Visa','2024-11-15','125.00','Sprouts','Christmas','Y'),
('4730',NULL,'4','Credit','Visa','2024-11-15','12.64','Natural Grocers','Health Items','Y'),
('4729',NULL,'4','Credit','Visa','2024-11-15','34.51','Walgreens Passport Photos','Travel','Y'),
('4728',NULL,'4','Credit','Visa','2024-11-15','12.09','Whispering Bean','Entertainment','Y'),
('4727',NULL,'11','Credit','MC','2024-11-14','22.78','Murphy','Gas','Y'),
('4726',NULL,'4','Credit','Citi','2024-11-14','146.87','Costco','Groceries','Y'),
('4725',NULL,'11','Check','Check or Draft','2024-11-14','22.00','Ken - align','Vitamins','Y'),
('4724',NULL,'4','Credit','Visa','2024-11-14','268.90','TLC Service Contract','Appliances/Repair','Y'),
('4723',NULL,'4','Check','Check or Draft','2024-11-14','12.84','PNM','Electric','Y'),
('4722',NULL,'4','Credit','Citi','2024-11-13','48.14','Sprouts','Groceries','Y'),
('4721',NULL,'4','Credit','Citi','2024-11-13','69.24','Albertsons','Groceries','Y'),
('4720',NULL,'4','Credit','Visa','2024-11-12','24.47','Olive Garden','Entertainment','Y'),
('4719',NULL,'11','Credit','MC','2024-11-12','50.00','USPS (amt?)','cash','Y'),
('4718',NULL,'11','Credit','MC','2024-11-12','9.65','Whis. Bean','cash','Y'),
('4717',NULL,'4','Credit','Visa','2024-11-10','139.83','TLC','Appliances/Repair','Y'),
('4716',NULL,'4','Check','Check or Draft','2024-11-10','23.93','NM Gas','Natural Gas','Y'),
('4715',NULL,'4','Check','Check or Draft','2024-11-10','800.00','Janet Villa','Landscape Maintenance','Y'),
('4714',NULL,'4','Credit','Citi','2024-11-09','45.80','Sprouts','Groceries','Y'),
('4713',NULL,'4','Credit','Citi','2024-11-09','75.22','Albertsons','Groceries','Y'),
('4712',NULL,'4','Credit','Visa','2024-11-08','27.96','Amazon: Bird Bath Heater','Home Misc','Y'),
('4711',NULL,'4','Credit','Visa','2024-11-08','72.53','Verizon','Verizon','Y'),
('4710',NULL,'11','Credit','MC','2024-11-08','7.71','Michaels','cash','Y'),
('4709',NULL,'11','Credit','MC','2024-11-08','13.15','Target','cash','Y'),
('4708',NULL,'4','Credit','Citi','2024-11-06','84.72','Sprouts','Groceries','Y'),
('4707',NULL,'4','Credit','Citi','2024-11-06','83.86','Albertsons','Groceries','Y'),
('4706',NULL,'4','Check','Check or Draft','2024-11-06','14.30','Undiscovered discrepancy!!','Undistributed Funds','Y'),
('4705',NULL,'11','Credit','MC','2024-11-05','43.56','CWC','hair','Y'),
('4704',NULL,'11','Credit','MC','2024-11-05','9.83','Whispering Bean','cash','Y'),
('4703',NULL,'11','Credit','MC','2024-11-05','25.97','CVS','Medical','Y'),
('4702',NULL,'11','Credit','MC','2024-11-05','10.00','CVS','Medical','Y'),
('4701',NULL,'11','Credit','MC','2024-11-05','21.56','Farm','cash','Y'),
('4700',NULL,'4','Credit','Visa','2024-11-05','48.96','Bosque Brewing','Entertainment','Y'),
('4699',NULL,'4','Credit','Visa','2024-11-05','33.60','Murphy\'s','Auto Gas','Y'),
('4698',NULL,'4','Credit','Visa','2024-11-05','12.09','Whispering Bean','Entertainment','Y'),
('4697',NULL,'4','Credit','Citi','2024-11-03','61.63','Albertsons','Groceries','Y'),
('4696',NULL,'4','Credit','Citi','2024-11-03','0.00','Sprouts  (Already Paid!)','Groceries','Y'),
('4695',NULL,'4','Credit','Citi','2024-11-03','-7.31','Refund for Ziplocks','Groceries','Y'),
('4694',NULL,'4','Credit','Citi','2024-11-03','44.29','Sprouts','Groceries','Y'),
('4693',NULL,'4','Credit','Citi','2024-11-03','68.33','Albertsons','Groceries','Y');
INSERT INTO Charges VALUES
('4692',NULL,'4','Credit','Visa','2024-11-03','74.39','Sirius','Non-Monthlies','Y'),
('4691',NULL,'11','Credit','MC','2024-11-02','18.88','Albertsons','cash','Y'),
('4690',NULL,'11','Credit','MC','2024-11-01','50.00','K & W','vet/cat','Y'),
('4689',NULL,'4','Credit','Visa','2024-11-01','215.22','Cabella\'s','Clothing','Y'),
('4688',NULL,'4','Credit','Visa','2024-11-01','55.37','Olive Garden','Entertainment','Y'),
('4687',NULL,'4','Credit','Visa','2024-11-01','33.36','Moon\'s Coffee','Groceries','Y'),
('4686',NULL,'4','Debit','Wells Fargo','2024-11-01','69.67','Mosaic Solar','Electric','Y'),
('4685',NULL,'11','Credit','MC','2024-11-01','59.18','Cabelas','vet/cat','Y'),
('4684',NULL,'4','Credit','Visa','2024-10-31','6.22','T-bowl cleaner','Home Misc','Y'),
('4683',NULL,'4','Check','Check or Draft','2024-10-31','450.00','Janeet Villa','Landscape Maintenance','Y'),
('4682',NULL,'4','Credit','Citi','2024-10-30','63.11','Sprouts','Groceries','Y'),
('4681',NULL,'4','Credit','Citi','2024-10-30','26.99','Sprouts','Groceries','Y'),
('4680',NULL,'4','Credit','Citi','2024-10-30','111.24','Albertsons','Groceries','Y'),
('4679',NULL,'4','Check','Check or Draft','2024-10-30','2029.92','LoanDepot.com','Mortgage','Y'),
('4678',NULL,'4','Credit','Visa','2024-10-29','28.06','Jasons','Entertainment','Y'),
('3802',NULL,'11','Credit','MC','2024-01-01','23.17','Murphy','Gas','Y'),
('3803',NULL,'11','Credit','MC','2024-01-01','39.81','JCPenney','Birthday','Y'),
('3804',NULL,'11','Credit','MC','2024-01-01','56.26','vet','vet/cat','Y'),
('3805',NULL,'4','Debit','Wells Fargo','2024-01-02','116.99','Mosaic','Electric','Y'),
('3806',NULL,'4','Credit','Visa','2024-01-02','275.00','Presbyterian - CT Scan','Medical/Dental','Y'),
('3807',NULL,'4','Credit','Visa','2024-01-02','12.89','Lowe\'s','Home Misc','Y'),
('3808',NULL,'4','Credit','Citi','2024-01-03','45.00','Albertsons','Groceries','Y'),
('3809',NULL,'4','Credit','Citi','2024-01-03','21.30','Walmart - batteries','Home Misc','Y'),
('3810',NULL,'11','Credit','MC','2024-01-04','71.48','Sprouts','cash','Y'),
('3811',NULL,'4','Check','Check or Draft','2024-01-04','71.48','Karen - wrong credit card','Groceries','Y'),
('3812',NULL,'4','Credit','Citi','2024-01-04','13.84','Whispering Bean','Entertainment','Y'),
('3813',NULL,'4','Credit','Visa','2024-01-04','9.94','Albertsons','Groceries','Y'),
('3814',NULL,'4','Credit','Visa','2024-01-04','17.20','Home Depot','Home Misc','Y'),
('3815',NULL,'4','Credit','Visa','2024-01-04','68.80','Replacement Plates','Home Misc','Y'),
('3816',NULL,'4','Credit','Visa','2024-01-04','53.75','Thai Balls','Medical/Dental','Y'),
('3817',NULL,'4','Credit','Visa','2024-01-05','31.21','Moons Coffee','Groceries','Y'),
('3818',NULL,'4','Credit','Citi','2024-01-05','14.00','Sprouts','Groceries','Y'),
('3819',NULL,'11','Credit','MC','2024-01-05','39.47','PetSmart','vet/cat','Y'),
('3820',NULL,'4','Credit','Visa','2024-01-05','21.60','Catopia','Entertainment','Y'),
('3821',NULL,'11','Credit','MC','2024-01-06','36.54','amazon bath napkins & holder','Misc','Y'),
('3822',NULL,'4','Credit','Visa','2024-01-07','72.29','Verizon','Verizon','Y'),
('3823',NULL,'4','Credit','Visa','2024-01-07','655.00','Connect Insurance','Auto Insurance','Y'),
('3824',NULL,'4','Credit','Visa','2024-01-07','23.66','Olive Garden','Entertainment','Y'),
('3825',NULL,'4','Credit','Citi','2024-01-07','19.81','Albertsons','Groceries','Y'),
('3826',NULL,'4','Credit','Citi','2024-01-07','41.87','Sprouts','Groceries','Y'),
('3827',NULL,'4','Credit','Visa','2024-01-08','50.10','MochaHost','Computer','Y'),
('3828',NULL,'4','Credit','Visa','2024-01-08','25.00','Santa Fe Reporter Photo Contest','Home Misc','Y'),
('3829',NULL,'4','Check','Check or Draft','2024-01-08','275.00','Janet Villa','Landscape Maintenance','Y'),
('3830',NULL,'4','Check','Check or Draft','2024-01-08','107.33','NM Gas','Natural Gas','Y'),
('3831',NULL,'4','Credit','Citi','2024-01-08','40.92','Albertsons','Groceries','Y'),
('3832',NULL,'4','Credit','Visa','2024-01-08','12.92','Hearing Aid Filters','Medical/Dental','Y'),
('3833',NULL,'4','Debit','Wells Fargo','2024-01-10','60.00','ATM','Cash','Y'),
('3834',NULL,'4','Credit','Visa','2024-01-10','21.51','Wild Birds Unlimited','Groceries','Y'),
('3835',NULL,'4','Credit','Visa','2024-01-10','52.35','Namaste','Entertainment','Y'),
('3836',NULL,'4','Credit','Citi','2024-01-12','29.42','Albertsons','Groceries','Y'),
('3837',NULL,'4','Credit','Citi','2024-01-12','44.37','Sprouts','Groceries','Y'),
('3838',NULL,'4','Credit','Visa','2024-01-12','30.62','Flying Star','Entertainment','Y'),
('3839',NULL,'11','Credit','MC','2024-01-13','28.45','Chewy','vet/cat','Y'),
('3840',NULL,'11','Credit','MC','2024-01-13','75.00','YLO','cash','Y'),
('3841',NULL,'11','Credit','MC','2024-01-13','35.70','CVS','Medical','Y'),
('3842',NULL,'11','Credit','MC','2024-01-13','26.41','Choc & coffee','Massage','Y'),
('3843',NULL,'4','Credit','Visa','2024-01-14','21.51','Wild Birds','Groceries','Y'),
('3844',NULL,'4','Credit','Citi','2024-01-14','40.44','Sprouts','Groceries','Y'),
('3845',NULL,'4','Credit','Visa','2024-01-15','43.57','Bosque Brewing','Entertainment','Y'),
('3846',NULL,'4','Credit','Visa','2024-01-16','63.62','Albertsons','Groceries','Y'),
('3847',NULL,'4','Credit','Visa','2024-01-16','28.94','Sprouts','Groceries','Y'),
('3848',NULL,'4','Credit','Visa','2024-01-16','36.20','Murphys','Auto Gas','Y'),
('3849',NULL,'4','Credit','Visa','2024-01-16','21.53','Barnes & Noble','Gifts','Y'),
('3850',NULL,'4','Check','Check or Draft','2024-01-16','75.00','Jen Groves - Ed\'s Xmas','Gifts','Y'),
('3851',NULL,'4','Debit','Wells Fargo','2024-01-16','20000.00','Mosaic Solar loan','Undistributed Funds','Y'),
('3852',NULL,'11','Credit','MC','2024-01-17','41.53','amazon','Medical','Y'),
('3853',NULL,'4','Credit','Visa','2024-01-19','38.34','Range Cafe','Entertainment','Y'),
('3854',NULL,'4','Credit','Citi','2024-01-19','17.55','Albertsons','Groceries','Y'),
('3855',NULL,'4','Credit','Visa','2024-01-19','3.00','Rocky Mtn tax','Christmas','Y'),
('3856',NULL,'4','Credit','Visa','2024-01-19','10.80','Catopia','Entertainment','Y'),
('3857',NULL,'4','Credit','Visa','2024-01-19','3.55','Olive Garden tax','Entertainment','Y'),
('3858',NULL,'4','Credit','Visa','2024-01-19','275.00','Karen - CT Scan','Medical/Dental','Y'),
('3859',NULL,'11','Credit','MC','2024-01-19','30.09','CVS','Medical','Y'),
('3860',NULL,'4','Credit','Visa','2024-01-22','194.18','Illumin8','Chiro','Y'),
('3861',NULL,'4','Credit','Citi','2024-01-22','43.85','Albertsons','Groceries','Y'),
('3862',NULL,'4','Credit','Citi','2024-01-22','79.97','Sprouts','Groceries','Y'),
('3863',NULL,'4','Debit','Wells Fargo','2024-01-23','179.41','Century Link','TV/Internet','Y'),
('3864',NULL,'4','Credit','Visa','2024-01-24','40.47','Walgreens','Health Items','Y'),
('3865',NULL,'4','Credit','Citi','2024-01-24','7.53','Sprouts','Groceries','Y'),
('3866',NULL,'4','Credit','Visa','2024-01-24','4.99','Olive Garden (Gift Card)','Entertainment','Y'),
('3867',NULL,'4','Credit','Citi','2024-01-25','49.75','Albertsons','Groceries','Y'),
('3868',NULL,'4','Credit','Citi','2024-01-25','188.28','Costco','Groceries','Y'),
('3869',NULL,'4','Credit','Citi','2024-01-27','46.17','Albertsons','Groceries','Y'),
('3870',NULL,'4','Credit','Citi','2024-01-27','61.75','Sprouts','Groceries','Y'),
('3871',NULL,'11','Credit','MC','2024-01-28','17.97','Choc & Coffee pat','cash','Y'),
('3872',NULL,'4','Credit','Visa','2024-01-29','11.32','Jasons (w/Gift Cert)','Entertainment','Y'),
('3873',NULL,'4','Check','Check or Draft','2024-01-29','1992.94','Loan Depot','Mortgage','Y'),
('3874',NULL,'4','Check','Check or Draft','2024-01-29','443.71','Loan Depot Escrow Acct','Undistributed Funds','Y'),
('3875',NULL,'4','Credit','Visa','2024-01-29','48.04','Josie Maran - Southern','Gifts','Y'),
('3876',NULL,'4','Credit','Citi','2024-01-29','11.08','Sprouts','Groceries','Y'),
('3877',NULL,'11','Credit','MC','2024-01-29','6.00','Sprouts','cash','Y'),
('3878',NULL,'11','Credit','MC','2024-01-29','20.00','Whispering Bean','cash','Y'),
('3879',NULL,'4','Check','Check or Draft','2024-01-30','40.00','DAV','Charities','Y'),
('3880',NULL,'4','Credit','Citi','2024-01-31','49.42','Albertsons','Groceries','Y'),
('3881',NULL,'4','Credit','Citi','2024-01-31','53.02','Sprouts','Groceries','Y'),
('3882',NULL,'4','Debit','Wells Fargo','2024-02-02','116.99','Mosaic','Electric','Y'),
('3883',NULL,'4','Credit','Visa','2024-02-02','34.37','Olive Garden','Entertainment','Y'),
('3884',NULL,'4','Check','Check or Draft','2024-02-03','121.27','NM Gas','Natural Gas','Y'),
('3885',NULL,'4','Check','Check or Draft','2024-02-03','50.00','ASPCA','Charities','Y'),
('3886',NULL,'4','Credit','Citi','2024-02-03','81.87','Albertsons','Groceries','Y');
INSERT INTO Charges VALUES
('3887',NULL,'4','Credit','Citi','2024-02-03','40.33','Sprouts','Groceries','Y'),
('3888',NULL,'4','Credit','Visa','2024-02-03','43.03','Wild Birds','Groceries','Y'),
('3889',NULL,'4','Credit','Visa','2024-02-03','13.95','FedEx','2023 Taxes','Y'),
('3890',NULL,'11','Credit','MC','2024-02-03','28.11','Murphy','Gas','Y'),
('3891',NULL,'11','Credit','MC','2024-02-03','81.01','Petsmart','vet/cat','Y'),
('3892',NULL,'11','Credit','MC','2024-02-03','23.51','Petco','cash','Y'),
('3893',NULL,'11','Credit','MC','2024-02-03','15.75','Walmart','cash','Y'),
('3894',NULL,'11','Credit','MC','2024-02-04','32.80','Sprouts','Vitamins','Y'),
('3895',NULL,'4','Credit','Visa','2024-02-06','37.65','Total Wine','Wine','Y'),
('3896',NULL,'11','Credit','MC','2024-02-06','20.46','SV','cash','Y'),
('3897',NULL,'11','Credit','MC','2024-02-06','41.28','Walmart','cash','Y'),
('3960',NULL,'4','Credit','Citi','2024-03-05','53.08','Albertsons','Groceries','Y'),
('3899',NULL,'4','Credit','Citi','2024-02-06','42.32','Sprouts','Groceries','Y'),
('3900',NULL,'4','Credit','Visa','2024-02-07','72.46','Verizobn','Verizon','Y'),
('3901',NULL,'4','Check','Check or Draft','2024-02-07','40.00','Salvation Army','Charities','Y'),
('3902',NULL,'4','Check','Check or Draft','2024-02-07','20.00','RGNC','Non-Monthlies','Y'),
('3903',NULL,'4','Check','Check or Draft','2024-02-07','73.08','Roadrunner WM','Non-Monthlies','Y'),
('3904',NULL,'4','Credit','Visa','2024-02-08','301.08','Dental Plan + Treatment','Medical/Dental','Y'),
('3905',NULL,'11','Credit','MC','2024-02-08','465.75','Thrive','Savings','Y'),
('3906',NULL,'11','Credit','MC','2024-02-08','294.51','Vet','vet/cat','Y'),
('3907',NULL,'4','Check','Check or Draft','2024-02-08','227.88','21-Day Cleanse Kit - Karen','Medical/Dental','Y'),
('3908',NULL,'11','Credit','MC','2024-02-09','254.33','Vet','vet/cat','Y'),
('3909',NULL,'4','Check','Check or Draft','2024-02-09','450.00','Janet Villa','Landscape Maintenance','Y'),
('3910',NULL,'11','Credit','MC','2024-02-10','156.48','CWC','Savings','Y'),
('3911',NULL,'4','Credit','Citi','2024-02-10','36.43','Albrtsons','Groceries','Y'),
('3912',NULL,'4','Credit','Citi','2024-02-10','60.17','Sprouts','Groceries','Y'),
('3913',NULL,'4','Credit','Visa','2024-02-10','44.48','Amazon - Ginger Chai Tea','Groceries','Y'),
('3914',NULL,'4','Credit','Citi','2024-02-11','24.80','Sprouts','Groceries','Y'),
('3915',NULL,'11','Credit','MC','2024-02-11','19.62','CVS','Massage','Y'),
('3916',NULL,'4','Check','Check or Draft','2024-02-12','718.00','Avery Klein','2023 Taxes','Y'),
('3917',NULL,'4','Credit','Visa','2024-02-12','13.54','Walgreens','Health Items','Y'),
('3918',NULL,'4','Credit','Visa','2024-02-12','33.14','Rocky Mtn Chocolate','Gifts','Y'),
('3919',NULL,'11','Credit','MC','2024-02-12','998.96','Southwest','Savings','Y'),
('3920',NULL,'4','Credit','Visa','2024-02-14','46.26','Red Rock Deli','Groceries','Y'),
('3921',NULL,'4','Credit','Visa','2024-02-14','23.99','USPS','2023 Taxes','Y'),
('3922',NULL,'4','Credit','Visa','2024-02-14','48.22','Murphy\'s','Auto Gas','Y'),
('3923',NULL,'11','Credit','MC','2024-02-14','48.30','chewy','vet/cat','Y'),
('3924',NULL,'11','Credit','MC','2024-02-14','28.32','petsmart','vet/cat','Y'),
('3925',NULL,'11','Credit','MC','2024-02-14','26.90','best buy','Massage','Y'),
('3926',NULL,'11','Credit','MC','2024-02-14','106.59','CVS','Medical','Y'),
('3927',NULL,'4','Debit','Wells Fargo','2024-02-14','60.00','Cash','Cash','Y'),
('3928',NULL,'4','Credit','Visa','2024-02-16','38.92','Flying Star','Entertainment','Y'),
('3929',NULL,'4','Credit','Visa','2024-02-16','73.57','Albertsons','Groceries','Y'),
('3930',NULL,'4','Credit','Visa','2024-02-17','35.00','Karen - oncology','Medical/Dental','Y'),
('3931',NULL,'4','Credit','Visa','2024-02-17','74.39','Sirius XM','Non-Monthlies','Y'),
('3932',NULL,'4','Credit','Visa','2024-02-17','31.21','Moon\'s Coffee','Groceries','Y'),
('3933',NULL,'4','Check','Check or Draft','2024-02-17','2895.03','Genworth LTC ','Genworth LTC Policy','Y'),
('3934',NULL,'4','Credit','Visa','2024-02-21','194.18','Illumin8','Chiro','Y'),
('3935',NULL,'4','Credit','Visa','2024-02-21','32.00','Sprouts','Groceries','Y'),
('3936',NULL,'4','Credit','Visa','2024-02-21','4.37','PetSmart','Groceries','Y'),
('3937',NULL,'4','Debit','Wells Fargo','2024-02-23','179.41','Century Link','TV/Internet','Y'),
('3938',NULL,'4','Credit','Visa','2024-02-23','59.29','Thai Boran','Entertainment','Y'),
('3939',NULL,'4','Credit','Visa','2024-02-23','35.17','Murphys','Auto Gas','Y'),
('3940',NULL,'4','Credit','Visa','2024-02-23','20.00','Office Visit copay','Medical/Dental','Y'),
('3941',NULL,'4','Credit','Visa','2024-02-25','107.44','Albertsons','Groceries','Y'),
('3942',NULL,'4','Credit','Visa','2024-02-25','24.00','Sprouts','Groceries','Y'),
('3943',NULL,'4','Check','Check or Draft','2024-02-28','2029.82','LaonDepot.com','Mortgage','Y'),
('3944',NULL,'4','Credit','Citi','2024-02-29','62.13','Smith\'s','Groceries','Y'),
('3945',NULL,'4','Debit','Wells Fargo','2024-03-01','116.99','Mosaic','Electric','Y'),
('3946',NULL,'11','Credit','MC','2024-03-02','31.77','murphy','vet/cat','Y'),
('3947',NULL,'11','Credit','MC','2024-03-02','3.99','sprouts','Misc','Y'),
('3948',NULL,'11','Credit','MC','2024-03-02','36.40','smiths','vet/cat','Y'),
('3949',NULL,'11','Credit','MC','2024-03-02','16.95','petsmart','vet/cat','Y'),
('3950',NULL,'4','Credit','Citi','2024-03-02','34.79','Sprouts','Groceries','Y'),
('3951',NULL,'4','Check','Check or Draft','2024-03-02','26.58','Karen - groceries','Groceries','Y'),
('3952',NULL,'4','Check','Check or Draft','2024-03-02','94.60','NM Gas','Natural Gas','Y'),
('3953',NULL,'4','Credit','Citi','2024-03-02','60.17','Albertsons','Groceries','Y'),
('3954',NULL,'4','Check','Check or Draft','2024-03-02','90.32','Karen - Curcumin','Health Items','Y'),
('3955',NULL,'4','Credit','Visa','2024-03-02','37.01','Range','Entertainment','Y'),
('3956',NULL,'11','Credit','MC','2024-03-02','26.58','albertsons','vet/cat','Y'),
('3957',NULL,'4','Credit','Visa','2024-03-04','36.57','Sprouts','Health Items','Y'),
('3958',NULL,'4','Check','','2024-02-06','37.66','Albertsons','Groceries','Y'),
('3959',NULL,'0','0','0','0000-00-00','0.00','0','0','Y'),
('3961',NULL,'4','Credit','Citi','2024-03-05','50.36','Sprouts','Groceries','Y'),
('3962',NULL,'11','Credit','MC','2024-03-06','37.66','Albertsons','cash','Y'),
('3963',NULL,'11','Credit','MC','2024-03-06','55.39','Walmart','cash','Y'),
('3964',NULL,'4','Credit','Visa','2024-03-07','72.46','Verizon','Verizon','Y'),
('3965',NULL,'4','Credit','Visa','2024-03-07','66.15','Lowe\'s','Home Misc','Y'),
('3966',NULL,'4','Credit','Visa','2024-03-07','45.45','Bosque Brewing','Entertainment','Y'),
('3967',NULL,'4','Credit','Citi','2024-03-07','87.23','Costco','Groceries','Y'),
('3968',NULL,'4','Check','Check or Draft','2024-03-07','400.00','Janet Villa','Landscape Maintenance','Y'),
('3969',NULL,'11','Credit','MC','2024-03-07','141.50','Corrales VEt','vet/cat','Y'),
('3970',NULL,'4','Debit','Wells Fargo','2024-03-08','60.00','Cash','Cash','Y'),
('3971',NULL,'4','Credit','Visa','2024-03-08','43.01','Lowe\'s','Home Misc','Y'),
('3972',NULL,'4','Credit','Visa','2024-03-08','40.38','Cheddar\'s','Entertainment','Y'),
('3973',NULL,'4','Check','Check or Draft','2024-03-09','0.43','PNM','Electric','Y'),
('3974',NULL,'4','Credit','Citi','2024-03-09','68.73','Albertsons','Groceries','Y'),
('3975',NULL,'4','Credit','Citi','2024-03-09','63.60','Sprouts','Groceries','Y'),
('3976',NULL,'11','Credit','MC','2024-03-11','22.97','CVS','cash','Y'),
('3977',NULL,'11','Credit','MC','2024-03-11','21.77','Chewy ','vet/cat','Y'),
('3978',NULL,'4','Check','Check or Draft','2024-03-11','495.00','Janet Villa','Landscape Maintenance','Y'),
('3979',NULL,'11','Credit','MC','2024-03-12','45.33','Walgreens','cash','Y'),
('3980',NULL,'4','Credit','Visa','2024-03-12','26.89','Murphys','Auto Gas','Y'),
('3981',NULL,'4','Credit','Visa','2024-03-12','31.23','Jasons','Entertainment','Y'),
('3982',NULL,'4','Credit','Citi','2024-03-15','49.92','Albertsons','Groceries','Y'),
('3983',NULL,'4','Credit','Citi','2024-03-15','91.04','Sprouts','Groceries','Y'),
('3984',NULL,'4','Credit','Visa','2024-03-15','35.00','Scullys Minerals','Home Misc','Y'),
('3985',NULL,'4','Credit','Visa','2024-03-15','66.32','Belle\'s','Entertainment','Y'),
('3986',NULL,'4','Credit','Citi','2024-03-17','50.54','Albertsons','Groceries','Y'),
('3987',NULL,'4','Credit','Citi','2024-03-17','53.21','Sprouts','Groceries','Y');
INSERT INTO Charges VALUES
('3988',NULL,'4','Credit','Visa','2024-03-18','199.77','Total Wine','Wine','Y'),
('3989',NULL,'4','Credit','Visa','2024-03-20','194.18','Illumin8','Chiro','Y'),
('3990',NULL,'4','Check','Check or Draft','2024-03-20','800.00','Janet Villa','Landscape Maintenance','Y'),
('3991',NULL,'4','Credit','Visa','2024-03-20','32.82','Jasons Deli','Entertainment','Y'),
('3992',NULL,'4','Credit','Citi','2024-03-20','42.41','Albertsons','Groceries','Y'),
('3993',NULL,'4','Credit','Citi','2024-03-20','16.89','Sprouts','Groceries','Y'),
('3994',NULL,'4','Credit','Visa','2024-03-20','68.86','TLC','Non-Monthlies','Y'),
('3995',NULL,'4','Credit','Visa','2024-03-20','84.97','First Rate Plumbing','Appliances/Repair','Y'),
('3996',NULL,'11','Credit','MC','2024-03-20','38.40','chewy','vet/cat','Y'),
('3997',NULL,'4','Credit','Visa','2024-03-21','20.00','PT','Medical/Dental','Y'),
('3998',NULL,'4','Credit','Visa','2024-03-22','133.83','Holiday Inn - Karen','Travel','Y'),
('3999',NULL,'4','Credit','Visa','2024-03-22','5.54','Starbucks - Albertsons','Groceries','Y'),
('4000',NULL,'4','Credit','Visa','2024-03-22','26.84','Lowe\'s','Home Misc','Y'),
('4001',NULL,'4','Credit','Visa','2024-03-22','21.99','Domain.com','Computer','Y'),
('4002',NULL,'4','Credit','Visa','2024-03-22','88.50','Thia Balls - Rocostar.com','Medical/Dental','Y'),
('4003',NULL,'4','Credit','Visa','2024-03-22','21.99','Earl Gray Tea','Groceries','Y'),
('4004',NULL,'4','Credit','Visa','2024-03-22','0.40','Bad entry for Amazon Tea','Groceries','Y'),
('4005',NULL,'4','Credit','Visa','2024-03-22','-103.13','Pres Refund','Medical/Dental','Y'),
('4006',NULL,'4','Debit','Wells Fargo','2024-03-23','179.41','Century Link','TV/Internet','Y'),
('4007',NULL,'4','Credit','Visa','2024-03-23','323.74','Southwest Vet','Medical/Dental','Y'),
('4008',NULL,'4','Credit','Visa','2024-03-24','55.15','Nann & Dosas','Entertainment','Y'),
('4009',NULL,'4','Credit','Citi','2024-03-24','81.57','Albertsons','Groceries','Y'),
('4010',NULL,'4','Credit','Citi','2024-03-24','25.46','Sprouts','Groceries','Y'),
('4011',NULL,'11','Credit','Kohls','2024-03-25','28.84','Kohls','Class','Y'),
('4012',NULL,'11','Credit','MC','2024-03-25','13.97','amazon','Class','Y'),
('4013',NULL,'11','Credit','MC','2024-03-25','25.80','Amazon','Class','Y'),
('4014',NULL,'4','Credit','Visa','2024-03-25','37.04','Murphy\'s','Auto Gas','Y'),
('4015',NULL,'4','Credit','Visa','2024-03-26','35.00','Dr Husen ENT','Medical/Dental','Y'),
('4016',NULL,'4','Credit','Visa','2024-03-26','18.26','Amazon - towels','Home Misc','Y'),
('4017',NULL,'4','Credit','Visa','2024-03-26','52.38','Bosque Brewing','Entertainment','Y'),
('4018',NULL,'4','Credit','Visa','2024-03-28','20.00','Physical Therapy','Medical/Dental','Y'),
('4019',NULL,'4','Credit','Visa','2024-03-28','72.05','At Home','Home Misc','Y'),
('4020',NULL,'4','Debit','Wells Fargo','2024-03-28','60.00','ATM','Cash','Y'),
('4021',NULL,'4','Credit','Visa','2024-03-28','55.28','CVS','Health Items','Y'),
('4022',NULL,'4','Credit','Visa','2024-03-28','18.26','Amazon - more towels','Home Misc','Y'),
('4023',NULL,'4','Check','Check or Draft','2024-03-29','1500.00','Karen - IRS Refund','Undistributed Funds','Y'),
('4024',NULL,'11','Credit','MC','2024-03-29','136.30','HDS','Savings','Y'),
('4025',NULL,'4','Credit','Citi','2024-03-29','51.53','Albertsons','Groceries','Y'),
('4026',NULL,'4','Credit','Citi','2024-03-29','126.73','Albertsons','Groceries','Y'),
('4027',NULL,'4','Check','Check or Draft','2024-03-30','2029.92','LoanDepot.com LLC','Mortgage','Y'),
('4028',NULL,'4','Credit','Visa','2024-03-30','13.73','Lowe\'s','Home Misc','Y'),
('4029',NULL,'11','Credit','MC','2024-03-30','6.79','WM','Gas','Y'),
('4030',NULL,'11','Credit','MC','2024-03-30','21.71','murphy','Gas','Y'),
('4031',NULL,'4','Credit','Visa','2024-03-31','600.19','Gazelle iPhone14','Undistributed Funds','Y'),
('4032',NULL,'4','Credit','Visa','2024-03-31','70.42','Cocina Azul','Entertainment','Y'),
('4033',NULL,'4','Credit','Visa','2024-03-31','64.53','Shoulder Heat','Medical/Dental','Y'),
('4034',NULL,'4','Debit','Wells Fargo','2024-04-01','116.99','Mosaic','Electric','Y'),
('4035',NULL,'4','Credit','Visa','2024-04-01','3.49','Sprouts','Groceries','Y'),
('4036',NULL,'11','Credit','MC','2024-04-02','31.49','Barb','hair','Y'),
('4037',NULL,'4','Credit','Citi','2024-04-02','15.18','Century Rio Theater','Entertainment','Y'),
('4038',NULL,'4','Credit','Visa','2024-04-03','41.90','Wecks','Entertainment','Y'),
('4039',NULL,'4','Credit','Visa','2024-04-03','68.38','Lowe\'s','Home Misc','Y'),
('4040',NULL,'4','Credit','Visa','2024-04-03','95.78','Best Buy: cable, phone cover','Computer','Y'),
('4041',NULL,'4','Credit','Visa','2024-04-04','29.83','Jasons','Entertainment','Y'),
('4042',NULL,'4','Credit','Visa','2024-04-05','58.43','Mtucci\'s','Entertainment','Y'),
('4043',NULL,'4','Check','Check or Draft','2024-04-05','1.23','PNM','Electric','Y'),
('4044',NULL,'4','Check','Check or Draft','2024-04-05','65.18','NM Gas','Natural Gas','Y'),
('4045',NULL,'4','Credit','Visa','2024-04-05','20.00','PT','Medical/Dental','Y'),
('4046',NULL,'4','Check','Check or Draft','2024-04-05','114.90','Karen','Groceries','Y'),
('4047',NULL,'4','Credit','Visa','2024-04-05','34.22','Murphys','Auto Gas','Y'),
('4048',NULL,'4','Credit','Visa','2024-04-05','130.93','Terminix','Non-Monthlies','Y'),
('4049',NULL,'11','Credit','MC','2024-04-05','10.32','SV','cash','Y'),
('4050',NULL,'11','Credit','MC','2024-04-05','10.60','USPS','cash','Y'),
('4051',NULL,'4','Credit','Visa','2024-04-07','72.46','Verizon','Verizon','Y'),
('4052',NULL,'4','Credit','Visa','2024-04-07','31.21','Moon\'s Coffee','Groceries','Y'),
('4053',NULL,'11','Credit','MC','2024-04-07','16.00','Tully','cash','Y'),
('4054',NULL,'11','Credit','MC','2024-04-07','10.00','brittle','cash','Y'),
('4055',NULL,'11','Credit','MC','2024-04-07','12.00','the shop','cash','Y'),
('4056',NULL,'11','Credit','MC','2024-04-07','18.00','spices','cash','Y'),
('4057',NULL,'11','Credit','MC','2024-04-07','30.00','ginger drinks','cash','Y'),
('4058',NULL,'4','Credit','Citi','2024-04-08','54.24','Albertsons','Groceries','Y'),
('4059',NULL,'4','Credit','Citi','2024-04-08','33.15','Sprouts','Groceries','Y'),
('4060',NULL,'4','Credit','Visa','2024-04-08','26.98','warwerget','Home Misc','Y'),
('4061',NULL,'11','Credit','MC','2024-04-09','30.74','Nat. Groc','Misc','Y'),
('4062',NULL,'11','Credit','Kohls','2024-04-10','23.68','Kohls','Misc','Y'),
('4063',NULL,'4','Credit','Visa','2024-04-11','20.00','PT','Medical/Dental','Y'),
('4064',NULL,'4','Credit','Citi','2024-04-12','84.10','Albertsons','Groceries','Y'),
('4065',NULL,'4','Credit','Citi','2024-04-12','72.16','Sprouts','Groceries','Y'),
('4066',NULL,'4','Check','Check or Draft','2024-04-12','540.00','Janet Villa','Landscape Maintenance','Y'),
('4067',NULL,'4','Credit','Visa','2024-04-14','474.51','Amazon - Air Purifier','Home Misc','Y'),
('4068',NULL,'4','Credit','Visa','2024-04-14','20.88','Lowe\'s wood','Home Misc','Y'),
('4069',NULL,'4','Credit','Visa','2024-04-14','45.45','Bosque Brewing','Entertainment','Y'),
('4070',NULL,'4','Credit','Visa','2024-04-14','12.85','Walmart Frame','Home Misc','Y'),
('4071',NULL,'4','Credit','Citi','2024-04-14','49.67','Canasta - dessert','Groceries','Y'),
('4072',NULL,'4','Credit','Citi','2024-04-14','62.92','CostCo','Groceries','Y'),
('4073',NULL,'11','Credit','MC','2024-04-15','50.00','PP - Godine','Birthday','Y'),
('4074',NULL,'4','Credit','Citi','2024-04-15','6.49','Smiths','Groceries','Y'),
('4075',NULL,'4','Check','Check or Draft','2024-04-16','116.90','Karen - Curcumin','Groceries','Y'),
('4076',NULL,'4','Credit','Visa','2024-04-17','26.91','Jasons','Entertainment','Y'),
('4077',NULL,'4','Credit','Citi','2024-04-17','38.84','Albertsons','Groceries','Y'),
('4078',NULL,'11','Credit','MC','2024-04-17','144.64','CVS','Medical','Y'),
('4079',NULL,'4','Credit','Visa','2024-04-19','21.77','Chewy','Groceries','Y'),
('4080',NULL,'4','Credit','Visa','2024-04-19','116.90','Shoulder heating pad','Medical/Dental','Y'),
('4081',NULL,'4','Credit','Visa','2024-04-19','36.71','Consumer Rpts','Non-Monthlies','Y'),
('4082',NULL,'4','Credit','Visa','2024-04-19','5.05','REI','Clothing','Y'),
('4083',NULL,'4','Credit','Visa','2024-04-19','2.79','Albertsons','Groceries','Y'),
('4084',NULL,'4','Credit','Visa','2024-04-19','13.97','Amazon','Home Misc','Y'),
('4085',NULL,'4','Credit','Visa','2024-04-19','111.48','Amazon - Glyco etc','Home Misc','Y'),
('4086',NULL,'4','Credit','Citi','2024-04-19','75.16','Albertsons','Groceries','Y'),
('4087',NULL,'4','Credit','Citi','2024-04-19','21.25','Costco','Groceries','Y');
INSERT INTO Charges VALUES
('4088',NULL,'4','Credit','Visa','2024-04-22','194.18','Illumin8','Chiro','Y'),
('4089',NULL,'4','Credit','Citi','2024-04-22','99.97','Sprouts','Groceries','Y'),
('4090',NULL,'4','Credit','Citi','2024-04-22','51.76','Albertsons','Groceries','Y'),
('4091',NULL,'4','Credit','Visa','2024-04-22','20.00','Pres','Medical/Dental','Y'),
('4092',NULL,'4','Credit','Visa','2024-04-22','10.61','Amazon - kitchen sink strainer','Home Misc','Y'),
('4093',NULL,'4','Credit','Citi','2024-04-22','5.96','Sprouts','Groceries','Y'),
('4094',NULL,'4','Debit','Wells Fargo','2024-04-23','179.41','Century Link','TV/Internet','Y'),
('4095',NULL,'4','Credit','Visa','2024-04-23','10.72','Walmart','Health Items','Y'),
('4096',NULL,'4','Credit','Visa','2024-04-23','10.44','Lowe\'s - wood','Home Misc','Y'),
('4097',NULL,'4','Credit','Visa','2024-04-23','13.97','Lowe\'s - screws','Home Misc','Y'),
('4098',NULL,'4','Credit','Visa','2024-04-23','34.60','Murphy\'s','Auto Gas','Y'),
('4099',NULL,'4','Credit','Citi','2024-04-23','78.66','Sprouts','Groceries','Y'),
('4100',NULL,'4','Credit','Citi','2024-04-23','1.39','Albertsons','Groceries','Y'),
('4101',NULL,'4','Credit','Visa','2024-04-25','3007.04','Builders Source - Laundry','Appliances/Repair','Y'),
('4102',NULL,'11','Credit','MC','2024-04-25','26.61','Murphy','Gas','Y'),
('4103',NULL,'11','Credit','MC','2024-04-25','537.65','Honda','Car maintenance','Y'),
('4104',NULL,'4','Credit','Citi','2024-04-25','23.83','Sprouts','Groceries','Y'),
('4105',NULL,'4','Credit','Citi','2024-04-25','4.29','Sprouts','Groceries','Y'),
('4106',NULL,'11','Credit','MC','2024-04-26','22.19','CVS','Medical','Y'),
('4107',NULL,'4','Credit','Citi','2024-04-27','96.22','TSC','Groceries','Y'),
('4108',NULL,'4','Credit','Citi','2024-04-27','69.22','Sprouts','Groceries','Y'),
('4109',NULL,'11','Credit','MC','2024-04-28','37.43','amazon','Misc','Y'),
('4110',NULL,'11','Credit','Kohls','2024-04-28','5.37','Kohls','cash','Y'),
('4111',NULL,'4','Credit','Visa','2024-04-29','96.86','Waist Pack - REI','Home Misc','Y'),
('4112',NULL,'4','Credit','Citi','2024-04-29','33.44','Sprouts','Groceries','Y'),
('4113',NULL,'4','Credit','Citi','2024-04-29','11.96','Sprouts','Groceries','Y'),
('4114',NULL,'4','Credit','Visa','2024-04-29','34.44','Mister Carwash','Auto Maintenance','Y'),
('4115',NULL,'4','Credit','Visa','2024-04-29','36.79','Murphys','Auto Gas','Y'),
('4116',NULL,'4','Check','Check or Draft','2024-04-29','2029.92','Loan Depot','Mortgage','Y'),
('4117',NULL,'4','Credit','Citi','2024-04-30','48.80','Albertsons','Groceries','Y'),
('4118',NULL,'4','Credit','Citi','2024-04-30','19.36','Sprouts','Groceries','Y'),
('4119',NULL,'4','Debit','Wells Fargo','2024-05-01','116.99','Mosaic','Electric','Y'),
('4120',NULL,'4','Credit','Visa','2024-05-01','16.10','Walmart','Home Misc','Y'),
('4121',NULL,'4','Credit','Visa','2024-05-01','57.02','Staples - printer ink','Computer','Y'),
('4122',NULL,'4','Check','Check or Draft','2024-05-01','100.00','Caleb - graduation','Gifts','Y'),
('4123',NULL,'11','Credit','Kohls','2024-05-01','11.22','Kohls','Misc','Y'),
('4124',NULL,'4','Credit','Visa','2024-05-02','712.32','Old Taos Guesthouse','Travel','Y'),
('4125',NULL,'11','Credit','MC','2024-05-02','36.58','Sprouts','Vitamins','Y'),
('4126',NULL,'11','Credit','MC','2024-05-02','44.25','Duluth','cash','Y'),
('4127',NULL,'11','Credit','MC','2024-05-02','30.73','Albertsons','Medical','Y'),
('4128',NULL,'4','Credit','Citi','2024-05-02','28.11','Albertsons','Groceries','Y'),
('4129',NULL,'4','Credit','Citi','2024-05-02','53.38','Sprouts','Groceries','Y'),
('4130',NULL,'4','Credit','Visa','2024-05-02','12.89','Lowe\'s','Home Misc','Y'),
('4131',NULL,'11','Credit','MC','2024-05-03','49.46','Jockey','Misc','Y'),
('4132',NULL,'4','Credit','Visa','2024-05-04','215.62','Wood art bowl','Undistributed Funds','Y'),
('4133',NULL,'4','Credit','Citi','2024-05-04','16.46','Albertsons','Groceries','Y'),
('4134',NULL,'4','Credit','Citi','2024-05-04','30.47','Sprouts','Groceries','Y'),
('4135',NULL,'4','Credit','Citi','2024-05-04','2.15','Sprouts','Groceries','Y'),
('4136',NULL,'4','Credit','Visa','2024-05-06','103.27','Alameda Greenhouse','Home Misc','Y'),
('4137',NULL,'4','Credit','Visa','2024-05-06','81.71','Lowe\'s - plants','Home Misc','Y'),
('4138',NULL,'4','Credit','Visa','2024-05-06','56.91','Lowe\'s - cabinet supplies','Home Misc','Y'),
('4139',NULL,'4','Credit','Citi','2024-05-06','10.63','Albertsons','Groceries','Y'),
('4140',NULL,'4','Credit','Citi','2024-05-06','33.76','Sprouts','Groceries','Y'),
('4141',NULL,'11','Credit','MC','2024-05-07','77.45','Soma','Misc','Y'),
('4142',NULL,'11','Credit','MC','2024-05-08','63.45','Solbari','Misc','Y'),
('4143',NULL,'4','Credit','Visa','2024-05-08','72.42','Verizon','Verizon','Y'),
('4144',NULL,'4','Credit','Citi','2024-05-08','14.00','Tully\'s','Groceries','Y'),
('4145',NULL,'4','Credit','Citi','2024-05-08','22.00','Square - Choc & Coffee','Groceries','Y'),
('4146',NULL,'4','Credit','Citi','2024-05-08','20.91','Sprouts','Groceries','Y'),
('4147',NULL,'4','Credit','Citi','2024-05-08','0.02','Sprouts 4/22 error','Groceries','Y'),
('4148',NULL,'4','Credit','Citi','2024-05-08','1.00','Error 4/19 - Albertsons','Groceries','Y'),
('4149',NULL,'4','Credit','Citi','2024-05-08','-0.40','Error 3/27 Albertsons','Groceries','Y'),
('4150',NULL,'4','Credit','Citi','2024-05-08','105.41','Cosctco','Groceries','Y'),
('4151',NULL,'4','Credit','Citi','2024-05-08','23.11','Albertsons','Groceries','Y'),
('4152',NULL,'4','Check','Check or Draft','2024-05-08','73.08','Road Runner Waste','Non-Monthlies','Y'),
('4153',NULL,'4','Check','Check or Draft','2024-05-08','32.73','NM Gas','Natural Gas','Y'),
('4154',NULL,'4','Check','Check or Draft','2024-05-08','1.23','PNM','Electric','Y'),
('4155',NULL,'4','Check','Check or Draft','2024-05-08','151.00','AAA New Mexico','Undistributed Funds','Y'),
('4156',NULL,'4','Credit','Citi','2024-05-08','33.88','Albertsons','Groceries','Y'),
('4157',NULL,'4','Credit','Citi','2024-05-08','58.49','Sprouts','Groceries','Y'),
('4158',NULL,'4','Credit','Visa','2024-05-08','20.00','Pres -PT','Medical/Dental','Y'),
('4159',NULL,'11','Credit','MC','2024-05-09','37.86','amazon cp','Birthday','Y'),
('4160',NULL,'11','Credit','MC','2024-05-09','28.12','CVS','cash','Y'),
('4161',NULL,'4','Credit','Visa','2024-05-10','34.44','Mister Carwash','Auto Maintenance','Y'),
('4162',NULL,'4','Credit','Visa','2024-05-10','34.90','Murphys','Auto Gas','Y'),
('4163',NULL,'4','Credit','Visa','2024-05-10','27.27','Lowe\'s','Home Misc','Y'),
('4164',NULL,'4','Credit','Visa','2024-05-10','0.00','Walmart - card','Home Misc','Y'),
('4165',NULL,'4','Credit','Visa','2024-05-10','10.75','Walgreens - Eye drops','Health Items','Y'),
('4166',NULL,'4','Credit','Citi','2024-05-10','29.14','Albertsons','Groceries','Y'),
('4167',NULL,'4','Credit','Citi','2024-05-10','83.36','Sprouts','Groceries','Y'),
('4168',NULL,'4','Credit','Citi','2024-05-10','10.58','Smiths','Groceries','Y'),
('4169',NULL,'4','Credit','Visa','2024-05-11','156.49','Bed Bath & Beyond','Undistributed Funds','Y'),
('4170',NULL,'4','Credit','Citi','2024-05-13','27.85','Albertsons','Groceries','Y'),
('4171',NULL,'4','Credit','Citi','2024-05-13','47.44','Sprouts','Groceries','Y'),
('4172',NULL,'4','Credit','Visa','2024-05-14','1740.80','Amtrak','Undistributed Funds','Y'),
('4173',NULL,'4','Credit','Visa','2024-05-14','74.39','Sirius XM','Non-Monthlies','Y'),
('4174',NULL,'4','Check','Check or Draft','2024-05-14','375.00','Janet Villa','Landscape Maintenance','Y'),
('4175',NULL,'11','Credit','MC','2024-05-14','40.07','CVS','Medical','Y'),
('4176',NULL,'4','Credit','Visa','2024-05-15','450.61','LH Miller Chrysler/Jeep','Auto Maintenance','Y'),
('4177',NULL,'4','Credit','Visa','2024-05-15','20.00','PT','Medical/Dental','Y'),
('4178',NULL,'4','Credit','Visa','2024-05-15','52.38','Bosque Brewing','Entertainment','Y'),
('4179',NULL,'4','Credit','Citi','2024-05-16','39.94','Albertsons','Groceries','Y'),
('4180',NULL,'4','Credit','Citi','2024-05-16','105.37','Sprouts','Groceries','Y'),
('4181',NULL,'4','Credit','Visa','2024-05-19','120.00','IPCC','Non-Monthlies','Y'),
('4182',NULL,'4','Credit','Visa','2024-05-19','60.30','IPCC Cafe','Entertainment','Y'),
('4183',NULL,'11','Credit','MC','2024-05-20','43.15','dream','Class','Y'),
('4184',NULL,'11','Credit','MC','2024-05-21','48.41','Walgreens','Class','Y'),
('4185',NULL,'4','Credit','Visa','2024-05-21','194.18','Illumin8','Chiro','Y'),
('4186',NULL,'4','Credit','Visa','2024-05-21','32.26','Picture This App','Home Misc','Y'),
('4187',NULL,'4','Credit','Visa','2024-05-21','60.80','Hannah & Nates','Entertainment','Y');
INSERT INTO Charges VALUES
('4188',NULL,'4','Credit','Visa','2024-05-21','26.79','Murphys','Auto Gas','Y'),
('4189',NULL,'4','Credit','Visa','2024-05-21','101.84','Sadie\'s','Entertainment','Y'),
('4190',NULL,'4','Credit','Citi','2024-05-21','20.50','Albertsons','Groceries','Y'),
('4191',NULL,'4','Credit','Citi','2024-05-21','37.01','Sprouts','Groceries','Y'),
('4192',NULL,'4','Credit','Visa','2024-05-21','33.00','O\'Keeffe Museum','Entertainment','Y'),
('4193',NULL,'11','Credit','MC','2024-05-21','33.33','Murphy','Gas','Y'),
('4194',NULL,'4','Debit','Wells Fargo','2024-05-23','179.41','Century Link','TV/Internet','Y'),
('4195',NULL,'4','Credit','Visa','2024-05-23','32.26','Dishwashwer tablets','Home Misc','Y'),
('4196',NULL,'4','Credit','Visa','2024-05-23','10.61','2nd sink strainer','Home Misc','Y'),
('4197',NULL,'4','Credit','Visa','2024-05-23','20.00','4/29 PT','Medical/Dental','Y'),
('4198',NULL,'4','Credit','Visa','2024-05-23','0.00','5/8 PT','Medical/Dental','Y'),
('4199',NULL,'4','Credit','Visa','2024-05-23','10.44','Lowe\'s','Home Misc','Y'),
('4200',NULL,'11','Credit','MC','2024-05-23','34.66','Georgia','Class','Y'),
('4201',NULL,'4','Check','Check or Draft','2024-05-24','75.00','Janet Villa','Landscape Maintenance','Y'),
('4202',NULL,'4','Credit','Visa','2024-05-24','86.95','Clafouti\'s','Entertainment','Y'),
('4203',NULL,'4','Credit','Visa','2024-05-24','36.52','Murphys','Auto Gas','Y'),
('4204',NULL,'4','Credit','Visa','2024-05-24','96.09','Tram','Entertainment','Y'),
('4205',NULL,'4','Credit','Visa','2024-05-24','347.75','Ten Three','Entertainment','Y'),
('4206',NULL,'4','Credit','Visa','2024-05-24','43.40','Jason\'s','Entertainment','Y'),
('4207',NULL,'4','Credit','Visa','2024-05-24','20.37','Sprouts','Groceries','Y'),
('4208',NULL,'11','Credit','MC','2024-05-25','54.86','marshalls','Class','Y'),
('4209',NULL,'11','Credit','MC','2024-05-25','33.99','salve','Class','Y'),
('4210',NULL,'4','Credit','Citi','2024-05-26','54.87','Albertsons','Groceries','Y'),
('4211',NULL,'4','Credit','Citi','2024-05-26','46.53','Sprouts','Groceries','Y'),
('4212',NULL,'4','Check','Check or Draft','2024-05-26','116.90','Karen - Curcumin','Health Items','Y'),
('4213',NULL,'4','Credit','Visa','2024-05-26','28.77','Amazon book - Barbara','Gifts','Y'),
('4214',NULL,'11','Credit','MC','2024-05-26','25.06','walmart','cash','Y'),
('4215',NULL,'4','Credit','Citi','2024-05-27','6.99','Albertsons','Groceries','Y'),
('4216',NULL,'4','Credit','Citi','2024-05-27','0.00','Walmart','Groceries','Y'),
('4217',NULL,'4','Credit','Citi','2024-05-28','24.73','Albertsons','Groceries','Y'),
('4218',NULL,'4','Credit','Citi','2024-05-28','118.27','Sprouts','Groceries','Y'),
('4219',NULL,'4','Credit','Visa','2024-05-29','20.00','PT','Medical/Dental','Y'),
('4220',NULL,'4','Debit','Wells Fargo','2024-05-29','60.00','Cash','Cash','Y'),
('4221',NULL,'11','Credit','MC','2024-05-29','62.41','Best Buy','Misc','Y'),
('4222',NULL,'11','Credit','MC','2024-05-29','55.88','Maran','Savings','Y'),
('4223',NULL,'11','Credit','MC','2024-05-29','41.95','City','Savings','Y'),
('4224',NULL,'11','Credit','MC','2024-05-29','49.77','Walgreens','Savings','Y'),
('4225',NULL,'4','Check','Check or Draft','2024-05-30','2029.92','Loandepot.com','Mortgage','Y'),
('4226',NULL,'4','Credit','Visa','2024-05-30','177.58','Cottowood Smiles','Medical/Dental','Y'),
('4227',NULL,'4','Credit','Citi','2024-05-30','45.17','Albertsons','Groceries','Y'),
('4228',NULL,'4','Credit','Visa','2024-05-30','26.22','Rudys BBq','Entertainment','Y'),
('4229',NULL,'11','Credit','MC','2024-05-30','35.19','albertsons','Misc','Y'),
('4230',NULL,'4','Credit','Visa','2024-05-30','17.35','Lowe\'s','Home Misc','Y'),
('4231',NULL,'4','Credit','Visa','2024-05-30','144.00','Cabela\'s','Clothing','Y'),
('4232',NULL,'4','Credit','Visa','2024-05-30','51.76','Bosque Brewing','Entertainment','Y'),
('4233',NULL,'4','Credit','Visa','2024-05-31','52.44','Jemez Trail','Entertainment','Y'),
('4234',NULL,'4','Debit','Wells Fargo','2024-06-01','69.67','Mosaic Solar','Electric','Y'),
('4235',NULL,'4','Credit','Visa','2024-06-01','26.06','Murphys','Auto Gas','Y'),
('4236',NULL,'4','Credit','Citi','2024-06-01','17.04','Albertsons','Groceries','Y'),
('4237',NULL,'4','Credit','Citi','2024-06-01','68.83','Sprouts','Groceries','Y'),
('4238',NULL,'4','Credit','Visa','2024-06-02','15.61','Moon\'s Coffee','Groceries','Y'),
('4239',NULL,'11','Credit','MC','2024-06-02','32.29','Best','Misc','Y'),
('4240',NULL,'4','Credit','Visa','2024-06-03','31.00','Murphys','Auto Gas','Y'),
('4241',NULL,'4','Credit','Citi','2024-06-03','16.68','Sprouts','Groceries','Y'),
('4242',NULL,'4','Credit','Visa','2024-06-03','23.12','Sprouts - creams','Health Items','Y'),
('4243',NULL,'4','Check','Check or Draft','2024-06-04','18.62','NM gas','Natural Gas','Y'),
('4244',NULL,'4','Check','Check or Draft','2024-06-04','50.00','Parkinsons','Charities','Y'),
('4245',NULL,'11','Credit','MC','2024-06-04','80.67','thrive','Misc','Y'),
('4246',NULL,'11','Credit','MC','2024-06-04','6.03','Savers','cash','Y'),
('4247',NULL,'4','Credit','Visa','2024-06-04','22.00','Lowe\'s','Home Misc','Y'),
('4248',NULL,'4','Credit','Visa','2024-06-04','29.21','Jasons','Entertainment','Y'),
('4249',NULL,'11','Credit','MC','2024-06-05','42.92','Honey Teas','Misc','Y'),
('4250',NULL,'4','Credit','Citi','2024-06-05','58.58','Albertsons','Groceries','Y'),
('4251',NULL,'4','Credit','Citi','2024-06-05','67.11','Sprouts','Groceries','Y'),
('4252',NULL,'4','Credit','Visa','2024-06-06','110.59','Hiking (poles/waist pack)','Undistributed Funds','Y'),
('4253',NULL,'4','Check','Check or Draft','2024-06-06','1.23','PNM','Electric','Y'),
('4254',NULL,'4','Credit','Citi','2024-06-06','10.47','Smiths','Groceries','Y'),
('4255',NULL,'4','Credit','Citi','2024-06-06','40.17','Natural Grocers','Health Items','Y'),
('4256',NULL,'4','Credit','Visa','2024-06-07','72.42','Verizon','Verizon','Y'),
('4257',NULL,'4','Credit','Citi','2024-06-07','-8.99','Albertsons','Groceries','Y'),
('4258',NULL,'4','Credit','Citi','2024-06-07','5.99','Albertsons','Groceries','Y'),
('4259',NULL,'11','Credit','MC','2024-06-07','43.01','Amazon','Travel','Y'),
('4260',NULL,'11','Credit','MC','2024-06-08','41.34','Walgreens','Medical','Y'),
('4261',NULL,'4','Credit','Visa','2024-06-08','36.53','Lowe\'s','Home Misc','Y'),
('4262',NULL,'4','Credit','Citi','2024-06-08','50.30','Sprouts','Groceries','Y'),
('4263',NULL,'4','Credit','Citi','2024-06-08','34.04','Albertsons','Groceries','Y'),
('4264',NULL,'11','Credit','MC','2024-06-08','66.34','Natural Grocer','Medical','Y'),
('4265',NULL,'4','Credit','Visa','2024-06-09','15.07','Mister Car Wash','Auto Maintenance','Y'),
('4266',NULL,'4','Credit','Visa','2024-06-09','25.52','Murphys','Auto Gas','Y'),
('4267',NULL,'11','Credit','MC','2024-06-09','24.34','walmat','Misc','Y'),
('4268',NULL,'4','Credit','Visa','2024-06-14','21.90','Walgreens','Vision','Y'),
('4269',NULL,'4','Credit','Visa','2024-06-14','33.00','Taos Historic Museum','Travel','Y'),
('4270',NULL,'4','Credit','Visa','2024-06-14','157.58','Taos Mtn Outfitters','Clothing','Y'),
('4271',NULL,'4','Credit','Visa','2024-06-14','44.08','Taos Mesa Brewery','Entertainment','Y'),
('4272',NULL,'4','Credit','Visa','2024-06-14','49.41','Harry\'s Roadhouse','Entertainment','Y'),
('4273',NULL,'4','Credit','Visa','2024-06-14','78.20','Suchness / Taos','Entertainment','Y'),
('4274',NULL,'4','Credit','Visa','2024-06-14','59.23','Red River Brewing','Entertainment','Y'),
('4275',NULL,'4','Credit','Visa','2024-06-14','19.26','Taos Cow','Entertainment','Y'),
('4276',NULL,'4','Credit','Visa','2024-06-14','20.54','Taos Cow - Arroyo Seco','Entertainment','Y'),
('4277',NULL,'4','Credit','Visa','2024-06-14','103.00','Lamberts','Entertainment','Y'),
('4278',NULL,'4','Credit','Visa','2024-06-14','53.28','Ortega\'s','Travel','Y'),
('4279',NULL,'4','Credit','Visa','2024-06-14','463.48','Sky Railway','Travel','Y'),
('4280',NULL,'11','Credit','MC','2024-06-14','94.55','Taos Rockers','Misc','Y'),
('4281',NULL,'11','Credit','MC','2024-06-14','25.00','Red river sox','Misc','Y'),
('4282',NULL,'11','Credit','MC','2024-06-14','19.18','Walgreens Taos','Misc','Y'),
('4283',NULL,'11','Credit','MC','2024-06-14','209.64','Oofos','Savings','Y'),
('4284',NULL,'11','Credit','MC','2024-06-14','97.37','Moda','Savings','Y'),
('4285',NULL,'4','Credit','Visa','2024-06-15','537.80','Garmin GPSMap','Undistributed Funds','Y'),
('4286',NULL,'4','Credit','Visa','2024-06-16','34.16','Amazon - Key locks','Home Misc','Y'),
('4287',NULL,'4','Credit','Visa','2024-06-16','43.19','Flying Star','Entertainment','Y');
INSERT INTO Charges VALUES
('4288',NULL,'4','Credit','Visa','2024-06-16','209.64','Oofos - Karen to reimburse','Home Misc','Y'),
('4289',NULL,'4','Credit','Citi','2024-06-16','0.00','Albertsons','Groceries','Y'),
('4290',NULL,'4','Credit','Citi','2024-06-16','77.61','Sprouts','Groceries','Y'),
('4291',NULL,'4','Credit','Citi','2024-06-18','32.55','Albertsons','Groceries','Y'),
('4292',NULL,'4','Credit','Citi','2024-06-18','71.50','Sprouts','Groceries','Y'),
('4293',NULL,'4','Credit','Visa','2024-06-18','35.79','Murphys','Auto Gas','Y'),
('4294',NULL,'4','Credit','Visa','2024-06-18','19.48','Murphys','Auto Gas','Y'),
('4295',NULL,'4','Credit','Visa','2024-06-20','194.18','Illumin8','Chiro','Y'),
('4296',NULL,'4','Credit','Visa','2024-06-20','77.25','Amazon - Pillow Cases','Home Misc','Y'),
('4297',NULL,'4','Credit','Visa','2024-06-20','10.16','Walmart - card?','Home Misc','Y'),
('4298',NULL,'4','Credit','Visa','2024-06-20','24.34','Walmart','Home Misc','Y'),
('4299',NULL,'4','Credit','Visa','2024-06-20','55.88','Josie Maran','Health Items','Y'),
('4300',NULL,'4','Credit','Visa','2024-06-20','20.00','PT','Medical/Dental','Y'),
('4301',NULL,'4','Credit','Visa','2024-06-21','37.04','Alsups - Taos','Auto Gas','Y'),
('4302',NULL,'4','Credit','Visa','2024-06-21','34.78','Murphys','Auto Gas','Y'),
('4303',NULL,'4','Credit','Visa','2024-06-21','28.05','Walgreen\'s Eye Drops','Health Items','Y'),
('4304',NULL,'4','Credit','Visa','2024-06-21','34.44','Mister Car Wash','Auto Maintenance','Y'),
('4305',NULL,'4','Credit','Visa','2024-06-21','2.00','Santa Fe Parking','Entertainment','Y'),
('4306',NULL,'4','Credit','Visa','2024-06-21','67.66','Tomasita\'s','Entertainment','Y'),
('4307',NULL,'4','Credit','Visa','2024-06-21','5.00','Railyard Garage','Entertainment','Y'),
('4308',NULL,'4','Credit','Visa','2024-06-21','52.56','Sky Railway','Entertainment','Y'),
('4309',NULL,'4','Credit','Visa','2024-06-21','258.25','REI - shoes/tevas','Undistributed Funds','Y'),
('4310',NULL,'4','Credit','Visa','2024-06-21','27.96','Cabella\'s - water bottles','Undistributed Funds','Y'),
('4311',NULL,'4','Credit','Visa','2024-06-22','5.37','Apple - Peak Finder','Computer','Y'),
('4312',NULL,'4','Credit','Citi','2024-06-22','75.79','Sprouts','Groceries','Y'),
('4313',NULL,'11','Credit','MC','2024-06-22','34.43','sprouts','Vitamins','Y'),
('4314',NULL,'11','Credit','MC','2024-06-22','414.25','Orbit','Glasses','Y'),
('4315',NULL,'11','Credit','MC','2024-06-22','42.70','natures guru','cash','Y'),
('4316',NULL,'11','Credit','MC','2024-06-23','55.46','Josie Maran','Birthday','Y'),
('4317',NULL,'4','Debit','Wells Fargo','2024-06-23','179.41','Century Link','TV/Internet','Y'),
('4318',NULL,'4','Credit','Visa','2024-06-23','7.52','Amazon - cable tags','Home Misc','Y'),
('4319',NULL,'4','Credit','Citi','2024-06-24','29.36','Albertsons','Groceries','Y'),
('4320',NULL,'4','Credit','Citi','2024-06-24','43.17','Sprouts','Groceries','Y'),
('4321',NULL,'11','Credit','MC','2024-06-26','145.30','Smiles','Dentist','Y'),
('4322',NULL,'11','Credit','MC','2024-06-26','177.58','smiles','Dentist','Y'),
('4323',NULL,'11','Credit','MC','2024-06-26','30.39','Murphy','Gas','Y'),
('4324',NULL,'11','Credit','MC','2024-06-26','5.25','Sav','cash','Y'),
('4325',NULL,'4','Credit','Visa','2024-06-26','29.21','Jasons','Entertainment','Y'),
('4326',NULL,'4','Credit','Visa','2024-06-27','63.26','Bosque Brewing','Entertainment','Y'),
('4327',NULL,'4','Credit','Visa','2024-06-27','208.80','Good Feet','Medical/Dental','Y'),
('4328',NULL,'4','Credit','Visa','2024-06-27','37.38','Murphy','Auto Gas','Y'),
('4329',NULL,'4','Credit','Citi','2024-06-27','66.18','Albertsons','Groceries','Y'),
('4330',NULL,'4','Credit','Citi','2024-06-27','88.10','Sprouts','Groceries','Y'),
('4331',NULL,'4','Check','Check or Draft','2024-06-27','1500.00','C Check','Crowns','Y'),
('4332',NULL,'4','Credit','Visa','2024-06-28','32.26','Amazon - dishwasher tabs','Home Misc','Y'),
('4333',NULL,'4','Credit','Visa','2024-06-28','251.70','ClickBank - FitSpresso','Undistributed Funds','Y'),
('4334',NULL,'4','Credit','Visa','2024-06-28','20.00','PT','Medical/Dental','Y'),
('4335',NULL,'11','Credit','MC','2024-06-28','47.00','short','Savings','Y'),
('4336',NULL,'4','Credit','Visa','2024-06-29','15.61','Moon\'s Coffee','Groceries','Y'),
('4337',NULL,'4','Credit','Visa','2024-06-29','21.46','Walmart - weights','Home Misc','Y'),
('4338',NULL,'4','Credit','Visa','2024-06-29','16.12','Staples - notes/notebook','Home Misc','Y'),
('4339',NULL,'4','Credit','Visa','2024-06-29','15.07','Kickstand - water bottle','Health Items','Y'),
('4340',NULL,'4','Credit','Visa','2024-06-29','57.33','Mulas','Entertainment','Y'),
('4341',NULL,'11','Credit','MC','2024-06-29','22.38','Walgreens','Medical','Y'),
('4342',NULL,'4','Credit','Citi','2024-06-29','54.33','Costco','Groceries','Y'),
('4343',NULL,'4','Check','Check or Draft','2024-06-29','2029.92','LoanDepot.com','Mortgage','Y'),
('4344',NULL,'4','Credit','Citi','2024-06-30','29.76','Albertsons','Groceries','Y'),
('4345',NULL,'4','Credit','Citi','2024-06-30','47.62','Sprouts','Groceries','Y'),
('4346',NULL,'11','Credit','MC','2024-07-02','8.66','Gayle','hair','Y'),
('4347',NULL,'11','Credit','MC','2024-07-02','25.21','CVS','hair','Y'),
('4348',NULL,'11','Credit','MC','2024-07-02','139.00','CVS','Medical','Y'),
('4349',NULL,'11','Credit','MC','2024-07-02','50.26','Amazon','Savings','Y'),
('4350',NULL,'4','Debit','Wells Fargo','2024-07-03','69.67','Mosaic','Electric','Y'),
('4351',NULL,'4','Credit','Citi','2024-07-03','66.51','Albertsons','Groceries','Y'),
('4352',NULL,'4','Credit','Citi','2024-07-03','41.45','Sprouts','Groceries','Y'),
('4353',NULL,'11','Credit','MC','2024-07-03','38.64','City','Savings','Y'),
('4354',NULL,'4','Credit','Visa','2024-07-03','20.00','PT','Medical/Dental','Y'),
('4355',NULL,'4','Check','Check or Draft','2024-07-03','67.33','Karen - mischarged','Groceries','Y'),
('4356',NULL,'4','Credit','Citi','2024-07-04','96.85','Karen - frames','Vision','Y'),
('4357',NULL,'4','Credit','Citi','2024-07-04','156.33','Groceries + Align','Groceries','Y'),
('4358',NULL,'4','Credit','Visa','2024-07-04','25.97','Olive Garden','Entertainment','Y'),
('4359',NULL,'4','Credit','Visa','2024-07-05','30.06','Murphys','Auto Gas','Y'),
('4360',NULL,'4','Credit','Citi','2024-07-05','51.10','Albertsons','Groceries','Y'),
('4361',NULL,'4','Credit','Citi','2024-07-05','52.00','Sprouts','Groceries','Y'),
('4362',NULL,'4','Check','Check or Draft','2024-07-05','1.23','PNM','Electric','Y'),
('4363',NULL,'4','Check','Check or Draft','2024-07-05','14.99','NM Gas','Natural Gas','Y'),
('4364',NULL,'11','Credit','MC','2024-07-06','67.33','Albertson','cash','Y'),
('4365',NULL,'4','Credit','Citi','2024-07-06','2.01','Sprouts','Groceries','Y'),
('4366',NULL,'4','Credit','Visa','2024-07-07','72.42','Verizon','Verizon','Y'),
('4367',NULL,'4','Credit','Visa','2024-07-07','50.10','Mochahost','Non-Monthlies','Y'),
('4368',NULL,'4','Check','Check or Draft','2024-07-08','397.98','Atlas Pumping','Non-Monthlies','Y'),
('4369',NULL,'4','Credit','Citi','2024-07-08','45.52','Albertsons','Groceries','Y'),
('4370',NULL,'4','Credit','Citi','2024-07-08','22.08','Sprouts','Groceries','Y'),
('4371',NULL,'11','Credit','MC','2024-07-08','19.04','Sprouts','Vitamins','Y'),
('4372',NULL,'11','Credit','MC','2024-07-08','27.97','amazon','Savings','Y'),
('4373',NULL,'4','Credit','Visa','2024-07-09','23.07','Amazon - Book','Home Misc','Y'),
('4374',NULL,'4','Credit','Visa','2024-07-11','58.76','Lowe\'s','Home Misc','Y'),
('4375',NULL,'4','Credit','Visa','2024-07-11','70.95','Olive Garden','Entertainment','Y'),
('4376',NULL,'4','Credit','Citi','2024-07-11','75.22','Albertsons','Groceries','Y'),
('4377',NULL,'4','Credit','Citi','2024-07-11','82.56','Sprouts','Groceries','Y'),
('4378',NULL,'4','Credit','Visa','2024-07-11','13.97','Staples - rulers/markers','Home Misc','Y'),
('4379',NULL,'4','Credit','Visa','2024-07-11','27.98','Fat Tire - water bottles','Home Misc','Y'),
('4380',NULL,'11','Credit','MC','2024-07-12','27.96','amaz bra','Savings','Y'),
('4381',NULL,'11','Credit','Kohls','2024-07-12','12.90','Kohls','Savings','Y'),
('4382',NULL,'4','Credit','Visa','2024-07-12','899.00','Connect / Costco','Auto Insurance','Y'),
('4383',NULL,'11','Credit','MC','2024-07-12','16.12','amazon tea','Savings','Y'),
('4384',NULL,'4','Credit','Citi','2024-07-14','59.43','Sprouts','Groceries','Y'),
('4385',NULL,'4','Credit','Citi','2024-07-16','106.40','Costco','Groceries','Y'),
('4386',NULL,'4','Credit','Visa','2024-07-16','38.52','Murphys','Auto Gas','Y'),
('4387',NULL,'4','Credit','Visa','2024-07-16','34.44','Misters','Auto Maintenance','Y');
INSERT INTO Charges VALUES
('4388',NULL,'4','Check','Check or Draft','2024-07-16','400.00','Janet Villa','Landscape Maintenance','Y'),
('4389',NULL,'11','Credit','MC','2024-07-17','139.89','Costco','Savings','Y'),
('4390',NULL,'4','Credit','Visa','2024-07-17','39.60','Bosque Brewing','Entertainment','Y'),
('4391',NULL,'4','Credit','Citi','2024-07-17','35.25','Albertsons','Groceries','Y'),
('4392',NULL,'4','Credit','Citi','2024-07-17','55.80','Sprouts','Groceries','Y'),
('4393',NULL,'4','Credit','Visa','2024-07-18','16.00','Taos Art Museum','Travel','Y'),
('4394',NULL,'11','Credit','MC','2024-07-19','39.73','T J','Savings','Y'),
('4397',NULL,'4','Credit','Visa','2024-07-20','194.18','Illumin8','Chiro','Y'),
('4396',NULL,'11','Credit','MC','2024-07-19','28.41','Murphy','Gas','Y'),
('4398',NULL,'4','Credit','Citi','2024-07-20','128.29','TSC','Groceries','Y'),
('4399',NULL,'4','Credit','Visa','2024-07-20','33.36','Moon\'s Coffee','Groceries','Y'),
('4400',NULL,'4','Credit','Visa','2024-07-20','20.42','Jasons','Entertainment','Y'),
('4401',NULL,'11','Credit','MC','2024-07-20','12.89','David B','cash','Y'),
('4402',NULL,'11','Credit','MC','2024-07-20','17.22','Mamas min','cash','Y'),
('4403',NULL,'11','Credit','MC','2024-07-20','96.81','Purple lace','Savings','Y'),
('4404',NULL,'11','Credit','MC','2024-07-20','275.08','Smoke Signals','Savings','Y'),
('4405',NULL,'11','Credit','MC','2024-07-20','38.74','Pillow - Desert Bird','cash','Y'),
('4406',NULL,'11','Credit','MC','2024-07-20','28.23','Asc. Cryst','cash','Y'),
('4407',NULL,'4','Check','Check or Draft','2024-07-20','50.00','Karen - top','Gifts','Y'),
('4408',NULL,'4','Credit','Visa','2024-07-20','23.66','Gifts','Gifts','Y'),
('4409',NULL,'4','Credit','Visa','2024-07-20','77.62','T-Shirts/Gifts','Travel','Y'),
('4410',NULL,'4','Credit','Visa','2024-07-20','18.39','Guatemala Gifts','Travel','Y'),
('4411',NULL,'4','Credit','Visa','2024-07-20','17.21','Covered Wagon/ Hat','Travel','Y'),
('4412',NULL,'4','Credit','Visa','2024-07-20','25.84','Mamas Minerals','Travel','Y'),
('4413',NULL,'4','Credit','Visa','2024-07-20','71.36','Church St Cafe','Entertainment','Y'),
('4414',NULL,'4','Credit','Visa','2024-07-20','24.51','Blackbird Coffee','Entertainment','Y'),
('4415',NULL,'4','Credit','Citi','2024-07-21','74.60','Albertsons','Groceries','Y'),
('4416',NULL,'4','Credit','Citi','2024-07-21','49.30','Sprouts','Groceries','Y'),
('4417',NULL,'11','Credit','MC','2024-07-22','46.27','CVS','Medical','Y'),
('4418',NULL,'4','Check','Check or Draft','2024-07-22','2029.92','LoanDepot.com','Mortgage','Y'),
('4419',NULL,'4','Debit','Wells Fargo','2024-07-23','179.41','Century Link','TV/Internet','Y'),
('4420',NULL,'4','Credit','Citi','2024-07-24','38.57','Albertsons','Groceries','Y'),
('4421',NULL,'11','Credit','MC','2024-07-24','25.08','Amazon','Savings','Y'),
('4422',NULL,'11','Credit','MC','2024-07-24','25.16','Amazon','Savings','Y'),
('4423',NULL,'4','Credit','Citi','2024-07-25','52.86','Albertsons','Groceries','Y'),
('4424',NULL,'4','Credit','Citi','2024-07-25','76.70','Sprouts','Groceries','Y'),
('4425',NULL,'4','Credit','Visa','2024-07-25','35.81','Murphys','Auto Gas','Y'),
('4426',NULL,'4','Credit','Visa','2024-07-25','72.10','Range Cafe','Entertainment','Y'),
('4427',NULL,'4','Credit','Visa','2024-07-25','66.26','Sadie\'s','Entertainment','Y'),
('4428',NULL,'11','Credit','MC','2024-07-25','11.41','CVS','Medical','Y'),
('4429',NULL,'4','Check','Check or Draft','2024-07-26','1100.00','Janet Villa','Undistributed Funds','Y'),
('4430',NULL,'11','Credit','MC','2024-07-27','68.64','Petco','vet/cat','Y'),
('4431',NULL,'4','Credit','Visa','2024-07-27','96.86','Best Buy -- Laptop Carryall','Travel','Y'),
('4432',NULL,'4','Debit','Wells Fargo','2024-07-27','100.00','ATM','Cash','Y'),
('4433',NULL,'4','Credit','Citi','2024-07-28','32.00','Albertsons','Groceries','Y'),
('4434',NULL,'4','Credit','Citi','2024-07-28','44.04','Sprouts','Groceries','Y'),
('4435',NULL,'11','Credit','MC','2024-07-28','28.26','Joann','Savings','Y'),
('4436',NULL,'11','Credit','MC','2024-07-29','15.45','Staples','Savings','Y'),
('4437',NULL,'11','Credit','MC','2024-07-29','34.42','Marshalls','Savings','Y'),
('4438',NULL,'4','Credit','Visa','2024-07-30','32.13','Murphys','Auto Gas','Y'),
('4439',NULL,'4','Credit','Citi','2024-08-14','15.43','Walmart','Groceries','Y'),
('4440',NULL,'4','Credit','Citi','2024-07-30','8.59','Albertsons','Groceries','Y'),
('4441',NULL,'4','Credit','Visa','2024-07-30','63.16','Thai Kitchen','Entertainment','Y'),
('4442',NULL,'4','Debit','Wells Fargo','2024-08-03','69.67','Mosaic','Electric','Y'),
('4443',NULL,'4','Credit','Visa','2024-08-05','33.18','Portillo\'s','Entertainment','Y'),
('4444',NULL,'4','Credit','Visa','2024-08-05','34.93','Harner\'s','Entertainment','Y'),
('4445',NULL,'4','Credit','Visa','2024-08-05','47.00','Morton Arboretum','Travel','Y'),
('4446',NULL,'4','Credit','Visa','2024-08-05','56.43','Walgreens','Travel','Y'),
('4447',NULL,'4','Credit','Visa','2024-08-05','12.49','A1Plus Travel Center','Travel','Y'),
('4448',NULL,'4','Credit','Visa','2024-08-05','48.75','3rd Base Bar & Grill','Entertainment','Y'),
('4449',NULL,'4','Credit','Visa','2024-08-08','113.50','Mary\'s Diner','Travel','Y'),
('4450',NULL,'4','Credit','Visa','2024-08-09','72.47','Verizon','Verizon','Y'),
('4451',NULL,'4','Credit','Visa','2024-08-11','99.07','CVS','Health Items','Y'),
('4452',NULL,'4','Credit','Visa','2024-08-13','79.71','CVS','Groceries','Y'),
('4453',NULL,'4','Credit','Visa','2024-08-13','26.68','Walgreens','Vision','Y'),
('4454',NULL,'4','Credit','Visa','2024-08-13','74.39','Sirius XM','Non-Monthlies','Y'),
('4455',NULL,'4','Credit','Visa','2024-08-13','54.64','Aladdin\'s','Entertainment','Y'),
('4456',NULL,'4','Credit','Visa','2024-08-14','0.00','Walmart ??','Groceries','Y'),
('4457',NULL,'4','Credit','Visa','2024-08-14','303.02','Enterprise','Travel','Y'),
('4458',NULL,'4','Credit','Visa','2024-08-15','123.76','Asia Sushi - Akron','Entertainment','Y'),
('4459',NULL,'4','Credit','Visa','2024-08-16','0.00','Mochahost -Pd','Non-Monthlies','Y'),
('4460',NULL,'4','Credit','Visa','2024-08-16','45.58','El Meson','Entertainment','Y'),
('4461',NULL,'4','Credit','Visa','2024-08-18','51.22','Walgreen\'s - test kits','Health Items','Y'),
('4462',NULL,'4','Credit','Visa','2024-08-18','68.50','Bistro - Hilton','Groceries','Y'),
('4463',NULL,'4','Credit','Visa','2024-08-21','194.18','lllumin8','Chiro','Y'),
('4464',NULL,'4','Credit','Visa','2024-08-21','129.08','TLC - Drain repair','Appliances/Repair','Y'),
('4465',NULL,'4','Credit','Visa','2024-08-21','4.21','Tip on 7/20 Jasons','Entertainment','Y'),
('4466',NULL,'4','Credit','Visa','2024-08-21','-0.80','Murphys - incorrect entry','Auto Gas','Y'),
('4467',NULL,'4','Credit','Visa','2024-08-21','28.00','Tour Morton\'s','Travel','Y'),
('4468',NULL,'4','Check','Check or Draft','2024-08-21','1.23','PNM','Electric','Y'),
('4469',NULL,'4','Check','Check or Draft','2024-08-21','15.92','NM Gas CO','Natural Gas','Y'),
('4470',NULL,'4','Credit','Visa','2024-08-21','19.52','Hilton - Breakfast','Entertainment','Y'),
('4471',NULL,'4','Credit','Visa','2024-08-21','31.38','Jason\'s Deli','Entertainment','Y'),
('4472',NULL,'4','Credit','Citi','2024-08-21','66.61','Albertsons','Groceries','Y'),
('4473',NULL,'4','Credit','Citi','2024-08-21','59.62','Sprouts','Groceries','Y'),
('4474',NULL,'4','Credit','Visa','2024-08-21','184.00','Hilton South Bend','Travel','Y'),
('4475',NULL,'4','Credit','Visa','2024-08-21','6.30','Toll Charge','Travel','Y'),
('4476',NULL,'11','Credit','MC','2024-08-22','31.20','Birda Unlimited','Bird','Y'),
('4477',NULL,'11','Credit','MC','2024-08-22','50.05','Sunoco','Gas','Y'),
('4478',NULL,'4','Check','Check or Draft','2024-08-22','500.00','Karen','Auto Maintenance','Y'),
('4479',NULL,'11','Credit','MC','2024-08-22','23.89','Farmstand','cash','Y'),
('4480',NULL,'11','Credit','MC','2024-08-22','185.00','felix','vet/cat','Y'),
('4481',NULL,'11','Credit','MC','2024-08-22','71.45','Romolo','cash','Y'),
('4482',NULL,'4','Debit','Wells Fargo','2024-08-23','179.41','Century Link','TV/Internet','Y'),
('4483',NULL,'4','Credit','Visa','2024-08-23','15.05','Lowe\'s - light bulb','Home Misc','Y'),
('4484',NULL,'4','Credit','Visa','2024-08-23','39.03','Five Guys','Groceries','Y'),
('4485',NULL,'4','Credit','Citi','2024-08-23','121.59','Costco','Groceries','Y'),
('4486',NULL,'4','Credit','Citi','2024-08-24','53.59','Albertsons','Groceries','Y'),
('4487',NULL,'4','Credit','Citi','2024-08-24','73.99','Sprouts','Groceries','Y'),
('4488',NULL,'4','Debit','Wells Fargo','2024-08-24','60.00','Cash','Cash','Y');
INSERT INTO Charges VALUES
('4489',NULL,'4','Credit','Visa','2024-08-24','21.51','Wild Birds - Hat','Clothing','Y'),
('4490',NULL,'4','Credit','Visa','2024-08-24','32.87','Lowe\'s','Non-Monthlies','Y'),
('4491',NULL,'4','Credit','Visa','2024-08-24','4.93','Walmart - card','Gifts','Y'),
('4492',NULL,'11','Credit','MC','2024-08-25','49.75','amazon pepp','cash','Y'),
('4493',NULL,'11','Credit','MC','2024-08-25','34.35','Thred','cash','Y'),
('4494',NULL,'11','Credit','MC','2024-08-25','1147.26','Honda','Car maintenance','Y'),
('4495',NULL,'4','Credit','Visa','2024-08-25','153.80','Amazon - coffee maker','Home Misc','Y'),
('4496',NULL,'4','Credit','Citi','2024-08-26','53.30','Albertsons','Groceries','Y'),
('4497',NULL,'4','Check','Check or Draft','2024-08-27','260.00','Avery Kein - Amended PIT','2023 Taxes','Y'),
('4498',NULL,'4','Credit','Visa','2024-08-27','23.66','Staples - envelopes','Home Misc','Y'),
('4499',NULL,'4','Credit','Visa','2024-08-27','16.13','Old Town - T-shirt','Gifts','Y'),
('4500',NULL,'4','Credit','Visa','2024-08-27','43.98','Church Street Cafe','Groceries','Y'),
('4501',NULL,'4','Credit','Visa','2024-08-27','44.10','Murphys','Auto Gas','Y'),
('4502',NULL,'4','Credit','Visa','2024-08-27','536.81','Enterprise','Travel','Y'),
('4503',NULL,'11','Credit','Kohls','2024-08-28','33.36','Kohls','cash','Y'),
('4504',NULL,'11','Credit','MC','2024-08-29','49.48','City','Savings','Y'),
('4505',NULL,'4','Check','Check or Draft','2024-08-29','78.93','Road Runner','Non-Monthlies','Y'),
('4506',NULL,'4','Credit','Citi','2024-08-29','43.47','Albertsons','Groceries','Y'),
('4507',NULL,'4','Credit','Citi','2024-08-29','131.11','Sprouts','Groceries','Y'),
('4508',NULL,'4','Check','Check or Draft','2024-08-30','2029.92','LoanDepot','Mortgage','Y'),
('4509',NULL,'11','Credit','MC','2024-08-30','75.55','MVD registration 2 yr','Car maintenance','Y'),
('4510',NULL,'11','Credit','MC','2024-08-30','58.53','CVS','Savings','Y'),
('4511',NULL,'4','Credit','Citi','2024-08-30','34.33','Walmart','Groceries','Y'),
('4512',NULL,'4','Debit','Wells Fargo','2024-09-01','69.67','Mosaic','Electric','Y'),
('4513',NULL,'4','Credit','Citi','2024-09-01','37.94','ALbertsons','Groceries','Y'),
('4514',NULL,'4','Credit','Citi','2024-09-01','53.44','Sprouts','Groceries','Y'),
('4515',NULL,'4','Check','Check or Draft','2024-09-02','14.62','NM Gas Co','Natural Gas','Y'),
('4516',NULL,'4','Credit','Visa','2024-09-02','161.42','Best Buy - Apple TV','Home Misc','Y'),
('4517',NULL,'11','Credit','MC','2024-09-03','24.36','Whisp Bean','Savings','Y'),
('4518',NULL,'4','Credit','Citi','2024-09-04','50.08','Albertsons','Groceries','Y'),
('4519',NULL,'4','Credit','Citi','2024-09-04','15.00','Sprouts','Groceries','Y'),
('4520',NULL,'4','Credit','Visa','2024-09-05','22.44','Budgetizer.com - Mochahost','Computer','Y'),
('4521',NULL,'4','Credit','Visa','2024-09-05','177.58','Cottonwood Dentist','Medical/Dental','Y'),
('4522',NULL,'4','Credit','Visa','2024-09-05','36.66','Murphys','Auto Gas','Y'),
('4523',NULL,'4','Credit','Visa','2024-09-07','72.47','Verizon','Verizon','Y'),
('4524',NULL,'4','Check','Check or Draft','2024-09-07','425.00','Janet Villa','Landscape Maintenance','Y'),
('4525',NULL,'4','Credit','Citi','2024-09-07','97.43','Albertsons','Groceries','Y'),
('4526',NULL,'4','Credit','Citi','2024-09-07','71.18','Sprouts','Groceries','Y'),
('4527',NULL,'4','Check','Check or Draft','2024-09-08','78.93','RoadRunner','Non-Monthlies','Y'),
('4528',NULL,'4','Check','Check or Draft','2024-09-08','1.23','PNM','Electric','Y'),
('4529',NULL,'4','Credit','Citi','2024-09-09','41.72','Albertsons','Groceries','Y'),
('4530',NULL,'4','Credit','Citi','2024-09-09','21.23','Sprouts','Groceries','Y'),
('4531',NULL,'4','Credit','Visa','2024-09-10','45.09','Bosque Brewing','Entertainment','Y'),
('4532',NULL,'4','Credit','Visa','2024-09-10','10.53','Walgreens','Health Items','Y'),
('4533',NULL,'11','Credit','MC','2024-09-11','100.00','Harris','Class','Y'),
('4534',NULL,'11','Credit','MC','2024-09-11','35.48','amazon bud','Savings','Y'),
('4535',NULL,'11','Credit','MC','2024-09-11','12.88','savers','Savings','Y'),
('4536',NULL,'11','Credit','MC','2024-09-11','34.44','Macys','Birthday','Y'),
('4537',NULL,'11','Credit','MC','2024-09-11','10.49','Macys','Massage','Y'),
('4538',NULL,'11','Credit','MC','2024-09-11','75.00','Macys','Birthday','Y'),
('4539',NULL,'4','Credit','Visa','2024-09-12','72.37','Sadie\'s','Entertainment','Y'),
('4540',NULL,'4','Credit','Citi','2024-09-12','86.17','Sprouts','Groceries','Y'),
('4541',NULL,'4','Credit','Visa','2024-09-12','41.25','Murphys','Auto Gas','Y'),
('4542',NULL,'4','Credit','Visa','2024-09-12','39.00','Tia B\'s Waffleria','Entertainment','Y'),
('4543',NULL,'11','Credit','MC','2024-09-12','20.38','amazon','Travel','Y'),
('4544',NULL,'4','Credit','Visa','2024-09-13','34.44','Mister','Auto Maintenance','Y'),
('4545',NULL,'4','Credit','Visa','2024-09-13','72.28','Amazon/Glyco','Health Items','Y'),
('4546',NULL,'4','Credit','Visa','2024-09-13','16.08','Amazon - Gail\'s book','Home Misc','Y'),
('4547',NULL,'11','Credit','MC','2024-09-13','76.39','Tractor supply','Bird','Y'),
('4548',NULL,'11','Credit','MC','2024-09-13','23.32','murphy','Gas','Y'),
('4549',NULL,'4','Credit','Visa','2024-09-13','106.92','TSC','Groceries','Y'),
('4550',NULL,'4','Credit','Visa','2024-09-14','50.05','Moon\'s','Groceries','Y'),
('4551',NULL,'4','Credit','Citi','2024-09-14','76.66','Albertsons','Groceries','Y'),
('4552',NULL,'4','Credit','Citi','2024-09-14','26.21','Sprouts','Groceries','Y'),
('4553',NULL,'11','Credit','MC','2024-09-14','56.13','Pandora pp','Birthday','Y'),
('4554',NULL,'11','Credit','MC','2024-09-14','90.00','Marshalls','Savings','Y'),
('4555',NULL,'4','Credit','Citi','2024-09-16','66.22','Albertsons','Groceries','Y'),
('4556',NULL,'4','Credit','Visa','2024-09-16','12.87','Lowe\'s','Home Misc','Y'),
('4557',NULL,'4','Credit','Visa','2024-09-16','40.17','Natural Grocers','Groceries','Y'),
('4558',NULL,'4','Credit','Visa','2024-09-16','98.07','CVS','Health Items','Y'),
('4559',NULL,'4','Debit','Wells Fargo','2024-09-16','60.00','ATM','Cash','Y'),
('4560',NULL,'4','Credit','Visa','2024-09-18','-3.29','Aladdins - Akron','Entertainment','Y'),
('4561',NULL,'4','Credit','Visa','2024-09-18','4.37','Jasons - tip','Entertainment','Y'),
('4562',NULL,'4','Credit','Visa','2024-09-18','6.90','USPS','Home Misc','Y'),
('4563',NULL,'4','Credit','Visa','2024-09-18','35.00','Pres','Medical/Dental','Y'),
('4564',NULL,'11','Credit','MC','2024-09-18','35.00','Kelly blue','Savings','Y'),
('4565',NULL,'11','Credit','MC','2024-09-19','939.97','Pay Pal','Savings','Y'),
('4566',NULL,'11','Credit','MC','2024-09-20','596.95','Airlines Holly','Savings','Y'),
('4567',NULL,'11','Credit','MC','2024-09-20','25.31','walmart (with return)','Savings','Y'),
('4568',NULL,'11','Credit','MC','2024-09-20','14.67','albertsons','Savings','Y'),
('4569',NULL,'11','Credit','MC','2024-09-20','18.27','walmart','Savings','Y'),
('4570',NULL,'4','Credit','Visa','2024-09-21','194.18','Illumin8','Chiro','Y'),
('4571',NULL,'4','Credit','Citi','2024-09-21','67.04','Albertsons','Groceries','Y'),
('4572',NULL,'4','Credit','Citi','2024-09-21','43.08','Sprouts','Groceries','Y'),
('4573',NULL,'4','Credit','Visa','2024-09-21','69.07','Olive Garden','Entertainment','Y'),
('4574',NULL,'4','Credit','Visa','2024-09-21','26.35','Total Wine','Wine','Y'),
('4575',NULL,'4','Credit','Visa','2024-09-21','37.23','Blake\'s','Entertainment','Y'),
('4576',NULL,'4','Credit','Visa','2024-09-21','20.69','Walmart','Groceries','Y'),
('4577',NULL,'4','Credit','Visa','2024-09-21','275.00','Presbyterian','Medical/Dental','Y'),
('4578',NULL,'4','Debit','Wells Fargo','2024-09-25','179.41','Century Link','TV/Internet','Y'),
('4579',NULL,'4','Credit','Visa','2024-09-25','34.84','Murphys','Auto Gas','Y'),
('4580',NULL,'4','Credit','Visa','2024-09-25','32.56','Rudy\'s','Entertainment','Y'),
('4581',NULL,'4','Credit','Visa','2024-09-25','24.52','Murphys','Auto Gas','Y'),
('4582',NULL,'4','Credit','Visa','2024-09-25','11.18','Walmart','Groceries','Y'),
('4583',NULL,'4','Credit','Visa','2024-09-25','47.51','Clancys - Farmington','Entertainment','Y'),
('4584',NULL,'4','Credit','Visa','2024-09-25','34.07','Cox Conoco - Mancos','Auto Gas','Y'),
('4585',NULL,'4','Credit','Visa','2024-09-25','57.53','Sadie\'s','Entertainment','Y'),
('4586',NULL,'4','Credit','Visa','2024-09-25','34.64','Murphys','Auto Gas','Y'),
('4587',NULL,'4','Credit','Visa','2024-09-25','229.12','Brentwood - Farmington','Travel','Y'),
('4588',NULL,'4','Credit','Visa','2024-09-25','77.58','Albetsons','Groceries','Y');
INSERT INTO Charges VALUES
('4589',NULL,'4','Check','Check or Draft','2024-09-28','2029.92','Loan Depot','Mortgage','Y'),
('4590',NULL,'4','Check','Check or Draft','2024-09-28','50.00','St Josephs Indian School','Charities','Y'),
('4591',NULL,'4','Check','Check or Draft','2024-09-28','50.00','NM Animal Humane','Charities','Y'),
('4592',NULL,'4','Credit','Visa','2024-09-29','50.11','Range','Entertainment','Y'),
('4593',NULL,'4','Credit','Visa','2024-09-29','30.74','Murphys','Auto Gas','Y'),
('4594',NULL,'4','Credit','Visa','2024-09-29','34.44','Mister','Auto Maintenance','Y'),
('4595',NULL,'4','Credit','Visa','2024-09-29','80.44','Albertsons','Groceries','Y'),
('4596',NULL,'4','Credit','Visa','2024-09-30','10.75','Albertsons','Groceries','Y'),
('4597',NULL,'11','Credit','MC','2024-10-02','177.58','Smiles','Dentist','Y'),
('4598',NULL,'4','Debit','Wells Fargo','2024-10-02','69.67','Mosaic Solar','Electric','Y'),
('4599',NULL,'4','Check','Check or Draft','2024-10-02','100.00','Kathy B-day','Gifts','Y'),
('4600',NULL,'4','Credit','Citi','2024-10-02','0.00','Costco (Already Paid!)','Non-Monthlies','Y'),
('4601',NULL,'4','Credit','Citi','2024-10-02','94.89','Albertsons','Groceries','Y'),
('4602',NULL,'4','Credit','Citi','2024-10-02','97.40','Sprouts','Groceries','Y'),
('4603',NULL,'4','Credit','Citi','2024-10-03','147.00','Sunport','Groceries','Y'),
('4604',NULL,'4','Credit','Visa','2024-10-04','64.58','Rockhounders','Undistributed Funds','Y'),
('4605',NULL,'4','Credit','Visa','2024-10-04','90.00','Phenomenal Gems','Undistributed Funds','Y'),
('4606',NULL,'4','Credit','Visa','2024-10-04','52.11','Bosque Brewing','Entertainment','Y'),
('4607',NULL,'4','Credit','Visa','2024-10-04','51.50','Parkinsons - Phoenix','Charities','Y'),
('4608',NULL,'4','Check','Check or Draft','2024-10-05','1.23','PNM','Electric','Y'),
('4609',NULL,'4','Check','Check or Draft','2024-10-05','15.77','NM Gas','Natural Gas','Y'),
('4610',NULL,'4','Credit','Citi','2024-10-05','24.36','Whispering Bean','Groceries','Y'),
('4611',NULL,'4','Credit','Citi','2024-10-05','69.96','Costco Annual Fee','Non-Monthlies','Y'),
('4612',NULL,'4','Credit','Visa','2024-10-06','2493.30','Mac Laptop','Computer','Y'),
('4613',NULL,'4','Credit','Visa','2024-10-06','17.18','Lowe\'s','Home Misc','Y'),
('4614',NULL,'4','Credit','Visa','2024-10-06','53.79','Best Buy','Home Misc','Y'),
('4615',NULL,'4','Credit','Citi','2024-10-06','90.83','Albertsons','Groceries','Y'),
('4616',NULL,'4','Credit','Citi','2024-10-06','65.05','Sprouts','Groceries','Y'),
('4617',NULL,'4','Credit','Visa','2024-10-07','72.50','Verizon','Verizon','Y'),
('4618',NULL,'4','Credit','Visa','2024-10-09','29.21','Jasons','Entertainment','Y'),
('4619',NULL,'4','Credit','Citi','2024-10-09','59.58','Albertsons','Groceries','Y'),
('4620',NULL,'4','Credit','Citi','2024-10-09','65.64','Sprouts','Groceries','Y'),
('4621',NULL,'11','Credit','MC','2024-10-09','45.74','Great Clips','hair','Y'),
('4622',NULL,'11','Credit','MC','2024-10-10','55.69','USPS','Christmas','Y'),
('4623',NULL,'4','Credit','Visa','2024-10-11','26.83','Murphys','Auto Gas','Y'),
('4624',NULL,'4','Credit','Visa','2024-10-11','34.44','Mister','Auto Maintenance','Y'),
('4625',NULL,'4','Credit','Citi','2024-10-11','137.57','Costco','Groceries','Y'),
('4626',NULL,'4','Check','Check or Draft','2024-10-11','89.46','Karen - Curcumin','Health Items','Y'),
('4627',NULL,'11','Credit','MC','2024-10-12','40.33','Walmart - bug','Savings','Y'),
('4628',NULL,'11','Credit','MC','2024-10-12','6.46','K & C naturals','Savings','Y'),
('4629',NULL,'11','Credit','MC','2024-10-12','10.70','Sun mountain','Savings','Y'),
('4630',NULL,'4','Credit','Citi','2024-10-12','46.14','Albertsons','Groceries','Y'),
('4631',NULL,'4','Credit','Visa','2024-10-14','84.08','Hidemasters','Home Misc','Y'),
('4632',NULL,'4','Credit','Visa','2024-10-14','75.57','Porcelin Garden','Christmas','Y'),
('4633',NULL,'11','Credit','MC','2024-10-14','109.69','Silver Wears','Savings','Y'),
('4634',NULL,'11','Credit','MC','2024-10-14','51.09','','Birthday','Y'),
('4635',NULL,'11','Credit','MC','2024-10-14','31.93','dragon fly ','Birthday','Y'),
('4636',NULL,'4','Credit','Visa','2024-10-15','32.21','ClamX','Computer','Y'),
('4637',NULL,'4','Credit','Citi','2024-10-16','49.98','Albertsons','Groceries','Y'),
('4638',NULL,'11','Credit','MC','2024-10-16','24.15','Murphy','Gas','Y'),
('4639',NULL,'11','Credit','MC','2024-10-16','52.89','Tractor supply','Bird','Y'),
('4640',NULL,'4','Credit','Citi','2024-10-17','37.42','TSC','Groceries','Y'),
('4641',NULL,'4','Credit','Visa','2024-10-17','22.09','Sadies underage (drinks)','Entertainment','Y'),
('4642',NULL,'4','Credit','Visa','2024-10-17','0.00','Murphys - misread receipt','Auto Gas','Y'),
('4643',NULL,'11','Credit','MC','2024-10-17','44.01','Amaz - tea','Travel','Y'),
('4644',NULL,'4','Credit','Visa','2024-10-17','0.02','Rudy\'s misread receipt','Entertainment','Y'),
('4645',NULL,'4','Credit','Visa','2024-10-17','16.66','Netflix movie','TV/Internet','Y'),
('4646',NULL,'4','Credit','Visa','2024-10-17','1.06','Apple - ?','Computer','Y'),
('4647',NULL,'4','Credit','Visa','2024-10-17','20.38','Amazon - Karen to reimburse','Home Misc','Y'),
('4648',NULL,'4','Credit','Visa','2024-10-17','-1.50','Parkinsons - no cr charge','Charities','Y'),
('4649',NULL,'4','Credit','Visa','2024-10-17','25.80','Amazon - dish soap pellets','Home Misc','Y'),
('4650',NULL,'4','Credit','Citi','2024-10-18','56.10','Albertsons','Groceries','Y'),
('4651',NULL,'4','Credit','Citi','2024-10-18','36.49','Sprouts','Groceries','Y'),
('4652',NULL,'4','Check','Check or Draft','2024-10-18','425.00','Janet Villa','Landscape Maintenance','Y'),
('4653',NULL,'11','Credit','MC','2024-10-20','18.27','ya ta','cash','Y'),
('4654',NULL,'4','Credit','Visa','2024-10-20','194.18','Illumin8','Chiro','Y'),
('4655',NULL,'4','Credit','Visa','2024-10-20','49.59','Flying Star','Entertainment','Y'),
('4656',NULL,'4','Credit','Visa','2024-10-21','34.44','Mister','Auto Maintenance','Y'),
('4657',NULL,'4','Credit','Visa','2024-10-21','29.35','Murphys','Auto Gas','Y'),
('4658',NULL,'11','Credit','MC','2024-10-21','6.25','Albertson','cash','Y'),
('4659',NULL,'4','Debit','Wells Fargo','2024-10-23','183.60','Century Link','TV/Internet','Y'),
('4660',NULL,'4','Credit','Citi','2024-10-23','57.21','Albertsons','Groceries','Y'),
('4661',NULL,'11','Credit','MC','2024-10-23','50.00','Act Blue','Class','Y'),
('4662',NULL,'4','Credit','Citi','2024-10-23','20.26','Sprouts','Groceries','Y'),
('4663',NULL,'4','Credit','Visa','2024-10-24','39.33','Jemez - Trail fees','Entertainment','Y'),
('4664',NULL,'4','Credit','Visa','2024-10-24','8.65','Walatowa - sodas','Entertainment','Y'),
('4665',NULL,'4','Credit','Visa','2024-10-24','12.00','Balloon Museum','Entertainment','Y'),
('4666',NULL,'4','Credit','Visa','2024-10-24','205.55','Prairie Star','Entertainment','Y'),
('4667',NULL,'4','Credit','Citi','2024-10-24','28.33','Albertsons','Groceries','Y'),
('4668',NULL,'4','Credit','Citi','2024-10-24','66.04','Sprouts','Groceries','Y'),
('4669',NULL,'4','Credit','Visa','2024-10-24','1.25','Gallegos Park','Travel','Y'),
('4670',NULL,'4','Credit','Visa','2024-10-24','31.60','Murphys','Auto Gas','Y'),
('4671',NULL,'11','Credit','MC','2024-10-26','18.27','Amaz Ya Ta','cash','Y'),
('4672',NULL,'4','Credit','Visa','2024-10-26','60.22','Flying Star','Entertainment','Y'),
('4673',NULL,'4','Credit','Visa','2024-10-26','249.97','Corn Maiden','Entertainment','Y'),
('4674',NULL,'4','Credit','Visa','2024-10-26','27.96','Wlagreens','Health Items','Y');




CREATE TABLE `Deposits` (
  `depid` int(10) NOT NULL AUTO_INCREMENT,
  `userid` int(10) NOT NULL,
  `date` date NOT NULL,
  `amount` decimal(10,2) NOT NULL,
  `otd` char(1) NOT NULL,
  `description` varchar(100) DEFAULT NULL,
  PRIMARY KEY (`depid`)
) ENGINE=MyISAM AUTO_INCREMENT=317 DEFAULT CHARSET=latin1 COLLATE=latin1_swedish_ci;


INSERT INTO Deposits VALUES
('1','4','2020-10-14','2425.50','N',''),
('2','11','2020-10-23','1062.00','N',''),
('3','4','2020-11-01','3450.00','N',''),
('4','4','2020-11-04','0.13','Y','Checking Acct. interest 10/30'),
('5','4','2020-11-10','2425.50','N',''),
('6','11','2020-11-23','1062.00','N',''),
('7','4','2020-12-01','3450.00','N',''),
('8','4','2020-12-05','100.00','Y','Uncashed check #2124'),
('9','4','2020-12-05','0.14','Y','Checking Interest 11/30'),
('10','4','2020-12-09','2425.50','N',''),
('11','11','2020-12-30','1062.00','N',''),
('12','4','2021-01-01','3450.00','N',''),
('13','4','2021-01-01','1200.00','Y','Relief Check'),
('14','4','2021-01-01','60.00','Y','Double charged cr card'),
('15','11','2021-01-04','600.00','Y','govt stim'),
('16','4','2021-01-13','2455.20','N',''),
('17','4','2021-01-14','2800.00','Y','For LTC'),
('18','4','2021-01-15','0.15','Y','Interest'),
('19','4','2021-01-28','150.00','Y','Karen - reimburse'),
('20','11','2021-01-28','1073.70','N',''),
('21','4','2021-02-01','3450.00','N',''),
('22','4','2021-02-01','0.17','Y','Interest'),
('23','4','2021-02-10','2455.20','N',''),
('24','11','2021-02-20','1070.00','N',''),
('25','4','2021-02-23','200.00','Y','Reimburse from Karen / Xmas tree'),
('26','4','2021-02-27','1577.01','Y','HSA Refund'),
('27','4','2021-03-01','3450.00','N',''),
('28','4','2021-03-10','2455.20','N',''),
('29','4','2021-03-17','175.00','Y','NM Tax Refund'),
('30','4','2021-03-17','1400.00','Y','Relief Check'),
('31','4','2021-03-19','0.88','Y','Mistake on Credit Charge'),
('32','11','2021-03-20','1073.70','N',''),
('33','11','2021-03-20','1400.00','Y',''),
('34','4','2021-03-26','63.01','Y','Jury Duty'),
('35','4','2021-04-01','3450.00','N',''),
('36','4','2021-04-04','0.34','Y','Feb/Mar Chkg Interest'),
('37','4','2021-04-05','70.88','Y','Jury Duty'),
('38','4','2021-04-14','2455.20','N',''),
('39','11','2021-04-20','1073.70','N',''),
('40','4','2021-04-23','42.00','Y','Jury Duty'),
('41','4','2021-04-30','39.38','Y','Jury Duty'),
('42','4','2021-04-30','39.38','Y','Jury Duty'),
('43','4','2021-05-01','3450.00','N',''),
('44','4','2021-05-12','2455.20','N',''),
('45','4','2021-05-17','10.78','Y','Refund - Walgreens'),
('46','4','2021-05-18','0.01','Y','Undiscovered error'),
('47','11','2021-05-22','1073.70','N',''),
('48','4','2021-05-30','10.00','Y','Testing PDO'),
('49','4','2021-05-30','10.00','Y','Testing PDO'),
('50','4','2021-06-01','3450.00','N',''),
('51','4','2021-06-09','2455.20','N',''),
('52','4','2021-06-12','49.88','Y','Jury Duty - final'),
('53','4','2021-06-17','3.96','Y','Reversed dig\'s on Healthquest'),
('54','4','2021-06-17','391.29','Y','Visa Rewards'),
('55','4','2021-06-20','15000.00','Y','Xfr from Savings - car'),
('56','11','2021-06-21','1073.30','N',''),
('57','4','2021-07-01','3450.00','N',''),
('58','4','2021-07-01','64.20','Y','Karen - reimb'),
('59','4','2021-07-14','2455.20','N',''),
('60','4','2021-07-17','3.82','Y','Geico Refund'),
('61','11','2021-07-19','1073.70','N',''),
('62','4','2021-07-21','0.50','Y','Interest'),
('63','4','2021-08-01','3450.00','N',''),
('64','4','2021-08-11','2455.20','N',''),
('65','4','2021-08-11','0.24','Y','Interest'),
('66','4','2021-08-18','0.10','Y','Incorrect Visa Charge'),
('67','11','2021-08-27','1073.70','N',''),
('68','4','2021-09-01','3450.00','N',''),
('69','4','2021-09-04','0.13','Y','Interest'),
('70','4','2021-09-08','2455.20','N',''),
('71','11','2021-09-21','1073.70','N',''),
('72','4','2021-09-30','11.00','Y','Carmax - Reg. overpaymnt'),
('73','4','2021-10-01','3450.00','N',''),
('74','4','2021-10-13','2455.20','N',''),
('75','11','2021-10-22','1073.70','N',''),
('76','4','2021-10-23','3000.00','Y','Xfr from Savings - Lazboy'),
('77','4','2021-11-01','3450.00','N',''),
('78','4','2021-11-02','0.25','Y','Interest Sept/Oct'),
('79','4','2021-11-02','180.00','Y','Lost check #2213'),
('80','4','2021-11-02','396.46','Y','Lost check #2223'),
('81','4','2021-11-06','300.00','Y','Presbyterian Refund'),
('82','4','2021-11-10','2455.20','N',''),
('83','4','2021-11-15','1000.00','Y','CarMax payment'),
('84','11','2021-11-19','1073.70','N',''),
('85','4','2021-12-01','3450.00','N',''),
('86','4','2021-12-08','2455.20','N',''),
('87','4','2021-12-10','3000.00','Y','Xfr from Savings'),
('88','11','2021-12-26','1073.70','N',''),
('89','4','2022-01-01','3450.00','N',''),
('90','4','2022-01-04','91.24','Y','Karen - Costco'),
('91','4','2022-01-04','0.26','Y','Interest'),
('92','4','2022-01-06','129.43','Y','Karen - glasses'),
('93','4','2022-01-07','10000.00','Y','IRA Transfer'),
('94','4','2022-01-12','2588.40','N',''),
('95','4','2022-01-14','1351.15','Y','Loan Depot Rebate - Closing'),
('96','11','2022-01-27','1125.00','N',''),
('97','4','2022-02-01','3700.00','N',''),
('98','4','2022-02-01','0.19','Y','Bank Interest - Jan'),
('99','4','2022-02-09','2588.40','N',''),
('100','4','2022-02-09','1225.44','Y','Loan Closing - Refund');
INSERT INTO Deposits VALUES
('101','4','2022-02-12','1465.93','Y','Cooper Refund'),
('102','4','2022-02-15','44.76','Y','Karen - reimbursemnt'),
('103','4','2022-02-16','107.49','Y','LL Flooring Rebate'),
('104','11','2022-02-21','1125.00','N',''),
('105','4','2022-03-01','3700.00','N',''),
('106','4','2022-03-01','10000.00','Y','Home improvements'),
('107','4','2022-03-08','0.14','Y','Chkg Interest'),
('108','4','2022-03-08','146.11','Y','Karen - reimburse expenses'),
('109','4','2022-03-09','2588.40','N',''),
('110','4','2022-03-11','45.00','Y','Escrow Refund'),
('111','4','2022-03-14','277.18','Y','Karen - Cleanse Product'),
('112','4','2022-03-20','215.00','Y','Rod - Taos Lodging'),
('113','11','2022-03-21','1125.00','N',''),
('114','4','2022-04-01','3700.00','N',''),
('115','4','2022-04-02','25.00','Y','Tim Repay'),
('116','4','2022-04-07','0.12','Y','March Bank Interest'),
('117','4','2022-04-07','0.09','Y','Mistake: .12 should be .21'),
('118','4','2022-04-13','2588.40','N',''),
('119','4','2022-04-19','451.40','Y','Rebate - Visa'),
('120','11','2022-04-19','1125.00','N',''),
('121','4','2022-04-22','1000.00','Y','Xfr from Savings'),
('122','11','2022-04-23','3000.00','Y','401K'),
('123','4','2022-04-23','37.31','Y','Karen - reimburse'),
('124','4','2022-04-26','2200.00','Y','IRA - for patio doors'),
('125','4','2022-05-05','3700.00','N',''),
('126','4','2022-05-05','35.00','Y','Tim refund'),
('127','4','2022-05-06','116.18','Y','Prebyterian Refund'),
('128','4','2022-05-11','2588.40','N',''),
('129','4','2022-05-18','0.06','Y','Mistake on Visa Charge'),
('130','4','2022-05-18','21.56','Y','Terminix Refund'),
('131','11','2022-05-22','1125.00','N',''),
('132','4','2022-06-01','3700.00','N',''),
('133','11','2022-06-07','1125.00','N',''),
('134','4','2022-06-08','2588.40','N',''),
('135','11','2022-06-16','1125.00','N',''),
('136','4','2022-06-21','17.50','Y','Karen - vitamin reimb'),
('137','4','2022-06-27','1000.00','Y','IRA w/d'),
('138','4','2022-06-28','500.00','Y','NM State Relief'),
('139','4','2022-07-01','3700.00','N',''),
('140','4','2022-07-02','0.52','Y','3 month checking interest'),
('141','4','2022-07-06','10.00','Y','Loan Escrow Refund'),
('142','4','2022-07-09','93.26','Y','Karen - cat condo'),
('143','4','2022-07-13','2588.40','N',''),
('144','4','2022-07-13','1000.00','Y','Xfr from Svgs - Blinds'),
('145','11','2022-07-19','1125.00','N',''),
('146','4','2022-07-29','3883.38','Y','IRS Refund'),
('147','4','2022-08-01','3700.00','N',''),
('148','4','2022-08-02','0.13','Y','July Interest'),
('149','4','2022-08-02','500.00','Y','NM Tax Relief'),
('150','4','2022-08-05','300.00','Y','Presbyterian Refund'),
('151','4','2022-08-10','2588.40','N',''),
('152','4','2022-08-10','2588.40','N',''),
('153','11','2022-08-24','1125.00','N',''),
('154','4','2022-08-25','0.02','Y','Overcharge reported Visa'),
('155','4','2022-08-28','500.00','Y','NM Tax Relief'),
('156','4','2022-09-03','3700.00','N',''),
('157','4','2022-09-14','2588.40','N',''),
('158','4','2022-09-17','8.00','Y','Uncaught Reconcile Error'),
('159','4','2022-09-23','2600.00','Y','Xfr from Savings'),
('160','4','2022-09-24','15000.00','Y','For Well Drilling'),
('161','11','2022-09-25','1125.00','N',''),
('162','4','2022-10-01','3700.00','N',''),
('163','4','2022-10-05','0.31','Y','Interest'),
('164','4','2022-10-12','2588.40','N',''),
('165','11','2022-10-19','1125.00','N',''),
('166','4','2022-10-31','200.00','Y','Ion Solar  Refund?'),
('167','4','2022-11-01','3700.00','N',''),
('168','4','2022-11-05','16250.00','Y','1/2 Final Landscaping'),
('169','4','2022-11-05','1932.34','Y','Deducted Mortgage twice'),
('170','4','2022-11-06','0.32','Y','Oct Interest'),
('171','4','2022-11-06','2588.40','N',''),
('172','4','2022-11-15','16250.00','Y','Last W/D for Landscaping'),
('173','11','2022-11-30','1125.00','N',''),
('174','4','2022-12-01','3700.00','N',''),
('175','4','2022-12-10','2588.40','N',''),
('176','4','2022-12-14','0.34','Y','Nov interest'),
('177','11','2022-12-22','1125.00','N',''),
('178','4','2022-12-24','347.78','Y','Karen & Pat reimbursements'),
('179','4','2023-01-05','3700.00','N',''),
('180','4','2023-01-07','2831.40','N',''),
('181','4','2023-01-11','347.78','Y','Riverbend Reimburse'),
('182','4','2023-01-25','396.71','Y','Redeemed Visa Credits'),
('183','11','2023-01-26','1241.10','N',''),
('184','4','2023-01-28','0.11','Y','Interest'),
('185','4','2023-02-02','3700.00','N',''),
('186','4','2023-02-03','32.30','Y','Reimb'),
('187','4','2023-02-03','0.11','Y','Interest'),
('188','4','2023-02-04','2831.40','N',''),
('189','4','2023-02-14','4300.00','Y','Xfr for State Taxes'),
('190','11','2023-02-25','1241.00','N',''),
('191','4','2023-03-01','3700.00','N',''),
('192','4','2023-03-04','2831.40','N',''),
('194','11','2023-03-05','245.90','Y','Stan Proc'),
('195','4','2023-03-07','18000.00','Y','IRA - Furnace/AC'),
('196','11','2023-03-09','3000.00','Y','401K'),
('197','4','2023-03-19','5235.00','Y','IRS Refund'),
('198','11','2023-03-20','1241.10','N',''),
('199','4','2023-03-25','57.84','Y','Karen - Rx'),
('200','4','2023-04-02','3700.00','N',''),
('201','4','2023-04-08','2831.40','N','');
INSERT INTO Deposits VALUES
('202','4','2023-04-08','0.30','Y','Interest'),
('203','4','2023-04-14','35.00','Y','Tim Money Order'),
('204','11','2023-04-22','1241.10','N',''),
('205','4','2023-04-28','496.50','Y','Rod - Bnb Reimbursent'),
('206','4','2023-05-02','3700.00','N',''),
('207','4','2023-05-06','2831.40','N',''),
('208','4','2023-05-07','0.19','Y','Interest'),
('209','4','2023-05-12','103.00','Y','Rod - Taos reimburse'),
('210','11','2023-05-27','1241.10','N',''),
('211','4','2023-06-01','3700.00','N',''),
('212','4','2023-06-08','62.62','Y','Karen - refund'),
('213','4','2023-06-10','2831.40','N',''),
('214','4','2023-06-11','0.09','Y','May Interest'),
('215','4','2023-06-22','80.77','Y','Karen - wrong charge to CC'),
('216','11','2023-06-23','1241.10','N',''),
('217','4','2023-07-01','3700.00','N',''),
('218','4','2023-07-03','1000.00','Y','NM State Refund'),
('219','4','2023-07-08','2831.40','N',''),
('220','4','2023-07-08','0.10','Y','Interest'),
('221','11','2023-07-21','1241.10','N',''),
('222','4','2023-07-31','43.01','Y','Karen - Amazon Reimb'),
('223','4','2023-08-04','3700.00','N',''),
('224','4','2023-08-05','2831.40','N',''),
('225','4','2023-08-05','0.10','Y','Bank Interest'),
('226','4','2023-08-05','5.00','Y','Rebate - Hearing & Balance'),
('227','4','2023-08-13','42.72','Y','Karen Reimb'),
('228','4','2023-08-17','384.32','Y','Chase Rewards redeemed'),
('229','11','2023-08-19','1241.10','N',''),
('230','4','2023-08-31','305.00','Y','Pres Refund'),
('231','4','2023-09-01','3700.00','N',''),
('232','4','2023-09-04','0.10','Y','Interest'),
('233','4','2023-09-09','2831.40','N',''),
('234','11','2023-09-19','1241.10','N',''),
('235','4','2023-09-20','75.00','Y','Karen Reimb'),
('236','4','2023-10-02','3700.00','N',''),
('237','4','2023-10-06','2831.40','N',''),
('238','4','2023-10-06','0.08','Y','Interest'),
('239','4','2023-10-06','20.00','Y','Bill Ross reimb'),
('240','11','2023-10-20','1241.10','N',''),
('241','4','2023-10-22','0.01','Y','Duluth Adjustment'),
('242','4','2023-10-28','4800.00','Y','Sequoia Request'),
('243','4','2023-11-01','3700.00','N',''),
('244','4','2023-11-01','62.43','Y','Rod - Shipping'),
('245','4','2023-11-02','0.07','Y','Chkg Interest'),
('246','4','2023-11-04','2831.40','N',''),
('247','4','2023-11-28','46.00','Y','Karen - reimb'),
('248','11','2023-11-28','1241.10','N',''),
('249','4','2023-12-01','4000.00','N',''),
('250','4','2023-12-08','0.10','Y','Interest'),
('251','4','2023-12-09','2831.40','N',''),
('252','11','2023-12-22','1241.10','N',''),
('253','4','2023-12-27','59.08','Y','Karen - reimb'),
('254','4','2024-01-01','4000.00','N',''),
('255','4','2024-01-06','2844.10','N',''),
('256','4','2024-01-06','20000.00','Y','For Mosaic Pay-down'),
('257','4','2024-01-10','463.53','Y','Acupuncture Reimb.'),
('258','4','2024-01-16','0.10','Y','Interest'),
('259','11','2024-01-22','1241.10','N',''),
('260','4','2024-01-30','123.04','Y','Karen + FedEx Reimb'),
('261','4','2024-02-02','4000.00','N',''),
('262','4','2024-02-06','3000.00','Y','For LTC Premium'),
('263','4','2024-02-10','2844.10','N',''),
('264','4','2024-02-17','0.14','Y','Jan interest'),
('265','4','2024-02-23','1145.00','Y','NM State Tax Refund'),
('266','4','2024-03-01','4000.00','N',''),
('267','4','2024-03-01','0.11','Y','Interest'),
('268','11','2024-03-02','1201.60','N',''),
('269','4','2024-03-09','2844.10','N',''),
('270','11','2024-03-20','1201.60','N',''),
('271','4','2024-03-29','9789.00','Y','IRS Refund!'),
('272','4','2024-04-01','4000.00','N',''),
('273','4','2024-04-06','2844.10','N',''),
('274','11','2024-04-08','4614.90','Y','401/KC'),
('275','11','2024-04-24','1201.60','N',''),
('276','4','2024-05-01','4000.00','N',''),
('277','4','2024-05-04','2844.10','N',''),
('278','11','2024-05-23','1201.60','N',''),
('279','4','2024-06-01','4000.00','N',''),
('280','4','2024-06-08','2844.10','N',''),
('281','4','2024-06-21','704.54','Y','Multiple reimbursements'),
('282','11','2024-06-22','1201.60','N',''),
('283','4','2024-07-03','4000.00','N',''),
('284','4','2024-07-06','2844.10','N',''),
('285','11','2024-07-19','1201.60','N',''),
('286','4','2024-08-03','4000.00','N',''),
('287','4','2024-08-10','2844.10','N',''),
('288','11','2024-08-22','1201.60','N',''),
('289','4','2024-08-24','250.00','Y','Bill - Enterprise'),
('290','4','2024-09-01','4000.00','N',''),
('291','11','2024-09-03','1201.60','N',''),
('292','4','2024-09-07','2844.10','N',''),
('293','4','2024-09-12','3554.00','Y','Solar NM Tax Refund'),
('294','4','2024-09-13','0.60','Y','Interest'),
('295','4','2024-09-13','0.60','Y','Interest'),
('296','11','2024-09-20','1201.60','N',''),
('297','11','2024-09-20','1201.60','N',''),
('298','11','2024-09-20','1201.60','N',''),
('299','4','2024-09-25','100.00','Y','Bill - reimburse travel'),
('300','4','2024-10-01','4000.00','N',''),
('301','4','2024-10-05','2844.10','N','');
INSERT INTO Deposits VALUES
('302','4','2024-10-06','171.36','Y','Karen for Citi Card Reimb.'),
('303','11','2024-10-20','1201.60','N',''),
('304','4','2024-11-01','4000.00','N',''),
('305','4','2024-11-06','0.10','Y','Interest - discrepancy (Oct)'),
('306','4','2024-11-08','2844.10','N',''),
('307','4','2024-11-15','77.00','Y','Karen reimb'),
('308','11','2024-11-20','1201.60','N',''),
('309','4','2024-11-25','168.85','Y','Karen - reimb'),
('310','4','2024-12-01','4000.00','N',''),
('311','4','2024-12-07','2844.10','N',''),
('312','4','2024-12-13','0.12','Y','Interest'),
('313','11','2024-12-19','1201.60','N',''),
('314','4','2024-12-29','300.00','Y','Rod -travel'),
('315','4','2025-01-01','4000.00','N',''),
('316','4','2025-01-04','2986.20','N','');




CREATE TABLE `Irreg` (
  `record` int(11) NOT NULL AUTO_INCREMENT,
  `userid` int(11) NOT NULL,
  `item` varchar(50) NOT NULL,
  `freq` varchar(20) NOT NULL,
  `amt` decimal(7,2) NOT NULL,
  `funds` decimal(7,2) NOT NULL,
  `expected` decimal(7,2) NOT NULL,
  `first` varchar(10) NOT NULL,
  `SA_yr` varchar(4) NOT NULL,
  `APType` varchar(30) NOT NULL,
  `APDay` smallint(2) NOT NULL,
  `mo_pd` varchar(14) NOT NULL,
  `yr_pd` smallint(4) NOT NULL,
  PRIMARY KEY (`record`)
) ENGINE=InnoDB AUTO_INCREMENT=17 DEFAULT CHARSET=utf8mb3 COLLATE=utf8mb3_general_ci;


INSERT INTO Irreg VALUES
('1','4','RoadRunner Waste Mgmt','Quarterly','80.00','26.67','26.67','August','Odd','','0','September','2024'),
('2','4','AAA NM Membership','Annually','151.00','88.06','88.06','May','Even','','0','','0'),
('3','4','Kinetico Water Filters','Annually','165.00','13.75','13.75','April','','','0','November','2024'),
('4','4','Costco Membership','Annually','70.00','11.66','11.66','October','','Citi','1','October','2024'),
('5','4','DMV License Fee','Bi-Annually','50.00','8.32','8.32','August','','','0','','0'),
('6','4','RGNC Membership','Annually','30.00','25.00','25.00','February','','','0','February','2024'),
('7','4','Sirius XM','Quarterly','75.00','25.00','25.00','November','','Visa','3','November','2024'),
('8','4','Water Softener Salt','Semi-Annually','45.00','30.00','30.00','August','','','0','August','2024'),
('10','4','Magazines','Semi-Annually','40.00','6.67','6.67','May','','','0','April','2024'),
('11','4','Atlas Septic','Bi-Annually','200.00','41.65','41.65','April','','','0','July','2024'),
('12','4','Terminix Contract','Annually','340.00','4.10','226.64','April','','','0','April','2024'),
('13','4','IPCC Membership','Annually','120.00','0.00','70.00','October','','','0','May','2024'),
('14','4','Mochahost: Budgetizer.com','Semi-Annually','22.44','0.00','14.96','August','','Visa','15','August','2024'),
('15','4','Auto Insurance','Semi-Annually','899.00','0.00','899.00','July','','Visa','6','July','2024'),
('16','4','Mochahost Hosting Service','Semi-Annually','51.00','0.00','51.00','January','','Visa','7','July','2024');




CREATE TABLE `Locks` (
  `indx` smallint(6) NOT NULL AUTO_INCREMENT,
  `ipaddr` varchar(15) DEFAULT NULL,
  `fails` smallint(6) DEFAULT 0,
  `lockout` datetime DEFAULT NULL,
  PRIMARY KEY (`indx`)
) ENGINE=MyISAM AUTO_INCREMENT=16 DEFAULT CHARSET=latin1 COLLATE=latin1_swedish_ci;


INSERT INTO Locks VALUES
('4','164.90.241.135','3','2022-10-01 18:40:13'),
('5','161.35.246.138','3','2022-10-01 18:42:53'),
('6','159.203.53.95','3','2022-10-01 18:45:34'),
('9','97.123.82.69','3','2023-01-28 12:47:47'),
('12','3.71.95.87','1',NULL);




CREATE TABLE `Transfers` (
  `xfrid` smallint(6) NOT NULL AUTO_INCREMENT,
  `userid` smallint(6) NOT NULL,
  `from_acct` varchar(1024) DEFAULT NULL,
  `to_acct` varchar(1024) DEFAULT NULL,
  `amount` decimal(10,2) DEFAULT NULL,
  `xfr_date` date DEFAULT NULL,
  PRIMARY KEY (`xfrid`)
) ENGINE=InnoDB AUTO_INCREMENT=131 DEFAULT CHARSET=utf8mb3 COLLATE=utf8mb3_general_ci;


INSERT INTO Transfers VALUES
('1','4','Mortgage','CarMax Loan','2300.00','2022-11-30'),
('2','4','Mortgage','CarMax Loan','2300.00','2022-11-30'),
('3','4','Mortgage','CarMax Loan','2300.00','2022-11-30'),
('4','4','Medical/Dental','CarMax Loan','2396.00','2022-11-30'),
('5','4','Undistributed Funds','Wine','30.00','2022-11-30'),
('6','4','Electric','Tithe','55.15','2022-12-09'),
('7','4','Undistributed Funds','Computer','50.00','2022-12-24'),
('8','4','Undistributed Funds','Entertainment','300.00','2022-12-24'),
('9','4','Undistributed Funds','Wine','1.50','2022-12-24'),
('10','4','Undistributed Funds','Health Items','18.02','2022-12-24'),
('11','4','Cash','Landscape Maintenance','200.00','2023-01-07'),
('12','4','Appliances/Repair','Auto Maintenance','1538.58','2023-01-25'),
('13','4','Cash','Computer','100.00','2023-01-25'),
('14','4','Auto Maintenance','Computer','100.00','2023-01-25'),
('15','4','Undistributed Funds','2022 Taxes','600.00','2023-01-25'),
('16','4','Undistributed Funds','Computer','72.11','2023-01-25'),
('17','4','Tires','Appliances/Repair','140.00','2023-01-25'),
('18','4','Tires','Appliances/Repair','140.00','2023-01-25'),
('19','4','Home Misc','Escrow Account','13.35','2023-02-07'),
('20','4','Undistributed Funds','2022 Taxes','4300.00','2023-02-14'),
('21','4','Cash','Wine','50.00','2023-03-13'),
('22','4','Cash','Natural Gas','50.00','2023-03-13'),
('23','4','Undistributed Funds','2022 Taxes','140.95','2023-03-19'),
('24','4','Groceries','Entertainment','150.00','2023-04-14'),
('25','4','Groceries','Undistributed Funds','267.25','2023-04-18'),
('26','4','Groceries','Undistributed Funds','267.25','2023-04-18'),
('27','4','Undistributed Funds','Groceries','267.25','2023-04-18'),
('28','4','Undistributed Funds','Travel','271.87','2023-04-28'),
('29','4','Cash','Wine','100.00','2023-04-28'),
('30','4','Cash','Home Misc','65.53','2023-05-10'),
('31','4','Cash','Non-Monthlies','100.00','2023-06-10'),
('32','4','Cash','Clothing','10.00','2023-06-12'),
('33','4','Cash','Undistributed Funds','10.00','2023-06-12'),
('34','4','Undistributed Funds','Clothing','78.73','2023-06-22'),
('35','4','Undistributed Funds','Medical/Dental','900.00','2023-07-03'),
('36','4','Undistributed Funds','Tithe','33.91','2023-07-03'),
('37','4','Tithe','Home Misc','33.91','2023-07-12'),
('38','4','Cash','Undistributed Funds','20.00','2023-07-18'),
('39','4','Crowns','Groceries','250.00','2023-07-25'),
('40','4','Crowns','Groceries','50.00','2023-07-31'),
('41','4','Cash','Undistributed Funds','100.00','2023-08-17'),
('42','4','Undistributed Funds','Medical/Dental','250.00','2023-08-31'),
('43','4','Undistributed Funds','Entertainment','16.39','2023-08-31'),
('44','4','Undistributed Funds','Groceries','75.50','2023-09-20'),
('45','4','Undistributed Funds','Groceries','75.50','2023-09-20'),
('46','4','Groceries','Undistributed Funds','75.50','2023-09-20'),
('47','4','Medical/Dental','Tithe','1000.00','2023-10-28'),
('48','4','Tithe','Medical/Dental','1000.00','2023-10-28'),
('49','4','Undistributed Funds','Medical/Dental','1000.00','2023-10-28'),
('50','4','Undistributed Funds','Auto Maintenance','2500.00','2023-10-28'),
('51','4','Undistributed Funds','Entertainment','1000.00','2023-10-28'),
('52','4','Undistributed Funds','Clothing','200.00','2023-10-28'),
('53','4','Undistributed Funds','Computer','100.00','2023-10-28'),
('54','4','Undistributed Funds','Entertainment','20.49','2023-10-28'),
('55','4','Undistributed Funds','Entertainment','20.49','2023-10-28'),
('56','4','Entertainment','Undistributed Funds','20.49','2023-10-28'),
('57','4','Electric','Entertainment','25.00','2023-10-28'),
('58','4','Undistributed Funds','Home Misc','62.50','2023-11-02'),
('59','4','Appliances/Repair','Home Misc','1000.00','2023-11-10'),
('60','4','Cash','Groceries','40.00','2023-11-13'),
('61','4','3C Annual Fee','Home Misc','510.40','2023-11-25'),
('62','4','3C Annual Fee','Home Misc','510.40','2023-11-25'),
('63','4','Electric','Charities','10.00','2023-11-28'),
('64','4','Undistributed Funds','Groceries','46.40','2023-12-01'),
('65','4','Undistributed Funds','Clothing','150.00','2023-12-09'),
('66','4','Undistributed Funds','Home Misc','150.50','2023-12-09'),
('67','4','Landscape Maintenance','Home Misc','300.00','2023-12-09'),
('68','4','Cash','Christmas','100.00','2023-12-15'),
('69','4','Cash','Health Items','40.00','2023-12-15'),
('70','4','Crowns','Christmas','50.00','2023-12-21'),
('71','4','Undistributed Funds','Health Items','59.08','2023-12-27'),
('72','4','Landscape Maintenance','Wine','100.00','2023-12-31'),
('73','4','Undistributed Funds','Health Items','19.10','2024-01-06'),
('74','4','Undistributed Funds','Computer','300.00','2024-01-10'),
('75','4','Undistributed Funds','Health Items','163.53','2024-01-10'),
('76','4','Cash','Wine','80.00','2024-01-10'),
('77','4','Vision','Undistributed Funds','400.00','2024-01-29'),
('78','4','Electric','Undistributed Funds','44.00','2024-01-29'),
('79','4','Undistributed Funds','Gifts','48.00','2024-01-30'),
('80','4','Undistributed Funds','Health Items','75.00','2024-01-30'),
('81','4','Undistributed Funds','Genworth LTC Policy','2885.09','2024-02-17'),
('82','4','Undistributed Funds','2023 Taxes','755.94','2024-02-23'),
('83','4','Cash','Computer','50.00','2024-02-29'),
('84','4','Cash','Crowns','90.00','2024-02-29'),
('85','4','Undistributed Funds','Landscape Maintenance','573.55','2024-03-11'),
('86','4','Cash','Landscape Maintenance','200.00','2024-03-20'),
('87','4','Verizon','Computer','5.00','2024-04-03'),
('88','4','Undistributed Funds','Appliances/Repair','2210.00','2024-04-25'),
('89','4','Cash','Landscape Maintenance','340.00','2024-05-14'),
('90','4','Undistributed Funds','Entertainment','320.00','2024-05-24'),
('91','4','Undistributed Funds','Landscape Maintenance','164.00','2024-05-24'),
('92','4','Medical/Dental','Crowns','1000.00','2024-06-15'),
('93','4','Undistributed Funds','Crowns','360.00','2024-06-15'),
('94','4','Undistributed Funds','Entertainment','300.00','2024-06-15'),
('95','4','Electric','Home Misc','50.00','2024-06-16'),
('96','4','Undistributed Funds','Travel','395.00','2024-06-21'),
('97','4','Undistributed Funds','Home Misc','185.00','2024-06-21'),
('98','4','Undistributed Funds','Clothing','175.00','2024-06-21'),
('99','4','Undistributed Funds','Entertainment','300.00','2024-06-21'),
('100','4','Electric','Natural Gas','30.00','2024-06-21');
INSERT INTO Transfers VALUES
('101','4','Cash','Undistributed Funds','140.00','2024-06-28'),
('102','4','Health Items','Groceries','50.00','2024-07-04'),
('103','4','Cash','Landscape Maintenance','200.00','2024-07-16'),
('104','4','Medical/Dental','Undistributed Funds','150.00','2024-07-26'),
('105','4','Cash','Entertainment','100.00','2024-08-21'),
('106','4','Undistributed Funds','Travel','250.00','2024-08-27'),
('107','4','Undistributed Funds','2023 Taxes','260.00','2024-09-12'),
('108','4','Undistributed Funds','Travel','100.00','2024-09-25'),
('109','4','Undistributed Funds','Entertainment','150.00','2024-09-29'),
('110','4','Undistributed Funds','Slush','500.00','2024-09-30'),
('111','4','Hearing Aids','Computer','1700.00','2024-10-03'),
('112','4','Medical/Dental','Computer','700.00','2024-10-03'),
('113','4','Wine','Computer','25.00','2024-10-03'),
('114','4','Undistributed Funds','Landscape Maintenance','60.00','2024-10-18'),
('115','4','Tires','Landscape Maintenance','10.00','2024-10-18'),
('116','4','Cash','Entertainment','100.00','2024-10-26'),
('117','4','Home Misc','Entertainment','250.00','2024-10-30'),
('118','4','Cash','Entertainment','80.00','2024-10-31'),
('119','4','Wine','Landscape Maintenance','300.00','2024-11-10'),
('120','4','Undistributed Funds','Landscape Maintenance','500.00','2024-11-10'),
('121','4','Undistributed Funds','Groceries','75.00','2024-11-16'),
('122','4','Computer','Landscape Maintenance','150.00','2024-11-20'),
('123','4','Computer','Clothing','20.00','2024-11-20'),
('124','4','Undistributed Funds','Landscape Maintenance','300.00','2024-11-25'),
('125','4','Cash','Landscape Maintenance','100.00','2024-12-06'),
('126','4','Slush','Christmas','500.00','2024-12-12'),
('127','4','Cash','Charities','40.00','2024-12-14'),
('128','4','Undistributed Funds','Clothing','31.12','2024-12-14'),
('129','4','Non-Monthlies','Auto Maintenance','1000.00','2024-12-14'),
('130','4','Undistributed Funds','Travel','300.00','2024-12-29');




CREATE TABLE `Users` (
  `uid` int(10) NOT NULL AUTO_INCREMENT,
  `email` varchar(60) NOT NULL,
  `username` varchar(4096) NOT NULL,
  `setup` varchar(7) DEFAULT NULL,
  `LCM` varchar(12) DEFAULT NULL,
  `definc` varchar(12) DEFAULT NULL,
  `password` varchar(100) DEFAULT NULL,
  `passwd_expire` date DEFAULT NULL,
  `cookies` varchar(6) DEFAULT NULL,
  `questions` varchar(10) DEFAULT NULL,
  `answers` varchar(200) DEFAULT NULL,
  `an1` varchar(4096) DEFAULT NULL,
  `an2` varchar(4096) DEFAULT NULL,
  `an3` varchar(4096) DEFAULT NULL,
  PRIMARY KEY (`uid`)
) ENGINE=MyISAM AUTO_INCREMENT=71 DEFAULT CHARSET=latin1 COLLATE=latin1_swedish_ci;


INSERT INTO Users VALUES
('11','tonks130@gmail.com','7715dfa3c9b028b1d7ed599a477bdc506ad4a93d83f59aa61f69e8ee35fa5c1704814211dff62eab5ae6fbfedc6ae074404151d1b83db0fe69fc1df1cd531cd821e7a6135b637f11e9ad4630c174706f1b0efe144c07b5b09c558a5d3eadd46e4140c5ba42339e220bcb8d80f650ef4f285d88b3a5f42662c8f39de0b05cecbb','111','December',NULL,'$2y$10$kqotD.Tt6qxjd82DM2IK6.r.9Pq.r36HyuMqsUqRmHZxwI5e/weo2','2025-10-26','accept','3,6,9','holy name|cleveland|vw bug','14ad08a1af200c393763d7818d800211a71a109ae9fc4d3bbc49a02fbc535b7fca376e3e99e2fe1994052cbaae53445f25bbc09fd07f3037acb00b10ddd221365894c9fe252a5e090f8a22920129b972888a60a40f3d2af37ab3ad57281830be6b49384622bffb80b62edb9d6bcdc7fc4d3213ac9dc2d4320dfeb0e3718fc595','9cf923b724724974947402f850a6f09955643744e2f8e645a76506d878f923e77c070b18252c0c51eb948548fdcab4ab39186810956f6b2d993299184aecf7cf4b5db716703a798111b4a114705fb7494ba579f6016af6ab4da7f6b5c6a8a2f04b547749a1865e1a015efd13afb77d8125cd5161c13a8384489a6d4f42f56200','1934400b10ccbde18ca75785d1063cb0d300f190b49604ab5142dec2239abd5bc1d22b0aa68e486af28c5c6fc7bb99df40cff12943e8c73cb0a1107b77b219d46369942094728a0de429adcdb5ea1e25c927c9becad21c2d300699f991dc5a0ae99ba20bd7392663b22938368fed22e61ee1100dfdf834f64c48e4d8fb727759'),
('4','krcowles29@gmail.com','31384d10d7e222afb63878f21981813584c42a606264f42765de368a350f0af094efe03589c73dc65819440b53bd71dc09a02226303255e4143800402aac0461a70a59769e21ba2533cedf50edec7232bd9356465bfaa73a311f6d85c8c197a339deec2d5d024597de16f444010c5ad73e1176efc592500049b7ba6c7eee76e2','111','January','','$2y$10$dod0Vf3TVvQZrj8BPDDKou9XvyDYxUZr1hqHU.W8kEjhU6PPB4Gqu','2025-01-18','accept','2,5,6','raymond|collins|kokomo','b26fe7cae5c94a687b256a1c2a25b059823eada257bb51ab6c34ba34db2427bf4c4fcc92dd0ad66f7729bc86cc0f298ec9ac4b093bab0e038ede8c8b4ff673b0767a3056d7cf6aa0ae6e04fe41a0329b49897e6f40ab31804f911055309725bb5e74486c64d525dfc1d5d0fe5e1d054e28a5af80f50348217171ca847efee1db','9c3c4707a8caa55c5d8478954aca5543161142bf38afca800226af9635e5cd8ef3e9a7be74c1f89d694f3814d1a3a1974eb11706de170da59c19b91dc8bf2b14f372000bac01524ad1a3f2bed136fc82cf5970fbaf5e25452dc299ac6827e1a71918af1cfc235e112cfbdb24bcd04b871455ce9001e7262187e6639d369e76f5','66a2e39a638bfb88dd36ff885b0341c6e75c585f36a899f8ae55f2badcd99ad354e2d081e1b71ef184b3271b679f472109c258cb60daa1895f5e3f8d2a450da47432e1202664203274c467996ec0a6215ce6755406049d5253738d10f3a191ebc06dd3952402f55d5a3a281d8780676f9e57ff0a2b89638245ec8cfed03fe98c'),
('23','greenalex@sbcglobal.net','90209e68f9f0eefccf828d52dd734ce3411abceb6b951b9548c4bc83664eab5876ac877c9bf5afbffb22ef4ce6774f96cfe0d4038285a7e94736d9881fe4a33597c21d8881044e77d6bb3803ce6426ae419e6d51d6d5d07fd628f7e0aaab7c17ac938b739bc492e9532638fda68289d3a96792c4d05db8c917721c2bb93e3028','100','February',NULL,'$2y$10$b05u3ICDuIkL7kzu78fATuvBsXMoLlJR2CJ0h2Y72OgM/EyIrVb5i','2023-02-19','accept','2,3,4','lewis|millikin|lakewood','30bbaaa75f5e8fe9658e6bc4cd9453586aee4fca23e139251a179a4301f2216fb1642e70a007f989259144fdcd9c1a6b69a8c01ed40a463a9f188653bd7f8b0823189d2486ff4c49c1ed6780e9b6611dd52f1773bd546198fe791a6122286c8985c26d3fe5691031895ac2ae4b1864df7f4c8e2db421c0166409c69a0f8df698','09137f661a7df9e97c1b5158eff0a8bff9435b0347d0c31a27b193cf26720cd7d4cb81273a9b0e9fbc6074eca22307bdf5216085ae01477cb393e9a8772a330f8c2cfa3bf2add4c373af18bab02e1b47788ab9369c62ec7ff56e3d43dd399e9826892c7aafe7e492ea2c493df099c34843cd708e7e7b2a52dc50faa91244e523','1074660df0013ff2a748a6db76c4536829794d4f06c8a0da001c2e60ed52ae4663c6c4c69eef747044b580848bedba5c999f697db6613eea151ffcf4b76afb2a3f31de76f2762a0bca1abe6d4dcedf35feeaf5af663c8d4073a817963aa35961c3d6b52a1bb752380e2302309e0b54ca6b4ba3de56588d3e31367069154f1ee1'),
('24','KsenofontMaidanov+1x7r@mail.ru','5dd7a2416fe935e0ed9226c17ad0ae9835360ace10f2c440c9e73e742514da59eb3f8dc3625cd1069dbbb9975636ec98aacdad653765cae27f1057085e5cdd50a28c03589d4d0abbe671071d412e9a4599336477930dd35251abc8be391a46f29a311e655d3b9ffb75983eed6211db5f915038f24f3d0f764f9aae94dc38bf5907065ee686f7122178d5bb9758c20922059de540f23e89396e57ff11f63b27a30aa9a4707090d5622918199ce5987fd414cdfad068eac0456d6b5a86a409a5df021e5861489a65dce4e36b39637a07c82f95911c63f0961cf55e05fc68828d8d35aff2b6d095d7796e9f45104b8d5a281a085ab4c31f73d2a58594ac6f1bd0a5','000','April',NULL,NULL,NULL,NULL,NULL,NULL,NULL,NULL,NULL),
('31','g.e.ra.l.dk.u.mse.rt@gmail.com','27cd59e2bf15ec41e6fed253759129819d4b94e293fb02115e9f7dbfadd60736b117919cfcc3dccf639a476c6576efb01c6d753b6c91e8f81faaa1f79f9b95ec01fbfce88995a1255cee01287b0deef1b62d38770418f599288dd693eaa861c8f4a0053ba8416bdc3dd27f8bf17d08179981724e44d7915195575e6913d08ff775c0d5c6e1535d0ef0b215d25f336545f888c21c8f000ef04584e639cc0c4343b2eb4dd0f16cbb69ab60fd844e0fd5ab183904fbf17e7e285e9f63f63bd86e940dcc4b3110e0c234817d2a30d34bea4de4444b796fde65654cbb9a6d8aab06913641723ccb275bb17a71d17cc3469c8177e6f6a6116d99f13ebe3a20609222b1333d785ef023f202f759a596bc02a944aab922eebd3a1747c577fd7a88ba87f57bc6e7e5c8dfb25878efd95dec1169d6e04457a825ed248c66bcab0071d196fc11114b265aa7455959a952156ccd83f72df0bda2633abab42b5c7722d6b1fa463c475f3dd3c5936cc8025d619a044a60d79898d6729b9ca85a554f7c9fa7eb8ca971cca8aac17f40c197e262c78083dce7d2798f5e0abec2f55b1e770e01df737aaac7a2d9a3ac725d5fe9b231feea984da682b25f5a5a037d2be8c777f4683de3d5e985be9c710092a4a6f88522af8a2bd9ac23b3211d644d5489b77aba79896e4dd02d2865080a357f9ad02f0367a7732c25df3dbb1433944223b37e0ac513b339e809a57c96db7b6e23e0bab2d2a3fe58b0d0cadf995b9021011b035b804d44f69522f2586a99180ce96b34b2ed0c75cb2990afa9351315892a2e14ba7c134ddcd0d47e7283fa35387f538284e50e34b5c7e5a9aaac53d008655ecc19344a78f871c1d9273ce6508f11cfb2de02558342be361cb0d95bd51fd4b5a3bd982c','000','October',NULL,NULL,NULL,NULL,NULL,NULL,NULL,NULL,NULL),
('30','hawk109@icloud.com','8106b9e5d58adbcb9a6f32aa5357adc7b8933d85fa91ebf583a6adf5ba958a3612433149d361c5d48151ba392d5838127ffe610eb0ef99f81ef7d8366da59cd0c3bb350fb8ef381e7487706923065ff968b65f662c9eaea06498a7a289f7a54c22ada0933b8c436075e3b1a41ef0e2496a94fb8cf2188b37be3caf2a9851867d','100','May',NULL,'$2y$10$9JUJxaxevkSDSbEi6YgsTurem7M62.HzrBXm88NDH6Fs7jR2f/5hy','2023-10-18','accept','3,5,6','lathrop|collins|kokomo','85623ac12d5936754e17598c47c3a133fdc47e32ee57ae899f422439394cca321ebd9cf0df97547184b35bfe85a5cd0d7d20d4335fb3232e076a8539ba4d9e167bfaf27de68d6cd65decd8a48ae465a731bf82d5e247c20f0e66ffa3b73b26a6861aa9787e3db5f81bea612c9caecf9f6c8d6b89fc6e905b394f1a6919ebbd89','1a7f188398a2645368e87a7be397124c7005684a1c2da231f495c3eeb0c20893f51fe6cdb702d144904c4c9e2cd51c4ea273e53e17b9c32424e5ed771c0fe9006c5ee90aa5abdee797be638bebe8157cd3f89c451d9485ed82cbfc4795b5014a599b4879b0128eca7023e428c81a0270d7b64a6ff2f311ec2c2776907bcadfbe','3fe5363d4b1ec8d9d8debd72301c03a3debd733f546ec575f78f96855c14aa15f834527ea789e5f601eaecaa639236078d7f7e49afdef7d5a0e5e967e2e0b3a20129c8910c3e1c0066f1dea5c210926a82fd0533c19bce3361aef815fb39c05f8c6a59ee8f64b60a19b2f24509365c8de6d73ca6d3eca298bd6e292a9292c0ce'),
('33','albert.h.a.nshin4.9@gmail.com','5e7c0729639fa9e182d4b28e469ed4732b23872452ed26aa610f9d4b7d428d9080c4e1f1ebc5e20db0fd9a40a2578586c188f2d43a36c0a74e5f6bc677ba10a42d7eddcd1cb7b43af4ba80e1536272b95f6fec7c3cc1c29714e0ee74ed59a0c346a420dc705adc1e67f5e1827fc2aaaafe4c7d278f30bdead9076ace59ed16a842e1ae2fe0f10c8ba50a61f11a1811e4a74248d3e0464679ec74f5003a34b7c7cbd33166ba3c1f9d11e4163c2e2b2816d8c614ecef4636c8d790b15fe3a84c4c5ab1114a8e9f97c9c23ecde84a59cddf1ca13e2b225d2d14a7ca041ec081e4c0f8de1312e1d56e458d5d1d64f7690bcbc61e56cb9be196398ba2bb21276e9e8293e5f02a351d7c1efdafa7a1b5b96be1ed8215ebae7b3de593d0e1ea43c0b273bfd46f50decdac6402d76180264873c0f5549926dc1cdb413e0fba1d7853b89591aaebf8326fe851cc1657d9bce7c9aa3f102138b22d3b0bf862f185c97d21fd674e6b1069e74931a8b9c7263040cdef457a7da85d3bf5eed0ee292f1ce386a4','000','April',NULL,NULL,NULL,NULL,NULL,NULL,NULL,NULL,NULL),
('32','g.e.ral.dk.u.m.ser.t@gmail.com','88a11582de5ce0672ee17cacec268fc974d29d7e248f7fc82a118a5546de536b903ca7a826206c5254894ffee9763ab96998bf5a5e1c7d71348d93ad28a18551247aeecdca6b3ef5065110056d0ff48ec503a272ecf4c3f111ab2310fe04f855a73a7562635508b8be7e468d4be29ce46e71c180b5c4857b962b52ff6b44d667a2d681b1d09a35407940e9dc3f9ad03e4a70ddec6329c94357e83b49de6604a51564450c63342797c16003e59058e36c72906e1991c595af34b37b8ef87221a35a9947aa0e4d5ed071890b2285861925816a7fa9c6bd422a90ba9f6b8e24f2cbc35ef6146cd98b89ef0ff6ec96da3b638d97a54a28b5294dd43c6cececd48cba','000','November',NULL,NULL,NULL,NULL,NULL,NULL,NULL,NULL,NULL),
('34','yhfee@chitthi.in','8ec2f60083eb04b1f17cbf5130c8adea811780686ebfb7088644af9a40745cea7e62d671b5fa8f0c85a2a9b30c51948cab73605a1ca9de19e46b6452751e7cde7a49fc7258ec5397a156a1ee67c9f653be8d7532e09446ae119364b4ebe2c1b91b75254d7d415e23bc1dca27d4305fd5183cee9085b294b05bdf3d22324a8fe6b1ad592aa3ab446660ddf6fa25d1b02ed0534a5a5551a3b79fd1ec52d4911afe0320f457da9bdd2479db48c76cb712cc8a875ae3aa2df5861f8278949c71610724224b81776a9fd23cd8803f6fba30cbaa0fa335874c3d5be1d7826a40d80a16b7a044bbb951cd6c1d71a71e0c46b4f483f6b29e0221232a4861b86bb01aff00','000','May',NULL,NULL,NULL,NULL,NULL,NULL,NULL,NULL,NULL),
('35','yaahab@any.pink','6e453302a97c9ff55b20b429eef0ddc46c98d67d88f08ac25edfd5e55fd40ad50a718548e36ded7180ab0b9143c0e0bd6bc170d6e6f27a1336449691bc612e8473ea9526234f6f24da231e99d984d2e18950140f2dce9fbf0b66bbe16bd35c3de368d117785aa6a23c3decf7fd4b3e25c22b735864216806f47056fec07ace30ac097ab61c4ca9010e7955ac30b4e98e7069079905859d502797585f4ba87b77abdff5ecb9f4d475f6fccbf3a9730566545cc816b60a155502a033b943c607992681dadca6500eed0d01c412f56bbb7e1c7c0630b35541af264b48b9b959a49cc693087cc642a19a8b015c360d234f65762981e78ff8fa361f741c8e72427fed98c4938a31190c77e79ac36b80fc5f5523c64ea9c324ae09cacf0072202494f33c3f9d23f5d9986930fcfb78132c15f2ccf01a8aa47f88f2f452e5237ac7ef9ff741e1745adc7396d45f47026ece3fb106e24a3fc504aeeee7b7c2526faf7052a25bf85eebf336fbfa755797d0916cc995e0976074b5dccd8421cef366c2475e5c1134b42121d5a62a48a267d3a277e3081fbd1f9579967cdfd3542d5c708e62b80fe1b01339948a5e1813c069aa3d7c58aa07d1182acc9563bf0c6815e94a99c539617aa8f68b16a7d054c553093427ae49e2f7877c5d1bf1206e2a0707a7eb229479de3d30553e681c517251841faa14db68c5f9c4dee941f69e4064920515','000','June',NULL,NULL,NULL,NULL,NULL,NULL,NULL,NULL,NULL),
('36','sirfak@yandex.com','6630aa3a1023bfbb2a37653effb3da574fa45396984f37111d89a8b0c1a0280e66adba47b8b735a0d7540c7ff4dc16a1cd96670f9046f715203c3098d3e2eafe4b057011d8df3e794769dfcc8a4780c3cccf6481e92438026fa3c73f05cb3fd55307998e8a01c1950e6a7833160484ab4343e074ab55cbfeaa523b640e87f25a','000','June',NULL,NULL,NULL,NULL,NULL,NULL,NULL,NULL,NULL),
('37','guuema@mailto.plus','58ea0052a9cfff4bacecfad9b15b26c97768b2556058d8927a30a498d70c2df297098b249b9dc1547948aff3d40d1b5bf4481a0b665646c348babf15db718f154bbe5c55f8cdfe8e5c671279b876f722f76522ca1c6315aa3b1d8911a42cce368abfb0ae20f05ca92099202920ff6829d920d56e9345d38cadfdc053e7a585452c03435d367b6730e4ec3f2358d175c8b6a6c522b4a82882ce9fc9294288ccf45a772929700bd35b3c67e20261e30a0912f4ea2b0bd388b1e361bb825d5de2e6a1f2ffe8b16ad61808e61397ce6df804aafb2ae95a3c9b2adef6506a5749335435a9117ca69b52eb2aba88beef684f9cd37d8c04c3ed58750e94be0fc882a62d','000','July',NULL,NULL,NULL,NULL,NULL,NULL,NULL,NULL,NULL),
('39','rod5241@protonmail.com','3809b24d756bfd5c9deef522c38ef6f758f8ddde9ffbaedfc3e8d2608e639c11a0b8ceecf5aeafed62d28aa382ec502f7f624d14c937c535a9705efb4a1185b0a1086258938fa194c4b7e7e12a844f90a3be98a93dce5a05887045787afe85b65b565f1af9bd65254437d2eefe232d557cd6ea8170437ca55ab73d722bdd8aee','111','October',NULL,'$2y$10$SqegoAj4ow5N2TT0f94HBuUvVUjMQUATO1Hdly4.SKCODz39uBX7K','2024-10-09','accept','0,1,3','flash|lincoln|lathrop','18bda477f0fcc71c039076930a736fc0ee39a52c87840323000b3009126f21dfe7040719c49cb52c699aac2ff2d0e505f5d46477838337171767b13da87fd58b5f3b829dbd856325d06660b798c9780c4ea3b0dcbb4c60297dfa7474060c9c4340ad95650b990926a74e449d82553ec55ad9d2a8fe60ce39c56ff66fc2a04663','1f2216bbdfa7848a92df0e7d763a4acc7864227941d99c2f02124db036ca5193555571f1ebfde24c63e23d5fa863ca525566c78f35f23d56fde4c517088c738a3cd185b7e2c8b2df5e838d1cd80aadd992797b1d8e08cbf37d11092948deff4c040d55672d6fd7415d2b68c588f68f25ecca08cca4a68aa3c38b456521704ee3','456ce5e8a4d8dc07d0ba7c0c6fbbdb3e77a08129ad326c9a2beee2d93e118601e20f8706dfd5fd347f1b579ba71a2ddee22178b6d66bf114a7faeaadf6668f7c0352407fdf5c285dec854774e2cb22588f8bb7e41bb30a7200963464a07dc215da8bf512e0280b403f7635f2565052d2a60fa4173c3ab5b6c13adb38ebd9368e'),
('38','wqgaoz@merepost.com','29c449ca2aff4e1c212873a57223bbeb323cebd7be8feb0dbd4247e71fcaf4dff13b48b4a43812e582037941f7d4916d3e387d53a21b685d3a528b1cce49c58309aa66e21f7783214c4c3cebc32faa4a0f80112958b2016ac7f85c5b9c646b8efaf2df25959fe36df1c5401d62ee80fadfadbd02fb35f5a304b0e669b5ab00490bcc643e6c11f640cd2e8a687d0320857f50f97d88be72d6129d5896c5bd5246ce266886b0319fce9f38d734f1a54378d5f5393ec2358f111f4a640e053288ac737b1791a7516e8748439fec240bf9fad2f647137b547620467af88cfe557829b1973f244fb6d7fa21e048340eb909d6f79386182503c2d3e80c70cf54668e37','000','September',NULL,NULL,NULL,NULL,NULL,NULL,NULL,NULL,NULL),
('40','okebepu@merepost.com','30e549d7c8c6958dbc91e5d024ea1d52f53e1a3257036c35ffa2252d1a469ee55d02fe3b815af3e3a74522cca4514d4ff8a921ed944846ed7592723fa4d08da629df58b590f0a4ac089c7b96981e68f0c68a681441dc247c75be8d436a5e61320dfc9cdf2bf0622ab84002e515f54fd847eaea753449eba4118710a653e632315e6aa6fd82c65b5d6344bca6bc9f2e965a4475da836fc31d06673a441d2c6f37a4bf015d7219b6adc3b27b694eff461fc1fe792eea0ed671ee9a9df9afdc1e2df0ddf72412dc8d104f43420c0a306b0d4372194ab1df5e68077a9048358276b9fb67273780d8a5d8605fe8acf9626f36a17eb7d1db9c1eb28c60ad952f4a8ed9','000','March',NULL,NULL,NULL,NULL,NULL,NULL,NULL,NULL,NULL),
('41','mylesclendinnen@hotmail.com','6290aaa190ef010319b40987bf14d6abca9cb387657080decdf3f418815dfe244a5eb88d9e518214b8b9d4248da5fff86323b654ac04b8f10a8c6282e9370030eea58bd182c48b436d96614aa9d7cd47eb00cfe6427fc4e79c1368885818db9dc4ebabe242647d1d205f2b99f7a81987943df938deed1d97572780f91211d4e4','000','May',NULL,NULL,NULL,NULL,NULL,NULL,NULL,NULL,NULL),
('69','o3i6kin0mgtsoiv@yahoo.com','81cb46cb3d5370eba26d12386166f69b316b5fb301aace2c171c0a41d91bb783ec51cfeafbcb50f4fed2a3defc7fa5dada4f4983b61f4e50572f33b06b08a697936a456de21b5a9e70b36e05ad2426b97169e3e03b302a1921e1b947496dc45f651a7ce67e353dd3b12bcf4275c5c213068424c8275d9b66e2340529e2f5d8c3','000','January',NULL,NULL,NULL,NULL,NULL,NULL,NULL,NULL,NULL),
('42','novellrosie1979@outlook.com','6ee66e346c1b9b5594118a8466e34b974dee1990d5c819d5c211a9032470c8c2c44a1f9c93e6395cedd760ca3b31c492bc483961a1b3e8e87ccb0fbd038bf22e681344d1fd76f92d05a8994be2c657f85f1aac7cb797ad769049cae4b3ed8230f09ad8df8c46637843a00122d71396c9fb33c5df69c999a9e72b0676ee8d0e9d','000','November',NULL,NULL,NULL,NULL,NULL,NULL,NULL,NULL,NULL),
('43','stakeise1147@gmail.com','5988ac8a39e61e6f0b3109aa689079bdd85d630102e34e4b1e0d2af65b1e70784ea06fda1e0ac0b2091cb75957303a55fd6635788fe571bdb2cea6ad7a1a5f375e476d23a1830cac7d6cbc22602fa3ef5abb467a0a131ff2001ead1fe7f162556d379e5cd39076793191c388156b828cc06a38a396402a7b019b14c18055a0d7','000','November',NULL,NULL,NULL,NULL,NULL,NULL,NULL,NULL,NULL),
('44','dario.1955@yahoo.com','84f024b45462c0c70375fc72ac298f5368de2648d793ec79730c6b41931851def8e4d785cf27964df0a34a0be7d084a890179bea68267afefe1d01dda6be316beb5ff9f13daccf69e7ffbc8e46a2a33cb69972eb25d6fbcabc1fdd16a313afa250a71179aed298181c171035c47111774d34bca0603b1ac09438cfc4d432f38b','000','November',NULL,NULL,NULL,NULL,NULL,NULL,NULL,NULL,NULL),
('45','culertonstevermer@yahoo.com','2810bcafb28fb74b5f4a4a91b471636574daeca42fae5b9f1bac49ddb595c66141be5c8ac42b4875f5ee97766d2cb31815fed8c1f3d47a8e1074ec06c3acd1f0fe9c29cda14a53eecdfa0fa7385349c209b8f5f23c26e5c2d5478498cdb46d17a00b5fe2315c04b6c65d521daccf63d5ed57f92d9ab8034ddc40f6a68a6a5a84','000','November',NULL,NULL,NULL,NULL,NULL,NULL,NULL,NULL,NULL),
('46','baxterambroyzbi2000@gmail.com','62b534268cef5a9ee3536fe14392a1d2118aef8abf4b07f19926f156922d5b7c016e48718d764914c482c8da6ee06136ebc512bc13a181643b4fda5b813f56d25a8570e4fe5c85d85c6206bc24c45a72aba01b474ee5d4d33061283e17f805d02b3d4598d8570f869faa0a2d348ea4effb6bc3e2c1a0434133118979b8b9fd93','000','November',NULL,NULL,NULL,NULL,NULL,NULL,NULL,NULL,NULL),
('47','etnqfzoaqtm08q1@yahoo.com','33c893f16baaf246d3e1fd4b6c1b47e6c50def7e0a1e6447df4715394248c494b77702bc6d4dbb2a1518bf3f87d2701acd93faf702bff8a671233c0a4f6e5ccf38ac018e79bdc6153eaacd56330823f0e5ba61ce28770e6a31c859c2aab1c1b02cc118c6033a8de1b53f1bb3a72ad53866b6f73491be643c536f215a54bb3d66','000','November',NULL,NULL,NULL,NULL,NULL,NULL,NULL,NULL,NULL),
('48','trujillodyanakz18@gmail.com','a280653cb1f33184d31806add743aa669b3eb399e815000ee896d8e7fa027433651f3dce21e6d4ae6b27f52a35881742993e6594bf620d81106ef95bed6c5d31759293ae3a6436dfb8625be765a1bfbef95e07f38254bb06402de14be1b18ca55af9eb5f5a2d8ef0685ca8b3860b8ae4bee04468494e89924108af1a757ad355','000','November',NULL,NULL,NULL,NULL,NULL,NULL,NULL,NULL,NULL),
('49','kbik302@gmail.com','89c333ae4d1d7820d95b4708f747c7122ec5fb0f0ee79247485afa75891f2e5e27bea30384e183899101457ef743ce11f9834aa76ea47927649dc8614d5e21ab945a9fefa8d984c3469f0f07a52e9951ac16a81d5b010489f06d75818db23bb7e533103c84c723be253aa1a6bbb704c9d2d4f8aa7068a4165f2be4e9b320bdeb','000','November',NULL,NULL,NULL,NULL,NULL,NULL,NULL,NULL,NULL),
('50','ogestpky6972@gmail.com','267b083a4cc8205709966b09cbbeda289b1b9b237cd031cb25ae68009c2dbe1c3da54760d2cf89e4dbc4e1a1d6411d346a1a68278b93e524e171550333df1042ccc7ee105166e853ceb1447a6f88fc4a5f2c1148489def4c2ab000bdca0a865f2099f854f6765abe937b885ca82dba34f25e864a55040a548bee3b037823ddea','000','November',NULL,NULL,NULL,NULL,NULL,NULL,NULL,NULL,NULL),
('51','rollinskrizanta3863@gmail.com','06c68d3322d994bd881ae749fdbe8cc3a77cd8ea49cf0961bcde2206029997df4ed92b1b943c6db0b3377bac10f48210179c853eb9fd5301763158102be944db5a25fc6f09abfb60f122db72e6ca1391f8795253b82d6ff7a5d0d364779050c8800089f3e1aec6076ac83db92e591e5bb5f83902b74c5cc227fbd27d73a5f0de','000','November',NULL,NULL,NULL,NULL,NULL,NULL,NULL,NULL,NULL),
('52','nbcirkeikdpajrou@yahoo.com','4400e8b898d52a90ebd23a0c332c5881de23c1443bbf693de16660ff821f67f84e4ded3488d9590ae2eaeaa0cb89eecd1a695f0881718457210fd64176751f6c5c4c0e082df97ee370bf92f0ef532a5e84c0097865990347d837e0b277b26b12c09f2cef12d669d3a511fc996357765f99ebfff296ed697bcc7a574b8f89ea90','000','November',NULL,NULL,NULL,NULL,NULL,NULL,NULL,NULL,NULL),
('53','hedenkahigian@yahoo.com','75d9e0772623a7ffe2bb1b4fe78ce9b927a30bd4883693f4815ca73680350829210af98e0f7ed282c3af96cc16e29f17b0814bfa895b6cf2c3372231e4b9994c301633d9bc07d89fe101de7a31116d12dc006d2658fa4b79b743a14f5d040dffd0ab5ecd3e68c403f346fcdf331353e86e7dee946b5f377fd95a6963b9b1543f','000','November',NULL,NULL,NULL,NULL,NULL,NULL,NULL,NULL,NULL),
('55','cumelenmontoya@gmail.com','341ca5797bba60c5eaf9c95cbfa822691d4bfa869ede266f201ad0b1c28de95dc37e953017b07b71d2b9e2e4d887f73f55c8c3a84d8245bcb796f7dcd32543e080b78f5da34f891de6e71f4e3a378c39a2832f41bbcaff4443b9940a000a7c4c35d8a232932029559d2c047ec91ad0a33a9fdcd49da24a4c5b0c3a90b728bb92','000','December',NULL,NULL,NULL,NULL,NULL,NULL,NULL,NULL,NULL),
('54','bdcomjqme@yahoo.com','9314ff0e6f48f948af4d21661f6484a2e5051b65d6dc606ebc5818389482d91d7a1c0d3b6b30c74ca735e044bdc248a007c8cf8199e7913a8333cc3454aa8fa46fbd0e7cbac45b56cccad8e8952766ebc0b279d3bf21810b8ed8a9ef084c5543dcf19b5f2c9832c40c0273ec8bd2bfb02c3819447e13342ed8baad5e23b1e342','000','December',NULL,NULL,NULL,NULL,NULL,NULL,NULL,NULL,NULL),
('56','hplawmvem@yahoo.com','b1293e86dbd55b07e779d6a1d05bc69f3dad95dde97d3bf3514f22db4ce9490c4b9ae5cd9d89a5bec907f5ae644a4944d8cce866e1c5b3d92f4a8788f32ee5838fd0064a8de1eda85825d309aa7a301f9a918dc23a4084e8373e472a3ceee53615eef647cc76972643a549f76d7513d6f2eacc4a94579c872e8912503f47ac24','000','December',NULL,NULL,NULL,NULL,NULL,NULL,NULL,NULL,NULL),
('57','enricofurlong@gmail.com','3e1c33515ee10806fa28337e85250b8f90773e4ba8c823d2362242ea20bf6b02c14a2cb986700e7075e6ae25cf877dcef9b43189661bbd8a15646dff41cf9547ac89d8801f37b8c6ae9c1bd90ab445d1ad008acf23d5cfc6b9f85861b38367e996378fd8fe8b26bee5a87af54df9ba830ef094fe9a619e0c2ecc2b6d0bab781d','000','December',NULL,NULL,NULL,NULL,NULL,NULL,NULL,NULL,NULL),
('58','princereik2000@gmail.com','16790e0518bfcff3cfd41a3d2165b106534599e87ae7dc6087858577fb23fb5058c80ae9381924384cab543dc3f7b20d71fb9d186920375d4b682839759720f3eac5dec7ea2f8b8e65ccbd4cbe7f268a194863d5736338e57b0c67d837e330598dbae5f7d71ceb944102a1706d937cf2b3db806fd9f58b7ae3f652e8f0cb77de','000','December',NULL,NULL,NULL,NULL,NULL,NULL,NULL,NULL,NULL),
('59','rehmannelfdeel@yahoo.com','65f06cbc9f9cc1bcbe202a160f8f4007364a5dc4e9dc9eb1878f9cc6a119d7d654746d95913c1cbc7fd087609632f46f6fc4a87a0d9731c5a27ca2ecc8849833636de0826809cf8077fc3d4361affa27a5b82a59f757da42ed9f27a728844918c4984765e1bb4799f2e573e799440dff3136bf23deac96e7844dcf96d8ae39b5','000','December',NULL,NULL,NULL,NULL,NULL,NULL,NULL,NULL,NULL),
('60','etanbradyrt51@gmail.com','58dfc95b6ef4af8456dbabc10a72983046affba3a00931a8c866d42c3801958d99f2a3fbb7d6df3e8ab495eb9a6256d3c8afefc285b89de3563f42ddab74bb806135f914384d6691d0a9bd6b556dc28e45ca3b1bc00d846b33a2753d4beb3a2d93fb5d1a232614e5362eae767c39c8a2ecbbb140e55339946b9bfb6bbf140716','000','December',NULL,NULL,NULL,NULL,NULL,NULL,NULL,NULL,NULL),
('61','cvcrcqnpeowpxoc@yahoo.com','1dd3d9637ba7bc5859a53b66926660b48053564f5218b3d6c516be7f20fb9b63adbf329fe46f3f3b0e44c89d3699202efb88b3e990c03d8970668b88a60ef8c1084311313520a13f57fd9c6db1ded75493506553235182dfc092a0420685afc658c0b3725d9321bda7208ef1eaa6639184b5a677cf9efa027ccebae307d6dd44','000','December',NULL,NULL,NULL,NULL,NULL,NULL,NULL,NULL,NULL),
('62','ybgqp6tbbvjo@yahoo.com','b5cf539ffaf281318d67bb6d043b47c0da81649f811875cc0734e85ed1a0ecab62c6a8b715a87b4e970583716712faf4b869c350a6bf92124b2401df160110008d10c8d3a1442cefa6a2d312a423f26bd47051580f4761efa7489d109e1f14429044c32157e121ca5e15f55a07d6fd450623d713f553cf4391256d9e4882780a','000','December',NULL,NULL,NULL,NULL,NULL,NULL,NULL,NULL,NULL),
('63','pinefenelsc56@gmail.com','b2274bde1fed87f546269b9da7800c98cd48007caee38b0c7640332db16dcd172b7a04757412c1f7b514f62c235657c4aeb988d24f720b4afb91c68e30c65cd7b5dbe8278fa0d44d5ac9f52c9f316ab108e9b6584b6ebb8bb36b83069f38e233361680988a0c6b24d7d6f1631855fe2b68b67d6a8e550dce7dcb53c826f661a5','000','December',NULL,NULL,NULL,NULL,NULL,NULL,NULL,NULL,NULL),
('64','ocoyegoduqe227@gmail.com','24a4b163cfa399bb446278ebc573d53b2a244d98dc92b3cf784c6a92f986f91d488aa06fc0d201477f93c2036eab2867c13d54803f0c2f5373efda941a57cbb128e8c62076b33da752e2e75a3ca4078b64df92c0224f1a7f574bc04be47909a2a42a8df7fcf93c384c180370276cee24103d859dd636f2634be36671d4bf6979','000','December',NULL,NULL,NULL,NULL,NULL,NULL,NULL,NULL,NULL),
('65','ohrcvraa23fett@yahoo.com','669131ab33451995fa10cdac1b0189d79d0aec6852ca4baf094cd1c304b9ad37edfc8fe0d5e2622f5a0caa969a535f4c0f287b7670e1a6c2860d985c278e9b0f272318cbfaf3776b90fdd642f90e02164c1d098ed2ca56f43a410e95d1bf41f7bd1030a074aa163e23d5a3d1e2a1629919e62c7abcba8e72e6ffb3553fbf9e87','000','December',NULL,NULL,NULL,NULL,NULL,NULL,NULL,NULL,NULL),
('66','leyayemawif739@gmail.com','9f7a49a5920bb09d0228718a4bb68e331c67fb21143a83f37c2f7218e95b60f2f3e54b56a05ea98d68db4b139bd50fb27fb5104e007961a2aeafb3826e11bc4786fcd7d6bba6047871d14e8664a4a1edc6be291516f41df10a247bcf3611837bb29481941dca9c1bc4c77d16fece38f670be50a8616ed76d205aa6d00b96f813','000','December',NULL,NULL,NULL,NULL,NULL,NULL,NULL,NULL,NULL),
('67','fmgkiksns@yahoo.com','2c64931b7b36460740c96ae0a7cf3b80dbdd7dec769db8a86c895af4a854e35cbb077e131e77ab801d8e7d56d4a4718dff4b172c3338b8ee5ddbbb41994eca1a86b5a48eb9c0ac54adcc3bafc31705e7f69b404b1e078f09fe68f520d7ece2f94edef568854b036ea4017a0e3f605ce3a5269345b2946e14b7a2a4ea87c41bc9','000','December',NULL,NULL,NULL,NULL,NULL,NULL,NULL,NULL,NULL),
('68','lmgrklioodubk@yahoo.com','1fe10dc226c5d65e8787bec20b2661080253d2dac731fdb7d62a8ef9b7a229c609d788de88e7ddccd55e40c8556606ddda7ca9e808c7de38f4b8c2fd7a044b2c15421c2cf9c46f63ecffcc614a287a0c9c1e550da6b48e1b3a4a4f37dbe94d017510d2d647eed563d0bb7cfb23600308030d806d41d0243946003c92ebc6df0c','000','December',NULL,NULL,NULL,NULL,NULL,NULL,NULL,NULL,NULL),
('70','riqb7tq80wia4@yahoo.com','7fc803f58b2b25750959e416898bedf610df4213e6229f03a329ff8a95ebbc9ee7ec3fe0ce621acafc0675a4423ea0621c6951127fd7769517a87d3cfa99da260b6c3eb23da7768b9a2d48aea1290155fc4c830397a50e86e22b8ed280efdcf17cfb195c0df5ea6c4e904618834b2919784f241c6bff09a518a2491490973950','000','January',NULL,NULL,NULL,NULL,NULL,NULL,NULL,NULL,NULL);


