

CREATE TABLE `Budgets` (
  `id` int(10) NOT NULL AUTO_INCREMENT,
  `user` varchar(40) DEFAULT NULL,
  `userid` int(10) NOT NULL,
  `budname` varchar(60) NOT NULL,
  `budpos` smallint(6) NOT NULL,
  `status` varchar(1) NOT NULL,
  `budamt` smallint(6) NOT NULL,
  `prev0` decimal(8,2) DEFAULT NULL,
  `prev1` decimal(8,2) DEFAULT NULL,
  `current` decimal(8,2) NOT NULL,
  `autopay` varchar(30) DEFAULT NULL,
  `moday` tinyint(4) DEFAULT NULL,
  `autopd` varchar(10) DEFAULT NULL,
  `funded` smallint(6) DEFAULT NULL,
  PRIMARY KEY (`id`)
) ENGINE=MyISAM AUTO_INCREMENT=125 DEFAULT CHARSET=latin1;


INSERT INTO Budgets VALUES
('1','krc','4','Tithe','1','A','180','180.00','0.00','0.00','','0','','180'),
('2','krc','4','Mortgage','2','A','1985','60.41','40.12','291.53','','0','','1985'),
('3','krc','4','Electric','4','A','70','180.23','188.64','187.80','','0','','70'),
('4','krc','4','Natural Gas','5','A','50','315.13','277.91','193.93','','0','','50'),
('5','krc','4','Auto Gas','6','A','81','247.32','293.22','292.79','','0','','81'),
('7','krc','4','Chiro','8','A','195','17.41','18.23','19.05','Visa','20','01','195'),
('8','krc','4','Medical/Dental','9','A','475','430.72','581.07','425.85','','0','','475'),
('9','krc','4','Cash','10','A','200','200.00','100.00','300.00','','0','','200'),
('10','krc','4','TV/Internet','11','A','170','25.70','30.60','35.50','Wells Fargo','16','01','170'),
('11','krc','4','Auto Insurance','13','A','130','912.15','1042.15','413.09','','0','','130'),
('12','krc','4','Auto Maintenance','14','A','100','605.67','705.67','777.62','','0','','100'),
('13','krc','4','Appliances/Repair','15','A','100','575.62','675.62','775.62','','0','','100'),
('14','krc','4','Home Misc','16','A','200','-1234.47','-5538.96','661.04','','0','','200'),
('15','krc','4','Verizon','17','A','70','104.28','109.49','114.70','Visa','7','01','70'),
('16','krc','4','Combined','18','A','170','620.73','591.73','715.86','','0','','170'),
('17','krc','4','Clothing','19','A','25','-15.03','9.97','40.46','','0','','25'),
('18','krc','4','Health Items','20','A','45','128.79','94.98','139.98','','0','','45'),
('19','krc','4','Vision','21','A','25','336.73','361.73','386.30','','0','','25'),
('20','krc','4','Travel','23','A','250','1038.71','1288.71','1538.71','','0','','250'),
('21','krc','4','Charities','24','A','25','20.00','45.00','70.00','','0','','25'),
('23','krc','4','Wine','26','A','30','0.56','-47.62','-70.46','','0','','30'),
('24','krc','4','Entertainment','27','A','250','505.08','583.68','633.29','','0','','127'),
('25','krc','4','3C Annual Fee','30','A','44','484.00','528.00','44.00','','0','','0'),
('26','krc','4','Groceries','3','A','1030','283.76','325.63','756.42','','0','','1030'),
('27','krc','4','Gifts','22','A','50','14.82','39.82','62.47','','0','','50'),
('28','krc','4','Christmas','25','A','100','821.87','57.56','157.56','','0','','100'),
('29','krc','4','Undistributed Funds','31','T','0','0.20','0.40','3535.84','','0','','0'),
('30','krc','4','Computer','32','T','10','-9.17','-9.17','-9.17','','0','','0'),
('31','krc','4','Escrow Account','30002','T','0','400.00','400.00','400.00','','0','','0'),
('32','krc','4','Crowns','30003','T','0','2400.00','2400.00','2400.00','','0','','0'),
('33','krc','4','2020 Taxes','30004','T','0','0.00','0.00','0.00','','0','','0'),
('34','krc','4','Tires','30005','T','20','244.98','264.98','264.98','','0','','0'),
('41','Albuquerque Gal','11','Undistributed Funds','30000','T','0','0.00','0.70','0.00','','0','','0'),
('42','Albuquerque Gal','11','Medicare','30001','T','0','4666.14','4666.14','4666.14','','0','','0'),
('43','Albuquerque Gal','11','Savings','30002','T','85','2175.60','2072.54','2053.57','','0','','0'),
('44','Albuquerque Gal','11','Computer/phone','30003','T','11','812.00','823.00','823.00','','0','','0'),
('45','Albuquerque Gal','11','Medical','30004','T','83','1553.00','1636.00','1327.90','','0','','0'),
('46','Albuquerque Gal','11','Tmp5','30005','T','0','0.00','0.00','0.00','','0','','0'),
('47','Albuquerque Gal','11','cash','1','A','240','180.00','186.10','0.00','','0','','0'),
('48','Albuquerque Gal','11','vet/cat','2','A','65','1210.77','1205.00','1160.88','','0','','0'),
('49','Albuquerque Gal','11','hair','3','A','21','171.00','192.00','150.00','','0','','0'),
('50','Albuquerque Gal','11','Gas','4','A','70','867.83','877.68','847.27','','0','','0'),
('51','Albuquerque Gal','11','Class','5','A','44','468.38','331.93','302.95','','0','','0'),
('52','Albuquerque Gal','11','Car maintenance ','6','A','60','1031.31','1091.31','1091.31','','0','','0'),
('53','Albuquerque Gal','11','Dentist ','7','A','40','1150.00','1190.00','1190.00','','0','','0'),
('54','Albuquerque Gal','11','Birthday','8','A','20','333.67','292.93','154.42','','0','','0'),
('55','Albuquerque Gal','11','Christmas','9','A','20','194.13','84.52','84.52','','0','','0'),
('56','Albuquerque Gal','11','Glasses','10','A','20','660.00','680.00','105.91','','0','','0'),
('57','Albuquerque Gal','11','Bird','11','A','20','82.78','102.78','4.19','','0','','0'),
('58','Albuquerque Gal','11','Phone','12','A','67','67.00','134.00','67.00','','0','','0'),
('59','Albuquerque Gal','11','Vitamins','13','A','90','27.00','117.00','25.76','','0','','0'),
('60','Albuquerque Gal','11','Travel','14','A','20','385.00','0.00','17.00','','0','','0'),
('61','Albuquerque Gal','11','Misc','15','A','50','50.00','1.11','0.00','','0','','0'),
('62','Albuquerque Gal','11','Massage','16','A','20','400.00','420.00','250.00','','0','','0'),
('72','','13','Tmp1','30001','T','0','0.00','0.00','0.00','','0','','0'),
('73','','13','Tmp2','30002','T','0','0.00','0.00','0.00','','0','','0'),
('69','Albuquerque Gal','11','Amazon Prime','17','A','11','83.90','94.90','94.90','','0','','0'),
('74','','13','Tmp3','30003','T','0','0.00','0.00','0.00','','0','','0'),
('75','','13','Tmp4','30004','T','0','0.00','0.00','0.00','','0','','0'),
('76','','13','Tmp5','30005','T','0','0.00','0.00','0.00','','0','','0'),
('71','','13','Undistributed Funds','30000','T','0','0.00','0.00','0.00','','0','','0'),
('70','','4','Genworth LTC Policy','29','A','0','4.97','4.97','4.97','','0','','0'),
('81','N/A','4','CarMax Loan','12','A','155','-167.00','-12.00','143.00','','0','','155'),
('80','N/A','4','Hearing Aids','28','A','50','550.00','100.00','100.00','','0','','0'),
('87',NULL,'14','Tmp2','30002','T','0','0.00','0.00','0.00','','0','','0'),
('88',NULL,'14','Tmp3','30003','T','0','0.00','0.00','0.00','','0','','0'),
('89',NULL,'14','Tmp4','30004','T','0','0.00','0.00','0.00','','0','','0'),
('90',NULL,'14','Tmp5','30005','T','0','0.00','0.00','0.00','','0','','0'),
('83','Not used','11','Netflix','18','A','16','16.00','32.00','16.00','','0','','0'),
('85',NULL,'14','Undistributed Funds','30000','T','0','0.00','0.00','0.00','','0','','0'),
('86',NULL,'14','Tmp1','30001','T','0','0.00','0.00','0.00','','0','','0'),
('115',NULL,'18','Tmp4','30004','T','0','0.00','0.00','0.00','','0','','0'),
('114',NULL,'18','Tmp3','30003','T','0','0.00','0.00','0.00','','0','','0'),
('112',NULL,'18','Tmp1','30001','T','0','0.00','0.00','0.00','','0','','0'),
('113',NULL,'18','Tmp2','30002','T','0','0.00','0.00','0.00','','0','','0'),
('111',NULL,'18','Undistributed Funds','30000','T','0','0.00','0.00','0.00','','0','','0'),
('91',NULL,'15','Undistributed Funds','30000','T','0','0.00','0.00','0.00','','0','','0'),
('92',NULL,'15','Tmp1','30001','T','0','0.00','0.00','0.00','','0','','0'),
('93',NULL,'15','Tmp2','30002','T','0','0.00','0.00','0.00','','0','','0'),
('94',NULL,'15','Tmp3','30003','T','0','0.00','0.00','0.00','','0','','0'),
('95',NULL,'15','Tmp4','30004','T','0','0.00','0.00','0.00','','0','','0'),
('96',NULL,'15','Tmp5','30005','T','0','0.00','0.00','0.00','','0','','0'),
('97',NULL,'16','Undistributed Funds','30000','T','0','0.00','0.00','0.00','','0','','0'),
('98',NULL,'16','Tmp1','30001','T','0','0.00','0.00','0.00','','0','','0'),
('99',NULL,'16','Tmp2','30002','T','0','0.00','0.00','0.00','','0','','0'),
('100',NULL,'16','Tmp3','30003','T','0','0.00','0.00','0.00','','0','','0'),
('101',NULL,'16','Tmp4','30004','T','0','0.00','0.00','0.00','','0','','0'),
('102',NULL,'16','Tmp5','30005','T','0','0.00','0.00','0.00','','0','','0'),
('103',NULL,'16','Car Insurance','1','A','50','0.00','500.00','500.00','','0','','0'),
('104',NULL,'16','Home Insurance','2','A','35','0.00','330.00','330.00','','0','','0'),
('105',NULL,'17','Undistributed Funds','30000','T','0','0.00','0.00','0.00','','0','','0'),
('106',NULL,'17','Tmp1','30001','T','0','0.00','0.00','0.00','','0','','0'),
('107',NULL,'17','Tmp2','30002','T','0','0.00','0.00','0.00','','0','','0'),
('108',NULL,'17','Tmp3','30003','T','0','0.00','0.00','0.00','','0','','0'),
('109',NULL,'17','Tmp4','30004','T','0','0.00','0.00','0.00','','0','','0'),
('110',NULL,'17','Tmp5','30005','T','0','0.00','0.00','0.00','','0','','0'),
('116',NULL,'18','Tmp5','30005','T','0','0.00','0.00','0.00','','0','','0'),
('117',NULL,'19','Undistributed Funds','30000','T','0','0.00','0.00','0.00','','0','','0'),
('118',NULL,'19','Tmp1','30001','T','0','0.00','0.00','0.00','','0','','0'),
('119',NULL,'19','Tmp2','30002','T','0','0.00','0.00','0.00','','0','','0');
INSERT INTO Budgets VALUES
('120',NULL,'19','Tmp3','30003','T','0','0.00','0.00','0.00','','0','','0'),
('121',NULL,'19','Tmp4','30004','T','0','0.00','0.00','0.00','','0','','0'),
('122',NULL,'19','Tmp5','30005','T','0','0.00','0.00','0.00','','0','','0'),
('123',NULL,'19','Freddy','1','A','25','0.00','0.00','19.99','','0','','0'),
('124',NULL,'19','Toomba','2','A','100','0.00','0.00','45.03','','0','','0');




CREATE TABLE `Cards` (
  `cdindx` smallint(6) NOT NULL AUTO_INCREMENT,
  `user` varchar(40) DEFAULT NULL,
  `userid` int(10) NOT NULL,
  `cdname` varchar(30) NOT NULL,
  `type` varchar(6) NOT NULL,
  PRIMARY KEY (`cdindx`)
) ENGINE=MyISAM AUTO_INCREMENT=12 DEFAULT CHARSET=latin1;


INSERT INTO Cards VALUES
('1','krc','4','Visa','Credit'),
('2','krc','4','Citi','Credit'),
('3','krc','4','Wells Fargo','Debit'),
('9','Albuquerque Gal','11','MC','Credit'),
('10','Albuquerque Gal','11','Kohls','Credit'),
('11','Albuquerque Gal','11','Pennys','Credit');




CREATE TABLE `Charges` (
  `expid` mediumint(9) NOT NULL AUTO_INCREMENT,
  `user` varchar(40) DEFAULT NULL,
  `userid` int(10) NOT NULL,
  `method` varchar(30) NOT NULL,
  `cdname` varchar(30) NOT NULL,
  `expdate` date DEFAULT NULL,
  `expamt` decimal(8,2) NOT NULL,
  `payee` varchar(60) DEFAULT NULL,
  `acctchgd` varchar(60) NOT NULL,
  `paid` varchar(1) DEFAULT NULL,
  PRIMARY KEY (`expid`)
) ENGINE=MyISAM AUTO_INCREMENT=1897 DEFAULT CHARSET=latin1;


INSERT INTO Charges VALUES
('1486',NULL,'4','Credit','Visa','2021-08-18','36.62','Flying Star - 7/23','Entertainment','Y'),
('1485',NULL,'4','Credit','Visa','2021-08-18','57.78','Albertsons - 7/21','Groceries','Y'),
('1484',NULL,'4','Credit','Visa','2021-08-18','24.02','Jason\'s Deli - 7/20','Entertainment','Y'),
('1482',NULL,'4','Credit','Visa','2021-08-18','13.42','Village Pizza','Entertainment','Y'),
('1481',NULL,'4','Credit','Visa','2021-08-17','99.60','Albertsons','Groceries','Y'),
('1480',NULL,'4','Debit','Wells Fargo','2021-08-17','165.10','Century Link','TV/Internet','Y'),
('1479',NULL,'11','Credit','MC','2021-08-14','19.79','Petco','vet/cat','Y'),
('1478',NULL,'4','Credit','Visa','2021-08-14','57.43','Sprouts','Groceries','Y'),
('1477',NULL,'4','Credit','Visa','2021-08-14','58.14','Albertsons','Groceries','Y'),
('1476',NULL,'4','Credit','Visa','2021-08-13','22.72','Jason\'s Deli','Entertainment','Y'),
('1475',NULL,'4','Credit','Visa','2021-08-12','42.93','Murphy\'s','Auto Gas','Y'),
('1474',NULL,'4','Credit','Citi','2021-08-12','68.98','Costco','Groceries','Y'),
('1473',NULL,'4','Credit','Visa','2021-08-12','44.52','Albertsons','Groceries','Y'),
('1472',NULL,'4','Credit','Visa','2021-08-10','27.06','Jaons\'s Deli','Entertainment','Y'),
('1471',NULL,'4','Credit','Visa','2021-08-08','64.92','Verizon','Verizon','Y'),
('1470',NULL,'11','Credit','MC','2021-08-07','30.72','amazon ricotta','cash','Y'),
('1469',NULL,'11','Credit','MC','2021-08-07','46.29','Chewy','vet/cat','Y'),
('1468',NULL,'4','Credit','Visa','2021-08-07','65.48','Albertsons','Groceries','Y'),
('1467',NULL,'4','Credit','Visa','2021-08-07','12.78','Jasons Deli','Entertainment','Y'),
('1466',NULL,'4','Debit','Wells Fargo','2021-08-07','100.00','Cash','Cash','Y'),
('1465',NULL,'4','Check','Check or Draft','2021-08-06','58.45','Road Runner Waste','Combined','Y'),
('1464',NULL,'4','Check','Check or Draft','2021-08-06','95.22','PNM','Electric','Y'),
('1463',NULL,'4','Check','Check or Draft','2021-08-06','17.01','NM Gas','Natural Gas','Y'),
('1462',NULL,'4','Credit','Visa','2021-08-05','31.28','Murphy\'s','Auto Gas','Y'),
('1461',NULL,'4','Credit','Visa','2021-08-05','56.63','CVS','Medical/Dental','Y'),
('1460',NULL,'4','Credit','Visa','2021-08-03','24.86','Sprouts','Groceries','Y'),
('1459',NULL,'4','Credit','Visa','2021-08-03','61.20','Albertsons','Groceries','Y'),
('1458',NULL,'4','Check','Check or Draft','2021-08-01','1675.76','Nationstar Mtge','Mortgage','Y'),
('1457',NULL,'4','Credit','Visa','2021-07-31','13.79','Jasons Deli','Entertainment','Y'),
('1456',NULL,'4','Credit','Visa','2021-07-31','57.50','Sprouts','Groceries','Y'),
('1455',NULL,'4','Credit','Visa','2021-07-31','123.41','Albertsons','Groceries','Y'),
('1454',NULL,'4','Credit','Visa','2021-07-30','10.22','Walgreens','Medical/Dental','Y'),
('1453',NULL,'4','Check','Check or Draft','2021-07-29','18000.00','Carmax','Undistributed Funds','Y'),
('1452',NULL,'4','Credit','Visa','2021-07-28','61.72','CVS','Medical/Dental','Y'),
('1451',NULL,'4','Check','Check or Draft','2021-07-28','105.00','Karen - reimburse','Medical/Dental','Y'),
('1450',NULL,'4','Credit','Visa','2021-07-27','37.17','Murphys','Auto Gas','Y'),
('1449',NULL,'4','Credit','Visa','2021-07-25','39.30','Albertsons','Groceries','Y'),
('1448',NULL,'4','Credit','Visa','2021-07-23','10.76','GNC','Health Items','Y'),
('1447',NULL,'4','Check','Check or Draft','2021-07-22','2600.96','Andersen Windows','Home Misc','Y'),
('1446',NULL,'4','Check','Check or Draft','2021-07-22','180.00','Adidam Midwest','Tithe','Y'),
('1445',NULL,'11','Credit','MC','2021-07-22','19.40','amazon','cash','Y'),
('1444',NULL,'4','Credit','Visa','2021-07-21','940.42','Presbyterian','Medical/Dental','Y'),
('1443',NULL,'4','Credit','Visa','2021-07-21','267.54','Cottonwood Smiles','Medical/Dental','Y'),
('1442',NULL,'4','Credit','Visa','2021-07-21','67.30','Amazon - Glyco','Health Items','Y'),
('1441',NULL,'4','Credit','Visa','2021-07-21','21.76','Amazon - floss','Health Items','Y'),
('1440',NULL,'4','Debit','Wells Fargo','2021-07-21','100.00','Cash','Cash','Y'),
('1439',NULL,'4','Credit','Visa','2021-07-21','194.18','HealthQuest','Chiro','Y'),
('1438',NULL,'11','Credit','Kohls','2021-07-19','4.17','Kohls','Misc','Y'),
('1896',NULL,'4','Credit','Visa','2022-01-22','300.00','Rust - CT Scan','Medical/Dental','Y'),
('1895',NULL,'4','Credit','Visa','2022-01-22','50.00','Presbyterian 12/23/2021','Medical/Dental','Y'),
('1894',NULL,'4','Credit','Visa','2022-01-22','12.87','Amazon','Combined','Y'),
('1893',NULL,'4','Credit','Citi','2022-01-22','31.99','Sprouts','Groceries','N'),
('1892',NULL,'4','Credit','Citi','2022-01-22','79.76','Albertsons','Groceries','N'),
('1891',NULL,'4','Credit','Visa','2022-01-21','22.87','Jason\'s Deli','Entertainment','N'),
('1890',NULL,'4','Check','Check or Draft','2022-01-20','500.00','Adidam Midwest','3C Annual Fee','Y'),
('1889',NULL,'4','Check','Check or Draft','2022-01-20','180.00','Adidam Midwest','Tithe','Y'),
('1888',NULL,'4','Credit','Visa','2022-01-20','280.22','Cottonwood Smiles','Medical/Dental','N'),
('1887',NULL,'4','Credit','Visa','2022-01-20','27.35','Hallmark','Gifts','N'),
('1886',NULL,'4','Credit','Visa','2022-01-20','52.84','Total Wine','Wine','N'),
('1885',NULL,'4','Credit','Citi','2022-01-20','31.64','Sprouts','Groceries','N'),
('1884',NULL,'4','Credit','Citi','2022-01-20','98.55','Albertsons','Groceries','N'),
('1883',NULL,'4','Credit','Visa','2022-01-20','194.18','Healthquest','Chiro','N'),
('1882',NULL,'11','Credit','MC','2022-01-19','100.00','Cleveland','cash','N'),
('1881',NULL,'11','Credit','MC','2022-01-19','50.00','NM Ortho','Medical','N'),
('1880',NULL,'4','Credit','Citi','2022-01-17','26.88','Albertsons','Groceries','N'),
('1879',NULL,'4','Debit','Wells Fargo','2022-01-17','165.10','Century Link','TV/Internet','Y'),
('1878',NULL,'11','Credit','MC','2022-01-16','34.26','amazon bubble lights','Birthday','N'),
('1877',NULL,'11','Credit','MC','2022-01-16','30.41','Murphy','Gas','N'),
('1876',NULL,'11','Credit','MC','2022-01-16','98.59','tractor supply','Bird','N'),
('1875',NULL,'4','Credit','Visa','2022-01-14','39.90','Murphys','Auto Gas','N'),
('1874',NULL,'4','Credit','Visa','2022-01-14','28.05','Mister Carwash','Auto Maintenance','N'),
('1873',NULL,'4','Credit','Citi','2022-01-14','73.89','Sprouts','Groceries','N'),
('1872',NULL,'4','Credit','Citi','2022-01-14','47.69','Albertsons','Groceries','N'),
('1871',NULL,'4','Credit','Visa','2022-01-14','294.51','REI','Clothing','N'),
('1870',NULL,'4','Credit','Visa','2022-01-10','759.06','Geico','Auto Insurance','Y'),
('1869',NULL,'4','Credit','Visa','2022-01-10','24.03','Albertsons','Groceries','Y'),
('1868',NULL,'4','Check','Check or Draft','2022-01-08','133.98','NM Gas','Natural Gas','Y'),
('1867',NULL,'4','Check','Check or Draft','2022-01-08','70.84','PNM','Electric','Y'),
('1866',NULL,'4','Credit','Visa','2022-01-08','20.44','Jason\'s Deli','Entertainment','Y'),
('1865',NULL,'11','Credit','MC','2022-01-07','61.32','albertsons','Birthday','N'),
('1864',NULL,'11','Credit','MC','2022-01-07','44.12','Chewy','vet/cat','N'),
('1863',NULL,'4','Credit','Visa','2022-01-07','64.79','Verizon','Verizon','Y'),
('1862',NULL,'4','Credit','Citi','2022-01-06','129.43','Karen - glasses','Vision','N'),
('1861',NULL,'4','Credit','Visa','2022-01-06','41.53','Murphys','Auto Gas','Y'),
('1860',NULL,'4','Credit','Visa','2022-01-06','30.21','Moon\'s Coffee','Groceries','Y'),
('1859',NULL,'4','Credit','Citi','2022-01-06','31.10','Sprouts','Groceries','N'),
('1858',NULL,'4','Credit','Citi','2022-01-06','55.25','Albertsons','Groceries','N'),
('1857',NULL,'11','Check','Check or Draft','2022-01-05','129.43','Ken (costco)','Glasses','Y'),
('1856',NULL,'4','Credit','Visa','2022-01-04','34.48','The Range','Entertainment','Y'),
('1855',NULL,'4','Debit','Wells Fargo','2022-01-04','33.00','Harland Checks','Combined','Y'),
('1854',NULL,'4','Credit','Visa','2022-01-04','1500.00','Murray Drilling Deposit','Home Misc','Y'),
('1853',NULL,'11','Credit','MC','2022-01-02','0.00','5.35','Medical','Y'),
('1852',NULL,'11','Credit','MC','2022-01-02','68.86','CVS','Medical','N'),
('1851',NULL,'4','Credit','Citi','2022-01-02','159.86','CostCo','Groceries','N'),
('1850',NULL,'4','Check','Check or Draft','2022-01-02','1733.59','Mr. Cooper','Mortgage','Y'),
('1849',NULL,'11','Credit','MC','2022-01-01','28.98','tea','Class','N'),
('1848',NULL,'11','Credit','MC','2022-01-01','444.66','Orbit','Glasses','N'),
('1847',NULL,'11','Check','Check or Draft','2022-01-01','91.24','Ken','Vitamins','Y'),
('1846',NULL,'4','Credit','Visa','2021-12-31','17.88','Jason\'s Deli','Entertainment','Y'),
('1845',NULL,'11','Credit','MC','2021-12-30','43.89','XXX','Misc','N');
INSERT INTO Charges VALUES
('1844',NULL,'11','Credit','MC','2021-12-30','53.90','ricola','cash','N'),
('1843',NULL,'11','Credit','MC','2021-12-30','19.36','petco','vet/cat','N'),
('1842',NULL,'11','Credit','MC','2021-12-30','21.23','pet smart','vet/cat','N'),
('1841',NULL,'4','Credit','Citi','2021-12-30','73.48','Albertsons','Groceries','N'),
('1840',NULL,'4','Credit','Visa','2021-12-28','21.75','Stash Tea','Groceries','Y'),
('1839',NULL,'4','Credit','Citi','2021-12-28','54.31','Sprouts','Groceries','N'),
('1838',NULL,'4','Credit','Citi','2021-12-28','70.83','Albertsons','Groceries','N'),
('1837',NULL,'4','Credit','Visa','2021-12-28','3267.80','LL Flooring','Home Misc','Y'),
('950','','4','Credit','Citi','2021-01-02','80.98','TSC','Groceries','Y'),
('1836',NULL,'4','Check','Check or Draft','2021-12-28','75.00','NM State Eng','Home Misc','Y'),
('1835',NULL,'4','Credit','Visa','2021-12-27','22.65','Flying Star','Entertainment','Y'),
('1834',NULL,'4','Credit','Visa','2021-12-27','50.00','Copay - Dermatologist','Medical/Dental','Y'),
('1833',NULL,'11','Credit','MC','2021-12-26','29.67','murphy','Gas','N'),
('1832',NULL,'11','Credit','MC','2021-12-26','409.97','SW Air','Travel','N'),
('1831',NULL,'4','Credit','Visa','2021-12-25','35.09','Olive Garden','Entertainment','Y'),
('1830',NULL,'4','Credit','Visa','2021-12-23','36.59','Keller\'s','Groceries','Y'),
('1829',NULL,'4','Credit','Citi','2021-12-21','88.06','Sprouts','Groceries','Y'),
('1828',NULL,'4','Credit','Citi','2021-12-21','63.98','Albertsons','Groceries','Y'),
('1827',NULL,'4','Credit','Visa','2021-12-20','53.94','Bed, Bath & Beyond','Christmas','Y'),
('946','','4','Credit','Citi','2021-01-01','0.00','Bosque Bakery','Groceries','Y'),
('1826',NULL,'4','Credit','Visa','2021-12-20','194.18','HealthQuest','Chiro','Y'),
('1825',NULL,'4','Debit','Wells Fargo','2021-12-20','100.00','Cash','Cash','Y'),
('1824',NULL,'11','Credit','MC','2021-12-18','8.35','usps','cash','Y'),
('1823',NULL,'11','Credit','MC','2021-12-18','34.62','CVS','cash','Y'),
('1822',NULL,'4','Credit','Citi','2021-12-18','56.02','Sprouts','Groceries','Y'),
('1821',NULL,'4','Credit','Citi','2021-12-18','48.13','Albertsons','Groceries','Y'),
('1820',NULL,'4','Credit','Visa','2021-12-18','83.02','Scafuris','Christmas','Y'),
('1819',NULL,'4','Credit','Visa','2021-12-18','21.70','Loan Depot','Mortgage','Y'),
('1818',NULL,'4','Credit','Visa','2021-12-18','25.00','Barnes & Noble','Combined','Y'),
('943','','4','Check','check','2021-01-01','600.00','Karen - 1/2 Relief Paymt','Undistributed Funds','Y'),
('944','','4','Check','check','2021-01-01','1675.76','ARC Home','Mortgage','Y'),
('1817',NULL,'4','Credit','Visa','2021-12-17','17.88','Jasons Deli','Entertainment','Y'),
('947','','4','Credit','Citi','2021-01-01','0.00','Keller\'s','Groceries','Y'),
('1816',NULL,'4','Credit','Visa','2021-12-17','106.10','Sprouts','Christmas','Y'),
('951','','4','Credit','Visa','2021-01-02','7.65','Jasons','Entertainment','Y'),
('952','','11','Credit','MC','2021-01-04','50.75','Sprouts','Vitamins','Y'),
('953','','4','Credit','Citi','2021-01-04','43.50','Albertsons','Groceries','Y'),
('954','','4','Credit','Citi','2021-01-04','53.82','Sprouts','Groceries','Y'),
('955','','4','Credit','Visa','2021-01-05','462.83','Cottonwood Smiles','Medical/Dental','Y'),
('956','','4','Credit','Citi','2021-01-05','43.71','CostCo','Groceries','Y'),
('957','','11','Credit','MC','2021-01-07','261.98','Corrales Vet','vet/cat','Y'),
('958','','4','Credit','Visa','2021-01-08','64.63','Verizon','Verizon','Y'),
('959','','4','Credit','Visa','2021-01-08','31.95','The Range','Entertainment','Y'),
('960','','4','Check','check','2021-01-08','63.17','PNM','Electric','Y'),
('961','','4','Check','check','2021-01-08','99.13','New Mexico Gas','Natural Gas','Y'),
('962','','4','Credit','Citi','2021-01-08','19.20','Sprouts','Groceries','Y'),
('963','','4','Credit','Citi','2021-01-08','52.96','Albertsons','Groceries','Y'),
('964','','4','Credit','Visa','2021-01-10','118.43','Lowe\'s','Home Misc','Y'),
('965','','4','Credit','Visa','2021-01-11','16.99','Jasons Deli','Entertainment','Y'),
('966','','4','Credit','Citi','2021-01-11','51.18','Sprouts','Groceries','Y'),
('967','','4','Credit','Citi','2021-01-11','48.73','Albertsons','Groceries','Y'),
('968','','11','Credit','MC','2021-01-12','16.30','Etsy','Undistributed Funds','Y'),
('969','','11','Credit','MC','2021-01-12','50.00','prevention','Misc','Y'),
('970','','11','Credit','MC','2021-01-12','18.25','PetCo','vet/cat','Y'),
('971','','4','Credit','Citi','2021-01-12','9.70','Albertsons','Groceries','Y'),
('972','','4','Credit','Citi','2021-01-12','44.09','Smiths','Groceries','Y'),
('973','','4','Credit','Visa','2021-01-12','40.96','Total Wine','Groceries','Y'),
('974','','4','Debit','Wells Fargo','2021-01-14','50.00','Cash ATM','Cash','Y'),
('975','','4','Credit','Visa','2021-01-14','31.40','5 Guys','Entertainment','Y'),
('976','','11','Credit','MC','2021-01-14','50.41','Coldwater Creek','Undistributed Funds','Y'),
('977','','4','Check','check','2021-01-15','500.00','Adidam Midwest','3C Annual Fee','Y'),
('978','','4','Check','check','2021-01-15','180.00','Adidam Midwest','Tithe','Y'),
('979','','4','Credit','Citi','2021-01-15','26.50','Sprouts','Groceries','Y'),
('980','','4','Credit','Citi','2021-01-15','19.43','Albertsons','Groceries','Y'),
('981','','4','Credit','Visa','2021-01-15','110.19','CitePayUSA','Auto Gas','Y'),
('982','','4','Debit','Wells Fargo','2021-01-18','159.64','Century Link','TV/Internet','Y'),
('983','','4','Credit','Citi','2021-01-18','45.75','Sprouts','Groceries','Y'),
('984','','4','Credit','Citi','2021-01-18','42.13','Albertsons','Groceries','Y'),
('985','','11','Credit','MC','2021-01-20','22.02','amazon - blue lotus','cash','Y'),
('986','','11','Credit','MC','2021-01-20','22.65','amazon - ankle brace','Undistributed Funds','Y'),
('987','','4','Credit','Visa','2021-01-21','194.18','HealthQuest','Chiro','Y'),
('988','','4','Credit','Visa','2021-01-21','31.95','The Range','Entertainment','Y'),
('989','','11','Credit','MC','2021-01-21','39.95','Gail Russell','Birthday','Y'),
('990','','4','Debit','Wells Fargo','2021-01-21','0.02','Adjustments - VISA errors','Undistributed Funds','Y'),
('991','','4','Credit','Citi','2021-01-22','48.95','Albertsons','Groceries','Y'),
('992','','4','Credit','Citi','2021-01-22','24.72','Sprouts','Groceries','Y'),
('993','','4','Credit','Visa','2021-01-22','21.21','Jasons Deli','Entertainment','Y'),
('994','','4','Credit','Visa','2021-01-22','300.00','HealthQuest: Cleans','Combined','Y'),
('995','','4','Credit','Visa','2021-01-23','21.07','Murphy Express','Auto Gas','Y'),
('996','','4','Credit','Visa','2021-01-23','32.28','Lowes','Home Misc','Y'),
('997','','4','Credit','Visa','2021-01-23','61.98','Total Wine','Wine','Y'),
('998','','11','Credit','MC','2021-01-24','27.95','turtle fur gaiter','Undistributed Funds','Y'),
('999','','4','Credit','Citi','2021-01-25','59.62','Sprouts','Groceries','Y'),
('1000','','4','Credit','Citi','2021-01-25','57.26','Albertsons','Groceries','Y'),
('1001','','4','Credit','Visa','2021-01-25','38.90','American Family Survival','Home Misc','Y'),
('1002','','11','Credit','MC','2021-01-25','43.02','Chewy','vet/cat','Y'),
('1003','','4','Credit','Visa','2021-01-26','19.80','Jaon\'s Deli','Entertainment','Y'),
('1004','','11','Credit','MC','2021-01-26','46.00','amazon clark','Undistributed Funds','Y'),
('1005','','11','Credit','Kohls','2021-01-26','25.22','Kohls','cash','Y'),
('1006','','4','Credit','Citi','2021-01-27','44.85','Smiths','Groceries','Y'),
('1007','','11','Check','check','2021-01-27','150.00','Ken - cleanse','Undistributed Funds','Y'),
('1008','','11','Credit','MC','2021-01-27','20.71','Murphy Express','Gas','Y'),
('1009','','4','Credit','Citi','2021-01-29','41.60','CostCo','Groceries','Y'),
('1010','','4','Credit','Citi','2021-01-29','16.01','Sprouts','Groceries','Y'),
('1011','','4','Credit','Citi','2021-01-29','67.07','Albertsons','Groceries','Y'),
('1012','','4','Credit','Citi','2021-02-01','56.03','Sprouts','Groceries','Y'),
('1013','','4','Credit','Citi','2021-02-01','53.84','Albertsons','Groceries','Y'),
('1014','','4','Credit','Visa','2021-02-01','126.14','McAfee','Combined','Y'),
('1015','','11','Credit','MC','2021-02-01','26.74','Tractor Supply','Bird','Y'),
('1016','','4','Credit','Citi','2021-02-02','62.15','TSC','Groceries','Y');
INSERT INTO Charges VALUES
('1017','','4','Credit','Visa','2021-02-03','177.77','TLC - Filter cartridges','Combined','Y'),
('1018','','11','Credit','MC','2021-02-03','46.37','Petco','vet/cat','Y'),
('1019','','4','Check','check','2021-02-03','40.00','DAV','Charities','Y'),
('1020','','4','Check','check','2021-02-03','1675.76','ARC Home','Mortgage','Y'),
('1021','','4','Check','check','2021-02-03','58.45','Roadrunner Waste','Combined','Y'),
('1022','','4','Check','check','2021-02-03','30.00','FRGNC','Combined','Y'),
('1023','','11','Credit','MC','2021-02-03','28.36','amazon charcoal/TReleaf','cash','Y'),
('1024','','4','Check','check','2021-02-04','90.07','NM Gas','Natural Gas','Y'),
('1025','','4','Check','check','2021-02-04','65.20','PNM','Electric','Y'),
('1026','','4','Debit','Wells Fargo','2021-02-04','0.02','Underpay for Albertsons 1/22','Undistributed Funds','Y'),
('1027','','11','Credit','MC','2021-02-05','56.70','amazon dresses','Misc','Y'),
('1028','','4','Credit','Citi','2021-02-05','27.15','Albertsons','Groceries','Y'),
('1029','','4','Credit','Citi','2021-02-05','62.20','Sprouts','Groceries','Y'),
('1030','','4','Credit','Visa','2021-02-07','64.92','Verizon','Verizon','Y'),
('1031','','11','Credit','MC','2021-02-08','43.14','Bed Bath','Undistributed Funds','Y'),
('1032','','4','Credit','Citi','2021-02-08','30.52','Sprouts','Groceries','Y'),
('1033','','4','Credit','Citi','2021-02-08','9.64','Albertsons','Groceries','Y'),
('1034','','4','Check','check','2021-02-08','40.00','Salvation Army','Charities','Y'),
('1035','','4','Credit','Visa','2021-02-08','13.80','Lowe\'s','Home Misc','Y'),
('1036','','4','Credit','Visa','2021-02-08','11.86','Walgreens','Vision','Y'),
('1037','','4','Credit','Visa','2021-02-08','20.36','Walmart','Home Misc','Y'),
('1038','','4','Credit','Visa','2021-02-08','20.32','Barnes & Noble','Christmas','Y'),
('1039','','4','Credit','Visa','2021-02-08','19.18','Murphy\'s','Auto Gas','Y'),
('1040','','4','Credit','Citi','2021-02-10','33.81','Albertsons','Groceries','Y'),
('1041','','4','Credit','Citi','2021-02-10','34.29','Sprouts','Groceries','Y'),
('1042','','4','Debit','Wells Fargo','2021-02-10','50.00','Cash - K Birthday','Gifts','Y'),
('1043','','4','Credit','Visa','2021-02-10','24.30','FedEx (intentional)','Auto Gas','Y'),
('1044','','4','Credit','Visa','2021-02-11','430.17','Balsam Fir','Christmas','Y'),
('1045','','4','Credit','Citi','2021-02-12','34.57','Albertsons','Groceries','Y'),
('1046','','4','Credit','Citi','2021-02-12','56.96','Sprouts','Groceries','Y'),
('1047','','11','Credit','MC','2021-02-13','10.77','petco','vet/cat','Y'),
('1048','','4','Credit','Visa','2021-02-13','6923.54','Eclipse Warer Well Svcs','Undistributed Funds','Y'),
('1049','','11','Credit','MC','2021-02-13','21.01','Amazon (cafton)','cash','Y'),
('1050','','4','Credit','Citi','2021-02-15','45.44','Albertsons','Groceries','Y'),
('1051','','4','Credit','Citi','2021-02-15','55.61','Sprouts','Groceries','Y'),
('1052','','4','Debit','Wells Fargo','2021-02-16','159.64','Century Link','TV/Internet','Y'),
('1053','','4','Credit','Visa','2021-02-16','66.55','Duluth','Clothing','Y'),
('1054','','11','Credit','MC','2021-02-16','52.54','Chadwicks - jeans','cash','Y'),
('1055','','4','Check','check','2021-02-16','2895.03','Genworth Life','Genworth LTC Policy','Y'),
('1056','','4','Credit','Visa','2021-02-16','30.90','Hallmark [1/14/2021]','Gifts','Y'),
('1057','','11','Credit','MC','2021-02-18','43.25','Hedley/bennet face mask','Undistributed Funds','Y'),
('1058','','4','Credit','Visa','2021-02-18','5.00','Presbyterian Family','Medical/Dental','Y'),
('1059','','4','Credit','Citi','2021-02-19','103.86','Albertsons','Groceries','Y'),
('1060','','4','Credit','Citi','2021-02-19','27.45','Sprouts','Groceries','Y'),
('1061','','11','Credit','MC','2021-02-20','112.24','cottonwood smiles','Dentist ','Y'),
('1062','','11','Credit','MC','2021-02-20','377.58','cottonwood smiles','Dentist ','Y'),
('1063','','11','Check','check','2021-02-20','55.00','just for looks','hair','Y'),
('1064','','4','Credit','Visa','2021-02-20','194.18','HealthQuest','Chiro','Y'),
('1065','','4','Credit','Citi','2021-02-20','4.41','Albertsons','Groceries','Y'),
('1066','','4','Credit','Citi','2021-02-20','62.15','TSC','Home Misc','Y'),
('1067','','11','Credit','MC','2021-02-20','48.00','Native Dead','Undistributed Funds','Y'),
('1068','','4','Credit','Citi','2021-02-22','74.40','Albertsons','Groceries','Y'),
('1069','','4','Credit','Visa','2021-02-22','18.00','Classmates','Combined','Y'),
('1070','','4','Credit','Visa','2021-02-22','3.47','Staples','2020 Taxes','Y'),
('1071','','4','Credit','Visa','2021-02-22','10.78','Staples','2020 Taxes','Y'),
('1072','','11','Check','check','2021-02-22','200.00','Ken - Christmas tree','Undistributed Funds','Y'),
('1073','','4','Debit','Wells Fargo','2021-02-23','40.00','Handy Cash - ATM','Cash','Y'),
('1074','','11','Credit','MC','2021-02-23','49.79','Tractor Supply','Bird','Y'),
('1075','','4','Check','check','2021-02-23','180.00','Adidam Midwest','Tithe','Y'),
('1076','','4','Credit','Visa','2021-02-24','19.99','Home Advisor','Home Misc','Y'),
('1077','','4','Credit','Visa','2021-02-26','29.13','Moon\'s Coffe','Groceries','Y'),
('1078','','4','Credit','Visa','2021-02-26','25.28','Jasons Deli','Entertainment','Y'),
('1079','','11','Credit','MC','2021-02-26','13.88','Albertsons Pepcid','cash','Y'),
('1080','','4','Debit','Wells Fargo','2021-02-27','40.00','Cash','Cash','Y'),
('1081','','4','Check','check','2021-02-27','1675.76','ARC Home','Mortgage','Y'),
('1082','','4','Credit','Citi','2021-02-27','27.89','Albertsons','Groceries','Y'),
('1083','','4','Credit','Citi','2021-02-27','37.85','Sprouts','Groceries','Y'),
('1084','','11','Credit','MC','2021-02-27','25.12','Murphys','Gas','Y'),
('1085','','4','Check','Check or Draft','2021-02-27','329.92','Lobo Lawn & Plumbing','Home Misc','Y'),
('1086','','4','Check','Check or Draft','2021-02-27','0.00','Lobo Lawn & Plumbing','Home Misc','Y'),
('1087','','4','Check','Check or Draft','2021-02-27','601.00','Avery B Klein & Co','2020 Taxes','Y'),
('1088','','4','Check','Check or Draft','2021-02-27','0.00','Avery B Klein & Co','2020 Taxes','Y'),
('1089','','4','Debit','Wells Fargo','2021-02-27','0.00','Test','Cash','Y'),
('1090','','4','Debit','Wells Fargo','2021-02-27','0.00','Self','Cash','Y'),
('1091','','4','Credit','Visa','2021-03-01','28.88','Murphy\'s','Auto Gas','Y'),
('1092','','4','Credit','Visa','2021-03-01','0.00','Murphy\'s','Auto Gas','Y'),
('1093','','11','Credit','MC','2021-03-01','87.20','Coldwater','Undistributed Funds','Y'),
('1094','','4','Credit','Citi','2021-03-02','27.97','Albertons','Groceries','Y'),
('1095','','4','Credit','Citi','2021-03-02','45.50','Sprouts','Groceries','Y'),
('1096','','4','Credit','Visa','2021-03-02','69.02','TLC - filters','Home Misc','Y'),
('1097','','4','Credit','Visa','2021-03-03','85.22','Walmart','Undistributed Funds','Y'),
('1098','','4','Credit','Citi','2021-03-03','28.67','Missed 2/3: Sprouts','Groceries','Y'),
('1099','','4','Credit','Citi','2021-03-03','62.72','CostCo','Groceries','Y'),
('1100','','4','Credit','Visa','2021-03-04','74.24','Amazon - Parts Cabinets','Undistributed Funds','Y'),
('1101','','4','Credit','Citi','2021-03-04','45.05','Petco','Groceries','Y'),
('1102','','4','Credit','Visa','2021-03-04','20.31','Jason\'s','Entertainment','Y'),
('1103','','4','Credit','Citi','2021-03-05','23.67','Albertsons','Groceries','Y'),
('1104','','4','Credit','Citi','2021-03-05','36.66','Sprouts','Groceries','Y'),
('1105','','4','Check','Check or Draft','2021-03-05','88.14','New Mexico Gas','Natural Gas','Y'),
('1106','','4','Check','Check or Draft','2021-03-05','51.93','PNM','Electric','Y'),
('1107','','4','Credit','Visa','2021-03-07','64.92','Verizon','Verizon','Y'),
('1108','','4','Credit','Citi','2021-03-07','8.39','Albertsons','Groceries','Y'),
('1109','','4','Credit','Citi','2021-03-08','55.94','Albertsobns','Groceries','Y'),
('1110','','4','Credit','Citi','2021-03-08','24.62','Sprouts','Groceries','Y'),
('1111','','11','Credit','MC','2021-03-09','29.01','Amazon ricola','cash','Y'),
('1112','','4','Credit','Citi','2021-03-09','5.88','Albertsons','Groceries','Y'),
('1113','','4','Credit','Citi','2021-03-09','9.93','Sprouts','Groceries','Y'),
('1114','','4','Credit','Visa','2021-03-09','72.83','Amazon - Glycol','Health Items','Y'),
('1115','','11','Credit','MC','2021-03-10','125.10','L L Bean (paypal)','Dentist','Y'),
('1116','','4','Credit','Visa','2021-03-10','29.14','Murphys','Auto Gas','Y');
INSERT INTO Charges VALUES
('1117','','4','Credit','Visa','2021-03-10','63.62','Total Wine','Groceries','Y'),
('1118','','4','Credit','Visa','2021-03-10','27.44','Lowe\'s','Home Misc','Y'),
('1119','','11','Credit','MC','2021-03-11','300.00','Pres - CT scan','Dentist','Y'),
('1120','','11','Credit','MC','2021-03-11','0.00','test','Dentist','Y'),
('1121','','11','Credit','MC','2021-03-11','0.00','nnn','Dentist','Y'),
('1122','','4','Credit','Citi','2021-03-12','25.09','Albertsons','Groceries','Y'),
('1123','','4','Credit','Citi','2021-03-12','46.49','Sprouts','Groceries','Y'),
('1124','','4','Credit','Visa','2021-03-12','25.89','Flying Star','Entertainment','Y'),
('1125','','4','Credit','Citi','2021-03-12','33.87','Smiths','Groceries','Y'),
('1126','','4','Credit','Visa','2021-03-13','22.00','Sprouts - Pie Day','Groceries','Y'),
('1127','','4','Credit','Citi','2021-03-15','62.91','Albertsons','Groceries','Y'),
('1128','','4','Credit','Citi','2021-03-15','52.61','Sprouts','Groceries','Y'),
('1129','','4','Debit','Wells Fargo','2021-03-17','165.10','Century Link','TV/Internet','Y'),
('1130','','4','Credit','Visa','2021-03-17','47.44','Total Wine','Groceries','Y'),
('1131','','4','Credit','Visa','2021-03-18','20.31','Jason\'s','Entertainment','Y'),
('1132','','4','Credit','Citi','2021-03-19','45.92','Albertsons','Groceries','Y'),
('1133','','4','Credit','Citi','2021-03-19','57.72','Sprouts','Groceries','Y'),
('1134','','4','Credit','Visa','2021-03-20','194.18','HealthQuest','Chiro','Y'),
('1135','','4','Credit','Visa','2021-03-20','93.76','Plant World (Red Bud)','Home Misc','Y'),
('1136','','11','Credit','MC','2021-03-21','72.95','pp solbari','Undistributed Funds','Y'),
('1137','','11','Credit','MC','2021-03-21','139.94','duncraft pp','Undistributed Funds','Y'),
('1138','','11','Credit','MC','2021-03-22','27.26','murphy express','Gas','Y'),
('1139','','4','Credit','Citi','2021-03-22','60.60','Albertsons','Groceries','Y'),
('1140','','4','Credit','Citi','2021-03-22','28.16','Sprouts','Groceries','Y'),
('1141','','4','Credit','Visa','2021-03-23','26.07','Range Cafe','Entertainment','Y'),
('1142','','4','Credit','Citi','2021-03-23','18.54','CoctCo','Groceries','Y'),
('1143','','11','Credit','MC','2021-03-24','45.26','old navy','Misc','Y'),
('1144','','4','Credit','Visa','2021-03-24','25.89','Flying Star','Entertainment','Y'),
('1145','','4','Credit','Visa','2021-03-25','29.13','Moon\'s Coffee','Groceries','Y'),
('1146','','4','Check','Check or Draft','2021-03-25','180.00','Adidam Midwest','Tithe','Y'),
('1147','','11','Credit','MC','2021-03-25','19.26','Petco','vet/cat','Y'),
('1148','','11','Credit','MC','2021-03-25','15.08','savers','cash','Y'),
('1149','','4','Credit','Citi','2021-03-26','39.87','Albertsons','Groceries','Y'),
('1150','','4','Credit','Citi','2021-03-26','73.58','Sprouts','Groceries','Y'),
('1151','','4','Credit','Citi','2021-03-29','86.66','Albertsons','Groceries','Y'),
('1152','','4','Credit','Citi','2021-03-29','38.64','Sprouts','Groceries','Y'),
('1153','','11','Credit','MC','2021-03-29','50.00','Presbyterian ','Savings','Y'),
('1154','','4','Credit','Visa','2021-03-29','50.00','Epiphany Dermatology','Medical/Dental','Y'),
('1155','','11','Credit','MC','2021-03-30','42.86','amazon - night shirt','Travel','Y'),
('1156','','11','Credit','MC','2021-03-30','28.32','Duluth - sleeves','Misc','Y'),
('1157','','11','Credit','MC','2021-03-31','14.99','boron - kc homeopathic','cash','Y'),
('1158','','4','Check','Check or Draft','2021-03-31','40.00','ASPCA','Charities','Y'),
('1159','','4','Credit','Citi','2021-03-31','35.56','Smiths','Groceries','Y'),
('1160','','4','Credit','Visa','2021-04-01','192.95','King Brand','Undistributed Funds','Y'),
('1161','','4','Credit','Visa','2021-04-01','31.28','Flying Star','Entertainment','Y'),
('1162','','4','Credit','Visa','2021-04-01','11.85','Village Mercantile','Home Misc','Y'),
('1163','','4','Credit','Visa','2021-04-02','11.96','Jason\'s Deli','Entertainment','Y'),
('1164','','4','Credit','Citi','2021-04-02','35.68','Albertsons','Groceries','Y'),
('1165','','4','Credit','Citi','2021-04-02','59.95','Sprouts','Groceries','Y'),
('1166','','4','Check','Check or Draft','2021-04-03','1675.76','ARC Home LLC','Mortgage','Y'),
('1167','','4','Check','Check or Draft','2021-04-04','50.98','PNM','Electric','Y'),
('1168','','4','Credit','Citi','2021-04-05','71.01','Albertsons','Groceries','Y'),
('1169','','4','Credit','Citi','2021-04-05','21.51','Sprouts','Groceries','Y'),
('1170','','4','Debit','Wells Fargo','2021-04-05','40.00','cash','Cash','Y'),
('1171','','4','Credit','Visa','2021-04-06','35.75','The Range','Entertainment','Y'),
('1172','','4','Check','Check or Draft','2021-04-06','65.63','New Mexico Gas','Natural Gas','Y'),
('1173','','4','Credit','Visa','2021-04-07','22.59','Lowes - Salt','Combined','Y'),
('1174','','4','Credit','Visa','2021-04-07','26.39','Murphy\'s','Auto Gas','Y'),
('1175','','4','Credit','Visa','2021-04-08','64.92','Verizon','Verizon','Y'),
('1176','','4','Credit','Visa','2021-04-08','157.69','Plant World','Home Misc','Y'),
('1177','','4','Credit','Visa','2021-04-08','20.31','Jasons','Entertainment','Y'),
('1178','','4','Credit','Visa','2021-04-09','138.01','Amazon - Leaf Vacuum','Home Misc','Y'),
('1179','','4','Credit','Citi','2021-04-09','28.36','Sprouts','Groceries','Y'),
('1180','','4','Credit','Citi','2021-04-09','76.19','Albertsons','Groceries','Y'),
('1181','','11','Credit','MC','2021-04-10','26.27','amazon sheets','cash','Y'),
('1182','','4','Credit','Citi','2021-04-12','38.79','Albertsons','Groceries','Y'),
('1183','','4','Credit','Citi','2021-04-12','40.08','Sprouts','Groceries','Y'),
('1184','','11','Credit','MC','2021-04-12','28.15','murphy','Gas','Y'),
('1185','','11','Credit','Kohls','2021-04-12','58.89','Kohls','Savings','Y'),
('1186','','11','Credit','MC','2021-04-12','3.99','Albertsons','cash','Y'),
('1187','','11','Credit','MC','2021-04-13','44.07','Chewy','vet/cat','Y'),
('1188','','11','Credit','MC','2021-04-13','47.86','CVS','Savings','Y'),
('1189','','4','Credit','Citi','2021-04-13','43.18','Smiths','Groceries','Y'),
('1190','','4','Check','Check or Draft','2021-04-13','180.00','Adidam Midwest','Tithe','Y'),
('1191','','4','Credit','Visa','2021-04-14','33.88','Toltec','Entertainment','Y'),
('1192','','4','Credit','Visa','2021-04-14','70.72','TSC - Birdseed','Home Misc','Y'),
('1193','','11','Credit','MC','2021-04-14','51.92','tractor supply bird','Misc','Y'),
('1194','','4','Debit','Wells Fargo','2021-04-16','165.10','Century Link','TV/Internet','Y'),
('1195','','4','Credit','Visa','2021-04-16','21.46','Jasons Deli','Entertainment','Y'),
('1196','','4','Credit','Citi','2021-04-16','80.71','Albertsons','Groceries','Y'),
('1197','','4','Credit','Citi','2021-04-16','45.27','Sprouts','Groceries','Y'),
('1198','','4','Credit','Visa','2021-04-16','93.21','Total Wine','Wine','Y'),
('1199','','4','Credit','Visa','2021-04-16','50.00','Orthopoedics copay','Medical/Dental','Y'),
('1200','','4','Credit','Visa','2021-04-19','0.42','Incorrect entry for 03/13','Entertainment','Y'),
('1201','','4','Credit','Visa','2021-04-19','31.54','Consumer Reports','Combined','Y'),
('1202','','4','Credit','Visa','2021-04-19','28.45','Stash Tea','Groceries','Y'),
('1203','','4','Credit','Visa','2021-04-19','21.01','Amazon','Home Misc','Y'),
('1204','','4','Credit','Visa','2021-04-19','2.22','Tax omitted: Jasons','Entertainment','Y'),
('1205','','4','Credit','Citi','2021-04-19','29.98','Albertsons','Groceries','Y'),
('1206','','4','Credit','Citi','2021-04-19','33.94','Sprouts','Groceries','Y'),
('1207','','11','Credit','MC','2021-04-20','43.98','natures guru chai','cash','Y'),
('1208','','11','Credit','MC','2021-04-20','28.37','amazon - ricola','Misc','Y'),
('1209','','4','Credit','Visa','2021-04-21','194.18','HealthQuest','Chiro','Y'),
('1210','','4','Credit','Visa','2021-04-21','28.71','The Range Cafe','Entertainment','Y'),
('1211','','4','Check','Check or Draft','2021-04-22','297.56','Terminix','Combined','Y'),
('1212','','11','Credit','MC','2021-04-22','32.34','Bed Bath Beyond','Savings','Y'),
('1213','','4','Credit','Citi','2021-04-22','48.76','Costco','Groceries','Y'),
('1214','','4','Credit','Visa','2021-04-22','40.97','Massage Warehouse','Health Items','Y'),
('1215','','4','Credit','Visa','2021-04-22','43.69','Moon\'s Coffee','Groceries','Y'),
('1216','','11','Credit','MC','2021-04-22','18.00','iTunes ','Savings','Y');
INSERT INTO Charges VALUES
('1217','','4','Credit','Visa','2021-04-23','20.55','Jason\'s Deli','Entertainment','Y'),
('1218','','4','Credit','Citi','2021-04-23','83.83','Albertsons','Groceries','Y'),
('1219','','4','Credit','Citi','2021-04-23','49.07','Sprouts','Groceries','Y'),
('1220','','4','Credit','Visa','2021-04-23','32.31','Target','Home Misc','Y'),
('1221','','11','Credit','MC','2021-04-23','100.00','Norwex','Savings','Y'),
('1222','','11','Credit','MC','2021-04-23','28.38','CVS','Savings','Y'),
('1223','','11','Credit','MC','2021-04-24','16.55','CVS with refund','Savings','Y'),
('1224','','4','Credit','Visa','2021-04-25','39.87','Walgreens','Health Items','Y'),
('1225','','11','Credit','MC','2021-04-26','125.10','amazon prime','Amazon Prime','Y'),
('1226','','4','Credit','Citi','2021-04-26','48.66','Albertsons','Groceries','Y'),
('1227','','4','Credit','Citi','2021-04-26','43.89','Sprouts','Groceries','Y'),
('1228','','4','Credit','Visa','2021-04-27','22.59','Jason\'s Deli','Entertainment','Y'),
('1229','','4','Credit','Citi','2021-04-29','22.57','Albertsons','Groceries','Y'),
('1230','','4','Credit','Visa','2021-04-30','26.97','Flying Star','Entertainment','Y'),
('1231','','4','Credit','Citi','2021-04-30','75.73','Albertsons','Groceries','Y'),
('1232','','4','Credit','Citi','2021-04-30','33.18','Sprouts','Groceries','Y'),
('1233','','4','Check','Check or Draft','2021-04-30','100.00','Estella Dominguez','Home Misc','Y'),
('1234','','4','Debit','Wells Fargo','2021-04-30','39.38','Somehow double dep on Jury duty','Undistributed Funds','Y'),
('1235','','4','Check','Check or Draft','2021-05-01','1675.76','ARC Home','Mortgage','Y'),
('1236','','4','Check','Check or Draft','2021-05-01','141.00','AAA Dues','Combined','Y'),
('1237','','11','Credit','MC','2021-05-01','28.75','Murphy ','Gas','Y'),
('1238','','11','Credit','MC','2021-05-01','9.44','Smiths (with rebate)','cash','Y'),
('1239','','11','Credit','MC','2021-05-01','37.75','Best Buy - phone','Savings','Y'),
('1240','','4','Credit','Visa','2021-05-01','12.15','Lowe\'s','Home Misc','Y'),
('1241','','4','Credit','Citi','2021-05-01','51.66','Smiths','Groceries','Y'),
('1242','','11','Credit','MC','2021-05-02','14.00','Netflix','Class','Y'),
('1243','','11','Credit','Kohls','2021-05-02','11.42','Kohls','Savings','Y'),
('1244','','4','Credit','Citi','2021-05-02','10.52','Albertsons','Groceries','Y'),
('1245','','4','Credit','Visa','2021-05-03','27.56','Murphys','Auto Gas','Y'),
('1246','','4','Credit','Visa','2021-05-03','15.94','5 Guys','Entertainment','Y'),
('1247','','4','Check','Check or Draft','2021-05-05','58.45','Roadrunner Waste','Combined','Y'),
('1248','','4','Check','Check or Draft','2021-05-05','46.63','PNM','Electric','Y'),
('1249','','4','Credit','Citi','2021-05-05','0.30','Under-reported','Groceries','Y'),
('1250','','4','Credit','Visa','2021-05-06','80.01','Walgreens','Medical/Dental','Y'),
('1251','','4','Check','Check or Draft','2021-05-06','37.31','NM Gas Co','Natural Gas','Y'),
('1252','','4','Credit','Visa','2021-05-08','64.95','Verizon','Verizon','Y'),
('1253','','4','Credit','Citi','2021-05-08','75.64','Albertsons','Groceries','Y'),
('1254','','4','Credit','Visa','2021-05-09','23.87','Jason\'s Deli','Entertainment','Y'),
('1255','','4','Credit','Visa','2021-05-10','34.51','Bed Bath & Beyond','Health Items','Y'),
('1256','','4','Credit','Visa','2021-05-10','18.44','Auto Zone','Auto Maintenance','Y'),
('1257','','4','Credit','Visa','2021-05-10','39.35','Total Wine','Wine','Y'),
('1258','','4','Credit','Visa','2021-05-10','13.96','Albertsons','Groceries','Y'),
('1259','','11','Credit','MC','2021-05-11','51.45','Skechers','cash','Y'),
('1260','','11','Credit','MC','2021-05-11','41.42','Walgreens','Savings','Y'),
('1261','','11','Credit','MC','2021-05-11','21.56','target','cash','Y'),
('1262','','4','Credit','Visa','2021-05-12','50.42','Albertsons','Groceries','Y'),
('1263','','4','Credit','Visa','2021-05-12','32.75','Murphys','Auto Gas','Y'),
('1264','','4','Credit','Visa','2021-05-13','53.46','Duluth','Clothing','Y'),
('1265','','4','Credit','Visa','2021-05-14','30.93','Village Pizza','Entertainment','Y'),
('1266','','4','Credit','Citi','2021-05-14','71.52','Albertsons','Groceries','Y'),
('1267','','11','Credit','MC','2021-05-14','14.06','amazon','cash','Y'),
('1268','','11','Credit','MC','2021-05-14','28.62','Duluth','Savings','Y'),
('1269','','11','Credit','MC','2021-05-14','32.31','Discover Balloons','Savings','Y'),
('1270','','4','Debit','Wells Fargo','2021-05-16','165.10','Century Link','TV/Internet','Y'),
('1271','','4','Credit','Visa','2021-05-16','27.14','Hannah & Nate\'s','Entertainment','Y'),
('1272','','4','Credit','Visa','2021-05-16','91.51','Alameda Greenhouse','Home Misc','Y'),
('1273','','4','Credit','Visa','2021-05-16','15.00','Alameda Greenhouse','Home Misc','Y'),
('1274','','4','Credit','Citi','2021-05-17','55.98','Albertsons','Groceries','Y'),
('1275','','4','Credit','Citi','2021-05-17','28.19','Sprouts','Groceries','Y'),
('1276','','4','Credit','Visa','2021-05-17','18.00','Classmates.com','Combined','Y'),
('1277','','4','Credit','Visa','2021-05-17','48.50','Amazon - Bissell mops','Home Misc','Y'),
('1278','','4','Credit','Visa','2021-05-17','325.00','Copay - Pres/Surgery','Medical/Dental','Y'),
('1279','','4','Credit','Visa','2021-05-17','59.84','CVS - knee brace...','Health Items','Y'),
('1280','','11','Credit','MC','2021-05-17','38.89','port shirt amazon','Savings','Y'),
('1281','','11','Credit','MC','2021-05-17','16.43','amazon SB pad','Savings','Y'),
('1282','','11','Credit','MC','2021-05-18','12.93','iTunes','Savings','Y'),
('1283','','11','Credit','MC','2021-05-18','12.93','iTunes','Savings','Y'),
('1284','','4','Debit','Wells Fargo','2021-05-18','80.00','Cash/ATM','Cash','Y'),
('1285','','4','Credit','Visa','2021-05-18','18.43','Walmart - Plants','Home Misc','Y'),
('1286','','4','Credit','Visa','2021-05-18','81.73','Lowe\'s - Plants','Home Misc','Y'),
('1290','','4','Credit','Visa','2021-05-20','198.14','HealthQuest','Chiro','Y'),
('1288','','4','Debit','Wells Fargo','2021-05-20','0.00','Cash ATM','Cash','Y'),
('1291','','4','Credit','Visa','2021-05-20','20.87','Jasons Deli','Entertainment','Y'),
('1292','','4','Credit','Citi','2021-05-22','78.61','Albertsons','Groceries','Y'),
('1293','','4','Credit','Citi','2021-05-22','79.73','Sprouts','Groceries','Y'),
('1294','','4','Credit','Visa','2021-05-22','70.23','TSC','Home Misc','Y'),
('1295','','4','Credit','Visa','2021-05-22','32.82','Murphys','Auto Gas','Y'),
('1296','','11','Credit','MC','2021-05-22','43.08','amazon','Savings','Y'),
('1297','','4','Credit','Visa','2021-05-23','80.90','Duncraft - bird feeder','Home Misc','Y'),
('1298','','4','Credit','Visa','2021-05-23','62.00','Amazon: shears; tablecloth','Home Misc','Y'),
('1299','','4','Credit','Citi','2021-05-24','66.61','Albertsons','Groceries','Y'),
('1300','','4','Credit','Visa','2021-05-27','11.88','Jasons Deli','Entertainment','Y'),
('1301','','4','Credit','Visa','2021-05-27','51.05','Plant World','Home Misc','Y'),
('1302','','4','Credit','Citi','2021-05-27','116.31','CostCo','Groceries','Y'),
('1303','','11','Credit','MC','2021-05-27','57.03','Chewy','vet/cat','Y'),
('1304','','11','Credit','MC','2021-05-28','63.47','rio grande','Undistributed Funds','Y'),
('1305','','11','Credit','MC','2021-05-28','30.17','covered wagon pot holder','Undistributed Funds','Y'),
('1306','','4','Credit','Citi','2021-05-29','107.17','Albertsons','Groceries','Y'),
('1307','','4','Credit','Citi','2021-05-29','26.91','Sprouts','Groceries','Y'),
('1308','','4','Credit','Visa','2021-05-29','32.89','The Range Cafe','Entertainment','Y'),
('1309','','4','Check','Check or Draft','2021-05-30','20.00','Reverse Test','Undistributed Funds','Y'),
('1310','','11','Credit','MC','2021-05-30','53.94','Yang Yang WaQi','Medical','Y'),
('1311','','11','Credit','MC','2021-05-30','35.00','PP Mark Kelly','Misc','Y'),
('1312','','4','Check','Check or Draft','2021-06-01','50.00','Carter Graduation','Gifts','Y'),
('1313','','4','Credit','Visa','2021-06-01','300.00','Rust Presbyterian','Medical/Dental','Y'),
('1314','','4','Credit','Visa','2021-06-01','144.70','Total Wine','Wine','Y'),
('1315','','4','Credit','Visa','2021-06-01','21.44','Jason\'s Deli','Entertainment','Y'),
('1316','','4','Credit','Visa','2021-06-01','55.90','Amazon - 409 Cleaner','Home Misc','Y'),
('1483',NULL,'4','Credit','Visa','2021-08-18','34.64','Murphy  - 7/19','Entertainment','Y'),
('1318','','11','Credit','MC','2021-06-02','47.32','CVS Rx from Dr. V','Medical','Y');
INSERT INTO Charges VALUES
('1319','','4','Credit','Citi','2021-06-02','105.65','Smiths','Groceries','Y'),
('1320','','11','Credit','MC','2021-06-03','74.77','Walmart','Medical','Y'),
('1321','','11','Credit','MC','2021-06-03','50.00','Pres - Dr V visit','Medical','Y'),
('1322','','4','Credit','Visa','2021-06-04','28.23','Murphys','Auto Gas','Y'),
('1323','','4','Credit','Visa','2021-06-04','30.10','Hannah & Nate\'s','Entertainment','Y'),
('1324','','4','Check','Check or Draft','2021-06-04','0.00','Hugh Wood Insurance','Combined','Y'),
('1325','','4','Check','Check or Draft','2021-06-04','1675.76','ARC HOME','Mortgage','Y'),
('1326','','4','Credit','Citi','2021-06-04','55.07','Albertsons','Groceries','Y'),
('1327','','4','Credit','Citi','2021-06-04','40.57','Sprouts','Groceries','Y'),
('1328','','11','Credit','Kohls','2021-06-04','31.01','Kohls','Medical','Y'),
('1329','','11','Credit','MC','2021-06-04','21.56','Village Mercantile','Bird','Y'),
('1330','','4','Credit','Visa','2021-06-06','48.88','Harry\'s Roadhouse','Entertainment','Y'),
('1331','','4','Credit','Visa','2021-06-06','70.72','TSC','Home Misc','Y'),
('1332','','4','Check','Check or Draft','2021-06-06','53.39','PNM','Electric','Y'),
('1333','','4','Check','Check or Draft','2021-06-06','17.34','NM Gas','Natural Gas','Y'),
('1334','','4','Credit','Citi','2021-06-06','5.89','Omitted CostCoTax 5/27','Groceries','Y'),
('1335','','4','Credit','Visa','2021-06-08','64.94','Verizon','Verizon','Y'),
('1336','','4','Credit','Visa','2021-06-08','79.29','The Range Cafe','Entertainment','Y'),
('1337','','4','Credit','Visa','2021-06-08','30.75','Murphys - no recpt','Auto Gas','Y'),
('1338','','4','Credit','Citi','2021-06-08','68.58','Albertsons','Groceries','Y'),
('1339','','11','Credit','MC','2021-06-09','41.83','Etsy - Marcie','Birthday','Y'),
('1340','','11','Credit','MC','2021-06-09','10.00','iTunes - Belleruth','Class','Y'),
('1341','','11','Credit','MC','2021-06-09','28.79','Murphys','Gas','Y'),
('1342','','11','Credit','MC','2021-06-09','37.94','Savers','Class','Y'),
('1343','','11','Credit','MC','2021-06-09','93.37','Kohl\'s','Class','Y'),
('1344','','4','Credit','Visa','2021-06-11','300.00','Presbyterian','Medical/Dental','Y'),
('1345','','4','Credit','Visa','2021-06-11','49.95','Santa Fe Lavender','Health Items','Y'),
('1346','','4','Credit','Visa','2021-06-11','68.09','Clafouti\'s','Entertainment','Y'),
('1347','','4','Credit','Visa','2021-06-11','43.95','Bandelier NMonument','Entertainment','Y'),
('1348','','4','Check','Check or Draft','2021-06-11','360.00','Adidam Midwest','Tithe','Y'),
('1349','','4','Credit','Visa','2021-06-11','119.80','Canon (Ink)','Home Misc','Y'),
('1350','','4','Credit','Visa','2021-06-12','31.28','Moon\'s Coffe','Groceries','Y'),
('1351','','4','Credit','Visa','2021-06-12','14.72','Lowe\'s','Home Misc','Y'),
('1352','','4','Credit','Visa','2021-06-12','31.62','Murphy\'s','Auto Gas','Y'),
('1353','','4','Credit','Visa','2021-06-13','44.14','IPCC Cafe','Entertainment','Y'),
('1354','','4','Credit','Visa','2021-06-13','14.00','IPCC Admission','Entertainment','Y'),
('1355','','4','Credit','Citi','2021-06-13','14.89','Sprouts','Groceries','Y'),
('1356','','4','Credit','Visa','2021-06-14','50.00','PNG Unser Cancer Copay','Medical/Dental','Y'),
('1357','','4','Credit','Visa','2021-06-14','159.00','CVS - Cancer meds','Medical/Dental','Y'),
('1358','','4','Credit','Citi','2021-06-14','137.31','Albertsons','Groceries','Y'),
('1359','','4','Credit','Visa','2021-06-14','35.75','The Range Cafe','Entertainment','Y'),
('1360','','4','Credit','Visa','2021-06-15','19.72','Albertsons','Groceries','Y'),
('1361','','4','Debit','Wells Fargo','2021-06-16','165.10','Century Link','TV/Internet','Y'),
('1362','','4','Credit','Visa','2021-06-17','20.31','Jasons Deli','Entertainment','Y'),
('1363','','11','Credit','MC','2021-06-17','74.77','Amazon gloves/towel','cash','Y'),
('1364','','4','Credit','Visa','2021-06-17','21.56','Best Buy - tripod attachmnt','Home Misc','Y'),
('1365','','4','Credit','Visa','2021-06-17','34.50','Wlagreens','Medical/Dental','Y'),
('1366','','4','Credit','Visa','2021-06-17','0.08','Mis-entered Alameda Greenhouse','Home Misc','Y'),
('1367','','4','Credit','Visa','2021-06-17','325.00','5/19 Copy Presbyterian','Medical/Dental','Y'),
('1368','','4','Credit','Visa','2021-06-17','32.33','ID Plant App','Computer','Y'),
('1369','','4','Credit','Visa','2021-06-17','21.04','Flying Star','Entertainment','Y'),
('1370','','4','Credit','Visa','2021-06-17','6.94','Amazon ??','Home Misc','Y'),
('1371','','4','Credit','Visa','2021-06-18','52.55','Amazon - Wahl Clippers','Home Misc','Y'),
('1372','','4','Credit','Visa','2021-06-20','194.18','HalthQuest','Chiro','Y'),
('1373','','4','Credit','Visa','2021-06-20','85.25','Albertsons','Groceries','Y'),
('1374','','4','Credit','Visa','2021-06-20','21.43','Sprouts','Groceries','Y'),
('1375','','4','Credit','Visa','2021-06-20','20.00','Presbyterian Copay','Medical/Dental','Y'),
('1376','','4','Credit','Visa','2021-06-20','31.28','Murphy\'s','Auto Gas','Y'),
('1377','','4','Credit','Visa','2021-06-20','645.51','Geico','Auto Insurance','Y'),
('1378','','11','Credit','MC','2021-06-20','44.85','arizona tubes','Birthday','Y'),
('1379','','11','Credit','MC','2021-06-21','47.92','Natures Guru','cash','Y'),
('1380','','4','Credit','Visa','2021-06-22','21.82','Jasons Deli','Entertainment','Y'),
('1381','','4','Credit','Visa','2021-06-23','6.92','CVS','Medical/Dental','Y'),
('1382','','4','Credit','Citi','2021-06-23','8.17','Whole Foods','Groceries','Y'),
('1383','','4','Credit','Visa','2021-06-23','16.73','Walmart','Auto Maintenance','Y'),
('1384','','4','Credit','Visa','2021-06-25','85.10','Albertsons','Groceries','Y'),
('1385','','4','Credit','Visa','2021-06-25','30.33','Sprouts','Groceries','Y'),
('1386','','4','Check','Check or Draft','2021-06-25','120.00','Cash','Cash','Y'),
('1387','','4','Credit','Citi','2021-06-26','25.72','Amazon - Stadium Mustard','Groceries','Y'),
('1388','','4','Credit','Citi','2021-06-28','73.79','Albertsons','Groceries','Y'),
('1389','','4','Credit','Citi','2021-06-28','31.24','Sprouts','Groceries','Y'),
('1390','','4','Credit','Citi','2021-06-28','101.34','CostCo','Groceries','Y'),
('1391','','11','Check','Check or Draft','2021-06-28','64.20','Ken - Costco','cash','Y'),
('1392','','4','Credit','Citi','2021-06-28','64.20','CostCo - Karen','Medical/Dental','Y'),
('1393','','4','Credit','Visa','2021-06-29','50.00','Pres - Copay','Medical/Dental','Y'),
('1394','','4','Check','Check or Draft','2021-07-01','50.00','Presby Copay','Medical/Dental','Y'),
('1395','','4','Check','Check or Draft','2021-07-01','1675.76','ARC Home','Mortgage','Y'),
('1396','','4','Credit','Visa','2021-07-01','23.23','Jason\'s','Entertainment','Y'),
('1397','','4','Credit','Visa','2021-07-02','57.83','Albertsons','Groceries','Y'),
('1398','','4','Credit','Visa','2021-07-02','22.35','Sprouts','Groceries','Y'),
('1399','','11','Credit','MC','2021-07-02','94.88','amazon','Savings','Y'),
('1400','','11','Credit','MC','2021-07-02','139.61','amazon','Savings','Y'),
('1404','','4','Check','Check or Draft','2021-07-03','88.41','PNM','Electric','Y'),
('1405','','4','Credit','Visa','2021-07-05','34.99','Walmart','Gifts','Y'),
('1406','','11','Credit','MC','2021-07-06','23.63','amazon cap','cash','Y'),
('1407',NULL,'4','Credit','Visa','2021-07-09','19.90','Flying Star','Entertainment','Y'),
('1408',NULL,'4','Credit','Visa','2021-07-09','43.13','Lowe\'s - exter. paint','Home Misc','Y'),
('1409',NULL,'4','Credit','Visa','2021-07-09','51.03','Albertsons','Groceries','Y'),
('1410',NULL,'4','Credit','Citi','2021-07-09','16.17','Costco - Karen','Groceries','Y'),
('1411',NULL,'4','Credit','Visa','2021-07-09','2.75','Albertons Starbucks','Groceries','Y'),
('1412',NULL,'4','Credit','Visa','2021-07-09','11.86','Walgreens - readers','Vision','Y'),
('1413',NULL,'4','Credit','Visa','2021-07-09','55.00','Albertsons','Groceries','Y'),
('1414',NULL,'4','Credit','Visa','2021-07-09','64.94','Verizon','Verizon','Y'),
('1415',NULL,'4','Check','Check or Draft','2021-07-09','16.20','NM Gas','Natural Gas','Y'),
('1416',NULL,'4','Credit','Citi','2021-07-10','3.79','Smiths','Groceries','Y'),
('1417',NULL,'4','Credit','Visa','2021-07-12','25.41','Murphy\'s','Auto Gas','Y'),
('1418',NULL,'11','Credit','MC','2021-07-12','52.28','Petco','vet/cat','Y'),
('1419',NULL,'4','Credit','Visa','2021-07-13','39.05','Olive Garden','Entertainment','Y'),
('1420',NULL,'4','Credit','Visa','2021-07-13','50.00','Presbyterian','Medical/Dental','Y'),
('1421',NULL,'4','Credit','Visa','2021-07-13','65.79','Duluth','Clothing','Y');
INSERT INTO Charges VALUES
('1422',NULL,'4','Credit','Visa','2021-07-13','45.28','Marmot','Clothing','Y'),
('1423',NULL,'4','Credit','Visa','2021-07-13','50.12','Albertsons','Groceries','Y'),
('1424',NULL,'4','Credit','Visa','2021-07-13','58.23','Sprouts','Groceries','Y'),
('1425',NULL,'4','Credit','Visa','2021-07-14','146.22','Cottonwood Smiles','Medical/Dental','Y'),
('1426',NULL,'4','Credit','Visa','2021-07-15','26.38','Lowe\'s - wood filler','Home Misc','Y'),
('1427',NULL,'4','Credit','Visa','2021-07-15','64.71','Total Wine - Isabella','Gifts','Y'),
('1428',NULL,'4','Debit','Wells Fargo','2021-07-16','165.10','Century Link','TV/Internet','Y'),
('1429',NULL,'4','Credit','Visa','2021-07-16','30.50','Funny Times - T-shirt','Clothing','Y'),
('1430',NULL,'4','Credit','Visa','2021-07-17','21.52','Flying Star','Entertainment','Y'),
('1431',NULL,'4','Credit','Visa','2021-07-17','0.00','Amazon - clippers (2nd invoice)','Home Misc','Y'),
('1432',NULL,'4','Credit','Visa','2021-07-17','10.76','Walmart - Armorall','Auto Maintenance','Y'),
('1433',NULL,'4','Credit','Visa','2021-07-17','2.54','Walmart gift - tax (Tim)','Gifts','Y'),
('1434',NULL,'4','Credit','Visa','2021-07-17','89.29','Albertsons','Groceries','Y'),
('1435',NULL,'4','Credit','Visa','2021-07-17','40.17','Sprouts','Groceries','Y'),
('1436',NULL,'4','Credit','Visa','2021-07-17','29.40','Flying Star','Entertainment','Y'),
('1437',NULL,'11','Credit','MC','2021-07-18','29.84','Murphy','Gas','Y'),
('1487',NULL,'4','Credit','Visa','2021-08-18','18.00','Classmates.com','Combined','Y'),
('1488',NULL,'4','Check','Check or Draft','2021-08-18','396.46','ARC Home LLC','Escrow Account','Y'),
('1489',NULL,'4','Credit','Visa','2021-08-18','19.42','Barnes & Noble','Gifts','Y'),
('1490',NULL,'4','Credit','Visa','2021-08-18','107.15','TSC','Groceries','Y'),
('1491',NULL,'4','Credit','Visa','2021-08-18','25.00','GPSVisualizer.com','Gifts','Y'),
('1492',NULL,'4','Credit','Visa','2021-08-19','31.26','Olive Garden','Entertainment','Y'),
('1493',NULL,'11','Credit','MC','2021-08-20','64.00','CVS','cash','Y'),
('1494',NULL,'4','Credit','Visa','2021-08-21','194.18','HealthQuest','Chiro','Y'),
('1495',NULL,'4','Credit','Visa','2021-08-21','21.72','Jasons','Entertainment','Y'),
('1496',NULL,'4','Credit','Visa','2021-08-21','41.49','Albertsons','Groceries','Y'),
('1497',NULL,'4','Credit','Visa','2021-08-21','28.02','Sprouts','Groceries','Y'),
('1498',NULL,'4','Check','Check or Draft','2021-08-21','180.00','Adidam Midwest','Tithe','Y'),
('1499',NULL,'4','Credit','Visa','2021-08-23','16.47','Amazon - Labels','Home Misc','Y'),
('1500',NULL,'4','Credit','Visa','2021-08-24','25.30','Flying Star','Entertainment','Y'),
('1501',NULL,'4','Credit','Visa','2021-08-25','61.98','Albertsons','Groceries','Y'),
('1502',NULL,'4','Credit','Visa','2021-08-25','29.38','Sprouts','Groceries','Y'),
('1503',NULL,'4','Credit','Visa','2021-08-25','600.00','Presbyterian Rust','Medical/Dental','Y'),
('1504',NULL,'11','Credit','MC','2021-08-25','24.95','Skoon - General mark','vet/cat','N'),
('1505',NULL,'11','Credit','MC','2021-08-25','15.08','Netflix','Misc','Y'),
('1506',NULL,'11','Credit','MC','2021-08-25','15.08','Netflix','Netflix','Y'),
('1507',NULL,'4','Credit','Visa','2021-08-26','30.21','Moon\'s Coffee','Groceries','Y'),
('1508',NULL,'4','Credit','Visa','2021-08-26','39.59','Murphy\'s','Auto Gas','Y'),
('1509',NULL,'4','Credit','Visa','2021-08-26','22.34','Jasons','Entertainment','Y'),
('1519',NULL,'4','Credit','Visa','2021-08-26','37.68','Amazon - French Press','Home Misc','Y'),
('1511',NULL,'11','Credit','MC','2021-08-27','68.82','CVS','Vitamins','Y'),
('1512',NULL,'11','Credit','MC','2021-08-28','16.16','amazon filters','Misc','Y'),
('1513',NULL,'4','Credit','Visa','2021-08-28','94.44','Albertsons','Groceries','Y'),
('1514',NULL,'4','Debit','Wells Fargo','2021-08-28','100.00','ATM','Cash','Y'),
('1515',NULL,'4','Credit','Visa','2021-08-28','4.69','Olive Garden - Tip','Entertainment','Y'),
('1516',NULL,'4','Credit','Visa','2021-08-28','1223.82','Presbyterian','Medical/Dental','Y'),
('1517',NULL,'4','Credit','Visa','2021-08-29','141.24','Total Wine','Wine','Y'),
('1520',NULL,'11','Credit','MC','2021-08-29','6.40','amazon','cash','Y'),
('1521',NULL,'4','Credit','Visa','2021-08-30','22.64','Walgreens','Vision','Y'),
('1522',NULL,'4','Credit','Visa','2021-08-30','26.63','Range Cafe','Entertainment','Y'),
('1523',NULL,'4','Credit','Visa','2021-08-30','50.00','Pres Copay for Dr. Venkatraj','Medical/Dental','Y'),
('1524',NULL,'4','Credit','Visa','2021-08-31','100.70','Albertsons','Groceries','Y'),
('1525',NULL,'4','Credit','Visa','2021-08-31','17.54','Sprouts','Groceries','Y'),
('1526',NULL,'4','Credit','Citi','2021-08-31','5.49','Smiths','Groceries','Y'),
('1527',NULL,'11','Credit','MC','2021-09-01','19.99','prime pp','Undistributed Funds','Y'),
('1528',NULL,'11','Credit','MC','2021-09-01','28.94','murphy','Gas','Y'),
('1529',NULL,'11','Credit','MC','2021-09-01','25.00','Duncraft','Bird','Y'),
('1530',NULL,'11','Credit','MC','2021-09-02','22.31','PP - Bellruth','Undistributed Funds','Y'),
('1531',NULL,'4','Credit','Visa','2021-09-02','69.02','TLC -filters','Home Misc','Y'),
('1532',NULL,'4','Credit','Visa','2021-09-02','23.45','CVS - insoles/pH','Health Items','Y'),
('1533',NULL,'4','Check','Check or Draft','2021-09-02','1675.76','Mr Cooper Mortgage','Tithe','Y'),
('1534',NULL,'11','Credit','MC','2021-09-04','26.66','Petco','vet/cat','Y'),
('1535',NULL,'11','Credit','Kohls','2021-09-04','26.42','Kohls','cash','Y'),
('1536',NULL,'4','Credit','Visa','2021-09-04','25.92','Jasons','Entertainment','Y'),
('1537',NULL,'4','Credit','Visa','2021-09-04','79.10','Albertsons','Groceries','Y'),
('1538',NULL,'4','Check','Check or Draft','2021-09-04','18.14','NM Gas','Natural Gas','Y'),
('1539',NULL,'4','Check','Check or Draft','2021-09-04','95.58','PNM','Electric','Y'),
('1540',NULL,'11','Credit','MC','2021-09-06','79.94','CVS','Medical','Y'),
('1541',NULL,'11','Credit','MC','2021-09-06','30.18','amazon','Car maintenance','Y'),
('1542',NULL,'4','Credit','Visa','2021-09-07','64.92','Verizon','Verizon','Y'),
('1543',NULL,'4','Credit','Citi','2021-09-07','21.27','Smiths','Groceries','Y'),
('1544',NULL,'4','Credit','Citi','2021-09-07','60.64','Albertsons','Groceries','Y'),
('1545',NULL,'4','Credit','Citi','2021-09-07','24.11','Sprouts','Groceries','Y'),
('1547',NULL,'11','Credit','MC','2021-09-07','20.00','Mister car wash','Car maintenance','Y'),
('1548',NULL,'4','Credit','Visa','2021-09-08','11.96','Valle Grande Bookstore','Groceries','Y'),
('1549',NULL,'4','Credit','Visa','2021-09-08','17.88','Jasons Deli','Entertainment','Y'),
('1550',NULL,'4','Credit','Citi','2021-09-09','100.34','Costco','Groceries','Y'),
('1551',NULL,'4','Credit','Citi','2021-09-09','12.30','Walmart','Groceries','Y'),
('1552',NULL,'4','Credit','Visa','2021-09-10','40.19','Murphy','Auto Gas','Y'),
('1553',NULL,'4','Check','Check or Draft','2021-09-10','500.00','CarMax','CarMax Loan','Y'),
('1554',NULL,'4','Credit','Visa','2021-09-11','31.68','Flying Star','Entertainment','Y'),
('1555',NULL,'4','Credit','Citi','2021-09-11','69.46','Albertsons','Groceries','Y'),
('1556',NULL,'4','Credit','Citi','2021-09-15','33.78','Albertsons','Groceries','Y'),
('1557',NULL,'4','Credit','Citi','2021-09-15','9.11','Sprouts','Groceries','Y'),
('1558',NULL,'4','Credit','Visa','2021-09-15','52.22','CVS: Readers & Sunglasses','Vision','Y'),
('1559',NULL,'4','Credit','Visa','2021-09-15','21.55','Amazon - French Press','Home Misc','Y'),
('1560',NULL,'4','Credit','Visa','2021-09-15','160.74','Healthquest - Karen','Medical/Dental','Y'),
('1561',NULL,'4','Check','Check or Draft','2021-09-15','180.00','Adidam Midwest','Tithe','Y'),
('1562',NULL,'4','Check','Check or Draft','2021-09-15','98.26','MochaHost - upgrade','Computer','Y'),
('1563',NULL,'4','Credit','Visa','2021-09-15','39.36','Domain.com - new domain','Computer','Y'),
('1564',NULL,'4','Credit','Visa','2021-09-15','24.25','Jasons','Entertainment','Y'),
('1565',NULL,'4','Debit','Wells Fargo','2021-09-18','165.10','Century Link','TV/Internet','Y'),
('1566',NULL,'4','Credit','Citi','2021-09-18','11.44','Sprouts','Groceries','Y'),
('1567',NULL,'4','Credit','Citi','2021-09-18','38.10','Albertsons','Groceries','Y'),
('1568',NULL,'4','Credit','Visa','2021-09-19','49.28','Amazon - Tim/Antenna','Gifts','Y'),
('1569',NULL,'4','Credit','Visa','2021-09-19','53.05','Geico - overage for Jeep','Auto Insurance','Y'),
('1570',NULL,'4','Credit','Visa','2021-09-19','44.21','Amazon - books','Home Misc','Y'),
('1571',NULL,'4','Credit','Visa','2021-09-19','28.59','REI - hiking hat','Clothing','Y'),
('1572',NULL,'4','Credit','Visa','2021-09-19','0.10','Missed on 8/21','Groceries','Y'),
('1573',NULL,'4','Credit','Visa','2021-09-19','1.79','Albertsons? unknown','Groceries','Y');
INSERT INTO Charges VALUES
('1574',NULL,'4','Check','Check or Draft','2021-09-19','40.00','NM Animal Humane','Charities','Y'),
('1575',NULL,'11','Credit','MC','2021-09-19','58.12','chewy','vet/cat','Y'),
('1576',NULL,'11','Credit','MC','2021-09-19','26.58','CVS','Vitamins','Y'),
('1577',NULL,'11','Credit','MC','2021-09-21','29.11','Sprouts','Vitamins','Y'),
('1578',NULL,'11','Credit','MC','2021-09-21','39.35','Joann','Misc','Y'),
('1579',NULL,'11','Credit','MC','2021-09-21','32.33','A','Phone','Y'),
('1580',NULL,'11','Credit','MC','2021-09-21','64.70','AT & T phone','Phone','Y'),
('1581',NULL,'4','Credit','Visa','2021-09-21','194.18','HealthQeust','Chiro','Y'),
('1582',NULL,'4','Credit','Citi','2021-09-21','36.95','Albertsons','Groceries','Y'),
('1583',NULL,'4','Credit','Citi','2021-09-21','47.66','Sprouts','Groceries','Y'),
('1584',NULL,'4','Check','Check or Draft','2021-09-21','100.00','Kathy Birthday','Gifts','Y'),
('1585',NULL,'11','Credit','MC','2021-09-22','27.04','Murphy','Gas','Y'),
('1586',NULL,'4','Credit','Visa','2021-09-23','45.57','Murphy\'s','Auto Gas','Y'),
('1587',NULL,'4','Credit','Visa','2021-09-23','50.00','Copay - Presbyterian','Medical/Dental','Y'),
('1588',NULL,'4','Credit','Visa','2021-09-23','58.10','Lowe\'s','Home Misc','Y'),
('1589',NULL,'4','Credit','Visa','2021-09-25','20.55','Jasons','Entertainment','Y'),
('1590',NULL,'4','Credit','Citi','2021-09-26','81.53','Albertsons','Groceries','Y'),
('1591',NULL,'4','Credit','Citi','2021-09-26','60.85','Sprouts','Groceries','Y'),
('1592',NULL,'11','Credit','MC','2021-09-28','36.11','Village','Undistributed Funds','Y'),
('1594',NULL,'11','Credit','MC','2021-09-28','41.65','BB','Birthday','Y'),
('1595',NULL,'4','Credit','Visa','2021-09-28','154.44','Office Max - chair','Home Misc','Y'),
('1596',NULL,'4','Check','Check or Draft','2021-09-29','51.74','Presbyterian','Medical/Dental','Y'),
('1597',NULL,'4','Credit','Citi','2021-09-30','66.03','Albertsons','Groceries','Y'),
('1598',NULL,'4','Credit','Citi','2021-09-30','25.77','Sprouts','Groceries','Y'),
('1599',NULL,'4','Credit','Citi','2021-09-30','32.32','Costco','Groceries','Y'),
('1600',NULL,'4','Credit','Visa','2021-09-30','19.41','Flying Star','Entertainment','Y'),
('1601',NULL,'4','Check','Check or Draft','2021-10-03','1791.42','Mr Cooper','Mortgage','Y'),
('1602',NULL,'4','Credit','Citi','2021-10-05','64.73','Costco Annual Fee','Combined','Y'),
('1603',NULL,'4','Check','Check or Draft','2021-10-05','130.00','A-A-Rons Handyman','Appliances/Repair','Y'),
('1604',NULL,'4','Credit','Citi','2021-10-05','91.60','Albertsons','Groceries','Y'),
('1605',NULL,'4','Credit','Citi','2021-10-05','10.44','Sprouts','Groceries','Y'),
('1606',NULL,'11','Credit','MC','2021-10-05','442.51','Big O Tires','Car maintenance','Y'),
('1607',NULL,'4','Credit','Visa','2021-10-05','24.45','Thrift Books','Home Misc','Y'),
('1608',NULL,'4','Credit','Visa','2021-10-08','64.86','Verizon','Verizon','Y'),
('1609',NULL,'4','Credit','Visa','2021-10-08','49.13','Murphy\'s','Auto Gas','Y'),
('1610',NULL,'4','Credit','Visa','2021-10-08','24.13','Jason\'s','Entertainment','Y'),
('1611',NULL,'4','Credit','Visa','2021-10-09','28.47','Flying Star','Entertainment','Y'),
('1612',NULL,'4','Credit','Citi','2021-10-09','39.75','Albertsons','Groceries','Y'),
('1613',NULL,'4','Credit','Citi','2021-10-09','2.06','Sprouts','Groceries','Y'),
('1614',NULL,'11','Credit','MC','2021-10-10','16.00','amazon cb','cash','Y'),
('1615',NULL,'4','Credit','Citi','2021-10-12','69.68','Albertsons','Groceries','Y'),
('1616',NULL,'4','Credit','Citi','2021-10-12','16.94','Sprouts','Groceries','Y'),
('1617',NULL,'4','Credit','Citi','2021-10-12','90.00','TSC','Groceries','Y'),
('1618',NULL,'11','Credit','MC','2021-10-13','39.63','Tractor','Bird','Y'),
('1619',NULL,'11','Credit','MC','2021-10-13','31.55','Murphy','Gas','Y'),
('1620',NULL,'11','Credit','MC','2021-10-13','27.93','Target','Christmas','Y'),
('1621',NULL,'4','Credit','Visa','2021-10-14','21.51','Walmart Readers','Vision','Y'),
('1622',NULL,'4','Credit','Visa','2021-10-14','20.55','Jasons','Entertainment','Y'),
('1623',NULL,'4','Check','Check or Draft','2021-10-14','69.44','PNM','Electric','Y'),
('1624',NULL,'4','Check','Check or Draft','2021-10-14','17.11','NM Gas','Natural Gas','Y'),
('1625',NULL,'11','Credit','MC','2021-10-15','20.17','Pet Smart','vet/cat','Y'),
('1626',NULL,'11','Credit','Kohls','2021-10-15','26.00','Kohls','Class','Y'),
('1627',NULL,'4','Credit','Citi','2021-10-15','6.19','Smiths','Groceries','Y'),
('1628',NULL,'4','Credit','Visa','2021-10-15','30.21','Moon\'s Coffee','Groceries','Y'),
('1629',NULL,'4','Debit','Wells Fargo','2021-10-18','165.10','Century Link','TV/Internet','Y'),
('1630',NULL,'4','Credit','Visa','2021-10-18','34.48','Range Cafe','Entertainment','Y'),
('1631',NULL,'4','Credit','Citi','2021-10-18','27.48','Albertsons','Groceries','Y'),
('1632',NULL,'4','Credit','Citi','2021-10-18','79.17','Sprouts','Groceries','Y'),
('1633',NULL,'4','Credit','Visa','2021-10-19','676.41','HealthQuest','Medical/Dental','Y'),
('1634',NULL,'4','Credit','Visa','2021-10-19','17.63','Jasons Deli','Entertainment','Y'),
('1635',NULL,'4','Credit','Visa','2021-10-19','52.25','Amazon','Home Misc','Y'),
('1636',NULL,'4','Check','Check or Draft','2021-10-19','180.00','Adidam Midwest','Tithe','Y'),
('1637',NULL,'4','Check','Check or Draft','2021-10-19','50.00','St. Joseph\'s Indian School','Charities','Y'),
('1638',NULL,'4','Check','Check or Draft','2021-10-19','40.00','Boys Town','Charities','Y'),
('1639',NULL,'4','Credit','Citi','2021-10-19','48.95','Albertsons','Groceries','Y'),
('1640',NULL,'4','Credit','Citi','2021-10-19','32.40','Sprouts','Groceries','Y'),
('1641',NULL,'4','Credit','Visa','2021-10-19','118.66','TLC','Appliances/Repair','Y'),
('1642',NULL,'4','Credit','Visa','2021-10-20','194.18','HealthQuest','Chiro','Y'),
('1643',NULL,'4','Credit','Visa','2021-10-20','63.61','Auto Zone','Auto Maintenance','Y'),
('1644',NULL,'4','Credit','Visa','2021-10-20','43.09','Lowe\'s','Home Misc','Y'),
('1645',NULL,'4','Credit','Visa','2021-10-20','17.68','Bed Bath & Beyond','Home Misc','Y'),
('1646',NULL,'4','Credit','Visa','2021-10-21','56.29','Duluth','Clothing','Y'),
('1647',NULL,'4','Credit','Visa','2021-10-22','147.63','REI','Clothing','Y'),
('1648',NULL,'4','Credit','Visa','2021-10-22','50.60','Murphy\'s','Auto Gas','Y'),
('1649',NULL,'4','Credit','Visa','2021-10-22','36.27','Lowe\'s misc supplies','Home Misc','Y'),
('1650',NULL,'4','Credit','Visa','2021-10-22','2960.07','La-z-Boy','Home Misc','Y'),
('1651',NULL,'4','Credit','Visa','2021-10-22','24.13','Jasons','Entertainment','Y'),
('1652',NULL,'11','Credit','MC','2021-10-22','167.90','Better Way Health','Medical','Y'),
('1653',NULL,'4','Credit','Citi','2021-10-23','95.32','Albertsons','Groceries','Y'),
('1654',NULL,'4','Credit','Citi','2021-10-23','60.91','Sprouts','Groceries','Y'),
('1655',NULL,'11','Credit','MC','2021-10-23','22.43','Sprouts','Vitamins','Y'),
('1656',NULL,'11','Credit','MC','2021-10-23','27.45','Nourish','Vitamins','Y'),
('1657',NULL,'11','Credit','Kohls','2021-10-23','26.97','Kohls','Misc','Y'),
('1658',NULL,'11','Credit','MC','2021-10-23','42.87','Petco','vet/cat','Y'),
('1659',NULL,'11','Credit','MC','2021-10-23','86.23','amazon','Savings','Y'),
('1660',NULL,'11','Credit','MC','2021-10-23','16.16','amazon - alma','Vitamins','Y'),
('1661',NULL,'11','Credit','MC','2021-10-23','9.15','amazon - salt','cash','Y'),
('1662',NULL,'11','Credit','MC','2021-10-25','21.46','Murphy','Gas','Y'),
('1663',NULL,'4','Credit','Visa','2021-10-26','17.26','Cinemark Theater','Entertainment','Y'),
('1664',NULL,'4','Credit','Citi','2021-10-26','47.78','Albertsons','Groceries','Y'),
('1665',NULL,'4','Credit','Citi','2021-10-26','45.29','Sprouts','Groceries','Y'),
('1666',NULL,'11','Credit','MC','2021-10-29','29.22','Natural Grocers','Vitamins','Y'),
('1667',NULL,'11','Credit','MC','2021-10-29','34.50','Wild Birds','Bird','Y'),
('1668',NULL,'11','Credit','MC','2021-10-29','59.24','L L Bean','Savings','Y'),
('1669',NULL,'4','Credit','Visa','2021-10-29','316.14','Indigo Crow','Entertainment','Y'),
('1670',NULL,'4','Credit','Citi','2021-10-29','8.73','Sprouts','Groceries','Y'),
('1671',NULL,'4','Credit','Visa','2021-10-29','23.22','Jasons','Entertainment','Y'),
('1672',NULL,'4','Credit','Citi','2021-10-30','65.80','Albertsons','Groceries','Y'),
('1673',NULL,'4','Credit','Citi','2021-10-30','45.05','Sprouts','Groceries','Y'),
('1674',NULL,'11','Credit','MC','2021-10-31','50.14','CVS','cash','Y');
INSERT INTO Charges VALUES
('1675',NULL,'11','Credit','MC','2021-10-31','15.00','Pres Urgent Care','Medical','Y'),
('1676',NULL,'4','Credit','Visa','2021-10-31','14.52','Lowe\'s','Home Misc','Y'),
('1677',NULL,'4','Credit','Visa','2021-10-31','20.19','Walgreens','Health Items','Y'),
('1678',NULL,'4','Check','Check or Draft','2021-10-31','40.00','Toys For Tots','Charities','Y'),
('1679',NULL,'4','Check','Check or Draft','2021-11-01','1733.59','Mr Cooper','Mortgage','Y'),
('1681',NULL,'4','Debit','Wells Fargo','2021-11-01','100.00','Cash ATM','Cash','Y'),
('1682',NULL,'4','Check','Check or Draft','2021-11-02','58.45','Road Runner Waste','Combined','Y'),
('1683',NULL,'4','Credit','Citi','2021-11-03','56.70','Albertsons','Groceries','Y'),
('1684',NULL,'4','Credit','Citi','2021-11-03','34.23','Sprouts','Groceries','Y'),
('1685',NULL,'4','Credit','Visa','2021-11-03','27.76','Flying Star','Entertainment','Y'),
('1686',NULL,'11','Credit','MC','2021-11-05','13.12','Walatowa','cash','Y'),
('1687',NULL,'11','Credit','MC','2021-11-05','42.88','CVS','Vitamins','Y'),
('1688',NULL,'4','Credit','Citi','2021-11-06','30.42','Albertsons','Groceries','Y'),
('1689',NULL,'4','Credit','Citi','2021-11-06','42.06','Sprouts','Groceries','Y'),
('1690',NULL,'4','Check','Check or Draft','2021-11-06','45.02','NM Gas Co','Natural Gas','Y'),
('1691',NULL,'4','Check','Check or Draft','2021-11-06','49.26','PNM','Electric','Y'),
('1692',NULL,'4','Credit','Visa','2021-11-06','36.61','Lowe\'s - cloth drops','Home Misc','Y'),
('1693',NULL,'4','Credit','Visa','2021-11-06','47.56','Murphy\'s','Auto Gas','Y'),
('1694',NULL,'4','Credit','Visa','2021-11-08','64.79','Verizon','Verizon','Y'),
('1695',NULL,'4','Check','Check or Draft','2021-11-08','1500.00','CarMax','CarMax Loan','Y'),
('1696',NULL,'11','Credit','MC','2021-11-08','34.56','Murphy','Gas','Y'),
('1697',NULL,'11','Credit','MC','2021-11-08','51.92','Natures Guru','Class','Y'),
('1698',NULL,'11','Credit','MC','2021-11-08','69.89','Saga Cards','Christmas','Y'),
('1699',NULL,'11','Credit','MC','2021-11-08','75.52','L E','Savings','Y'),
('1700',NULL,'4','Credit','Citi','2021-11-09','51.62','Albertsons','Groceries','Y'),
('1701',NULL,'4','Credit','Citi','2021-11-09','61.44','Sprouts','Groceries','Y'),
('1702',NULL,'4','Credit','Visa','2021-11-09','21.59','Jason\'s Deli','Entertainment','Y'),
('1703',NULL,'4','Check','Check or Draft','2021-11-11','183.39','Dalton Service (Dishwasher)','Appliances/Repair','Y'),
('1704',NULL,'4','Credit','Citi','2021-11-11','190.09','Costco','Groceries','Y'),
('1705',NULL,'4','Credit','Citi','2021-11-13','52.02','Albertsons','Groceries','Y'),
('1706',NULL,'4','Credit','Citi','2021-11-13','35.27','Smiths','Groceries','Y'),
('1707',NULL,'4','Credit','Citi','2021-11-13','34.63','Sprouts','Groceries','Y'),
('1708',NULL,'11','Credit','MC','2021-11-14','76.65','Duluth','Christmas','Y'),
('1709',NULL,'11','Credit','MC','2021-11-14','51.76','Amazon','Christmas','Y'),
('1710',NULL,'11','Credit','MC','2021-11-14','13.94','vgbc','cash','Y'),
('1711',NULL,'11','Credit','MC','2021-11-14','22.98','vandal','Misc','Y'),
('1712',NULL,'11','Credit','MC','2021-11-15','22.25','Mack Weldon','Savings','Y'),
('1713',NULL,'4','Credit','Visa','2021-11-15','41.05','Muprhy\'s','Auto Gas','Y'),
('1714',NULL,'4','Credit','Visa','2021-11-15','21.94','MochaHost - xfr domain','Computer','Y'),
('1715',NULL,'11','Credit','MC','2021-11-15','25.98','Vadham','Undistributed Funds','Y'),
('1716',NULL,'4','Debit','Wells Fargo','2021-11-16','165.10','Century Link','TV/Internet','Y'),
('1717',NULL,'4','Credit','Citi','2021-11-16','52.07','Albertsons','Groceries','Y'),
('1718',NULL,'4','Credit','Citi','2021-11-16','23.26','Sprouts','Groceries','Y'),
('1719',NULL,'4','Credit','Visa','2021-11-16','34.95','MacPaw (CleanMyMac)','Computer','Y'),
('1720',NULL,'4','Credit','Visa','2021-11-16','19.67','Jason\'s','Entertainment','Y'),
('1721',NULL,'4','Credit','Visa','2021-11-16','20.22','Century Rio 24 Theater','Entertainment','Y'),
('1722',NULL,'11','Credit','MC','2021-11-19','24.28','petco','vet/cat','Y'),
('1726',NULL,'4','Credit','Visa','2021-11-19','30.19','Bed Bath & Beyond','Christmas','Y'),
('1724',NULL,'4','Credit','Visa','2021-11-19','62.53','Total Wine','Wine','Y'),
('1725',NULL,'4','Credit','Visa','2021-11-19','32.21','Keller\'s','Groceries','Y'),
('1727',NULL,'4','Credit','Visa','2021-11-19','65.74','Border\'s','Christmas','Y'),
('1728',NULL,'4','Check','Check or Draft','2021-11-19','300.00','Mike\'s Quality Painting','Home Misc','Y'),
('1729',NULL,'4','Credit','Visa','2021-11-19','20.01','Amazon - Sticky Rollers','Home Misc','Y'),
('1730',NULL,'4','Credit','Visa','2021-11-19','29.88','Five Guys','Entertainment','Y'),
('1731',NULL,'4','Credit','Visa','2021-11-20','194.18','HealthQuest','Chiro','Y'),
('1732',NULL,'4','Credit','Visa','2021-11-20','3.71','Tax - Duluth','Clothing','Y'),
('1733',NULL,'4','Credit','Visa','2021-11-20','32.28','Clam Antinvirus','Computer','Y'),
('1734',NULL,'4','Credit','Visa','2021-11-20','66.71','Sirius','Home Misc','Y'),
('1735',NULL,'4','Credit','Visa','2021-11-20','18.00','Classmates.com','Combined','Y'),
('1736',NULL,'4','Credit','Citi','2021-11-20','63.96','Albertsons','Groceries','Y'),
('1737',NULL,'4','Credit','Citi','2021-11-20','95.46','Sprouts','Groceries','Y'),
('1738',NULL,'4','Credit','Visa','2021-11-20','30.21','Moon\'s','Groceries','Y'),
('1739',NULL,'4','Credit','Visa','2021-11-20','22.36','Amazon - KarenBook','Christmas','Y'),
('1740',NULL,'4','Credit','Visa','2021-11-21','27.03','Lowe\'s - 1x2 & tape','Home Misc','Y'),
('1741',NULL,'4','Credit','Visa','2021-11-21','26.94','Amazon - Pyrex','Christmas','Y'),
('1743',NULL,'4','Credit','Citi','2021-11-23','19.44','Albertsons','Groceries','Y'),
('1744',NULL,'4','Credit','Citi','2021-11-23','8.12','Sprouts','Groceries','Y'),
('1745',NULL,'4','Check','Check or Draft','2021-11-23','1011.00','Mike\'s Quality Painting','Home Misc','Y'),
('1746',NULL,'4','Credit','Visa','2021-11-24','35.09','Olive Garden','Entertainment','Y'),
('1747',NULL,'4','Credit','Visa','2021-11-24','29.09','Staples','Christmas','Y'),
('1748',NULL,'4','Credit','Visa','2021-11-24','27.18','Borders','Christmas','Y'),
('1749',NULL,'4','Credit','Visa','2021-11-24','19.67','Jasons','Entertainment','Y'),
('1750',NULL,'11','Credit','MC','2021-11-24','34.80','usps','Savings','Y'),
('1751',NULL,'11','Credit','MC','2021-11-24','9.99','sprouts','Savings','Y'),
('1752',NULL,'11','Credit','MC','2021-11-24','15.30','Albertsons','Savings','Y'),
('1753',NULL,'11','Credit','MC','2021-11-24','34.60','cvs','Savings','Y'),
('1754',NULL,'11','Credit','MC','2021-11-24','7.44','Walgreens','Savings','Y'),
('1755',NULL,'11','Credit','MC','2021-11-24','22.62','iTunes','Savings','Y'),
('1756',NULL,'4','Credit','Citi','2021-11-28','51.39','Albertsons','Groceries','Y'),
('1757',NULL,'4','Credit','Citi','2021-11-28','76.48','Sprouts','Groceries','Y'),
('1758',NULL,'4','Credit','Visa','2021-11-28','30.87','Lansing Popttery (Ed B-day)','Gifts','Y'),
('1759',NULL,'4','Credit','Visa','2021-11-28','76.63','The Added Touch (Karen)','Christmas','Y'),
('1760',NULL,'4','Credit','Citi','2021-11-30','46.35','Albertsons','Groceries','Y'),
('1761',NULL,'4','Credit','Citi','2021-11-30','22.38','Sprouts','Groceries','Y'),
('1762',NULL,'4','Credit','Visa','2021-11-30','38.38','Murphys','Auto Gas','Y'),
('1763',NULL,'4','Debit','Wells Fargo','2021-11-30','100.00','ATM Cash','Cash','Y'),
('1764',NULL,'11','Credit','MC','2021-11-30','12.00','joann fab','Savings','Y'),
('1765',NULL,'11','Credit','MC','2021-11-30','150.00','art ','Savings','Y'),
('1766',NULL,'4','Check','Check or Draft','2021-12-01','360.00','Adidam Midwest','Tithe','Y'),
('1767',NULL,'4','Check','Check or Draft','2021-12-01','1733.59','Mr Cooper Mtge','Mortgage','Y'),
('1768',NULL,'4','Check','Check or Draft','2021-12-01','134.00','Dental Insurance Plan','Combined','Y'),
('1769',NULL,'4','Credit','Visa','2021-12-01','474.65','Hearing Aid Insurance','Medical/Dental','Y'),
('1770',NULL,'4','Credit','Citi','2021-11-23','74.72','Kellers','Groceries','Y'),
('1771',NULL,'4','Credit','Visa','2021-12-02','19.31','Flying Star','Entertainment','Y'),
('1772',NULL,'11','Credit','MC','2021-12-03','30.48','Murphy','Gas','Y'),
('1773',NULL,'11','Credit','MC','2021-12-03','0.00','40.93','Savings','Y'),
('1774',NULL,'11','Credit','MC','2021-12-03','26.26','Michaels','Christmas','Y'),
('1775',NULL,'11','Credit','MC','2021-12-03','19.35','Tuesday','Christmas','Y'),
('1776',NULL,'11','Credit','MC','2021-12-03','17.48','dn','cash','Y'),
('1777',NULL,'4','Debit','Wells Fargo','2021-12-03','40.00','ATM - Christmas','Christmas','Y');
INSERT INTO Charges VALUES
('1778',NULL,'4','Credit','Visa','2021-12-03','57.00','Christmas - Ed & Jen','Christmas','Y'),
('1779',NULL,'11','Credit','MC','2021-12-03','84.00','Josie Maran','Christmas','Y'),
('1780',NULL,'11','Credit','MC','2021-12-03','28.74','Amazon - CL','Birthday','Y'),
('1781',NULL,'4','Credit','Citi','2021-12-04','90.05','Albertsons','Groceries','Y'),
('1782',NULL,'4','Credit','Citi','2021-12-04','32.52','Sprouts','Groceries','Y'),
('1783',NULL,'11','Credit','MC','2021-12-05','32.00','amazon, tree skirt','Birthday','Y'),
('1784',NULL,'4','Credit','Visa','2021-12-08','64.79','Verizon','Verizon','Y'),
('1785',NULL,'4','Check','Check or Draft','2021-12-08','2600.97','Renewal by Andersen','Home Misc','Y'),
('1786',NULL,'4','Credit','Visa','2021-12-08','31.57','The Range Cafe','Entertainment','Y'),
('1787',NULL,'4','Credit','Citi','2021-12-08','78.30','Albertsons','Groceries','Y'),
('1788',NULL,'4','Credit','Citi','2021-12-08','47.57','Sprouts','Groceries','Y'),
('1789',NULL,'4','Check','Check or Draft','2021-12-08','61.59','PNM','Electric','Y'),
('1790',NULL,'4','Credit','Visa','2021-12-08','78.81','Glyco','Health Items','Y'),
('1791',NULL,'4','Credit','Visa','2021-12-10','435.75','Harry & David\'s','Christmas','Y'),
('1792',NULL,'4','Check','Check or Draft','2021-12-10','87.22','NM Gas','Natural Gas','Y'),
('1793',NULL,'11','Credit','Kohls','2021-12-10','55.28','Kohls','Savings','Y'),
('1794',NULL,'4','Credit','Citi','2021-12-11','81.21','Sprouts','Groceries','Y'),
('1795',NULL,'4','Credit','Visa','2021-12-11','300.00','Presbyterian Hospital','Medical/Dental','Y'),
('1796',NULL,'4','Credit','Visa','2021-12-11','132.16','Scafuri Cookies','Christmas','Y'),
('1797',NULL,'4','Credit','Citi','2021-12-12','5.98','Albertsons','Groceries','Y'),
('1798',NULL,'4','Check','Check or Draft','2021-12-13','25.00','Mary Lou Dobbs (Susan)','Gifts','Y'),
('1799',NULL,'4','Credit','Visa','2021-12-13','30.17','Walgreens','Christmas','Y'),
('1800',NULL,'4','Credit','Visa','2021-12-13','5.36','Home Depot','Home Misc','Y'),
('1801',NULL,'4','Credit','Visa','2021-12-13','7.29','Home Depot','Home Misc','Y'),
('1802',NULL,'4','Credit','Visa','2021-12-13','50.98','Scafuri - Sue','Christmas','Y'),
('1803',NULL,'4','Credit','Visa','2021-12-13','50.45','Wayfair','Christmas','Y'),
('1804',NULL,'4','Credit','Visa','2021-12-13','48.50','Amazon - Ext. Warranty','Home Misc','Y'),
('1805',NULL,'4','Credit','Visa','2021-12-13','449.57','Amazon - Slide Scanner','Home Misc','Y'),
('1806',NULL,'11','Credit','MC','2021-12-14','182.78','flowers','Savings','Y'),
('1807',NULL,'4','Credit','Citi','2021-12-14','90.70','Albertsons','Groceries','Y'),
('1808',NULL,'11','Credit','MC','2021-12-14','30.18','Albertsons','vet/cat','Y'),
('1809',NULL,'4','Credit','Visa','2021-12-14','78.18','Total Wine','Wine','Y'),
('1810',NULL,'4','Credit','Visa','2021-12-14','35.10','Murphys','Auto Gas','Y'),
('1811',NULL,'4','Credit','Visa','2021-12-14','1000.00','Deposit - LL Flooring','Home Misc','Y'),
('1812',NULL,'4','Credit','Visa','2021-12-14','27.02','Olive Garden','Entertainment','Y'),
('1813',NULL,'4','Credit','Visa','2021-12-15','24.74','Hallmark','Christmas','Y'),
('1814',NULL,'4','Debit','Wells Fargo','2021-12-16','165.10','Century Link','TV/Internet','Y'),
('1815',NULL,'4','Credit','Citi','2021-12-16','18.65','Albertsons','Groceries','Y');




CREATE TABLE `Deposits` (
  `depid` int(10) NOT NULL AUTO_INCREMENT,
  `userid` int(10) NOT NULL,
  `date` date NOT NULL,
  `amount` decimal(10,2) NOT NULL,
  `otd` char(1) NOT NULL,
  `description` varchar(100) DEFAULT NULL,
  PRIMARY KEY (`depid`)
) ENGINE=MyISAM AUTO_INCREMENT=96 DEFAULT CHARSET=latin1;


INSERT INTO Deposits VALUES
('1','4','2020-10-14','2425.50','N',''),
('2','11','2020-10-23','1062.00','N',''),
('3','4','2020-11-01','3450.00','N',''),
('4','4','2020-11-04','0.13','Y','Checking Acct. interest 10/30'),
('5','4','2020-11-10','2425.50','N',''),
('6','11','2020-11-23','1062.00','N',''),
('7','4','2020-12-01','3450.00','N',''),
('8','4','2020-12-05','100.00','Y','Uncashed check #2124'),
('9','4','2020-12-05','0.14','Y','Checking Interest 11/30'),
('10','4','2020-12-09','2425.50','N',''),
('11','11','2020-12-30','1062.00','N',''),
('12','4','2021-01-01','3450.00','N',''),
('13','4','2021-01-01','1200.00','Y','Relief Check'),
('14','4','2021-01-01','60.00','Y','Double charged cr card'),
('15','11','2021-01-04','600.00','Y','govt stim'),
('16','4','2021-01-13','2455.20','N',''),
('17','4','2021-01-14','2800.00','Y','For LTC'),
('18','4','2021-01-15','0.15','Y','Interest'),
('19','4','2021-01-28','150.00','Y','Karen - reimburse'),
('20','11','2021-01-28','1073.70','N',''),
('21','4','2021-02-01','3450.00','N',''),
('22','4','2021-02-01','0.17','Y','Interest'),
('23','4','2021-02-10','2455.20','N',''),
('24','11','2021-02-20','1070.00','N',''),
('25','4','2021-02-23','200.00','Y','Reimburse from Karen / Xmas tree'),
('26','4','2021-02-27','1577.01','Y','HSA Refund'),
('27','4','2021-03-01','3450.00','N',''),
('28','4','2021-03-10','2455.20','N',''),
('29','4','2021-03-17','175.00','Y','NM Tax Refund'),
('30','4','2021-03-17','1400.00','Y','Relief Check'),
('31','4','2021-03-19','0.88','Y','Mistake on Credit Charge'),
('32','11','2021-03-20','1073.70','N',''),
('33','11','2021-03-20','1400.00','Y',''),
('34','4','2021-03-26','63.01','Y','Jury Duty'),
('35','4','2021-04-01','3450.00','N',''),
('36','4','2021-04-04','0.34','Y','Feb/Mar Chkg Interest'),
('37','4','2021-04-05','70.88','Y','Jury Duty'),
('38','4','2021-04-14','2455.20','N',''),
('39','11','2021-04-20','1073.70','N',''),
('40','4','2021-04-23','42.00','Y','Jury Duty'),
('41','4','2021-04-30','39.38','Y','Jury Duty'),
('42','4','2021-04-30','39.38','Y','Jury Duty'),
('43','4','2021-05-01','3450.00','N',''),
('44','4','2021-05-12','2455.20','N',''),
('45','4','2021-05-17','10.78','Y','Refund - Walgreens'),
('46','4','2021-05-18','0.01','Y','Undiscovered error'),
('47','11','2021-05-22','1073.70','N',''),
('48','4','2021-05-30','10.00','Y','Testing PDO'),
('49','4','2021-05-30','10.00','Y','Testing PDO'),
('50','4','2021-06-01','3450.00','N',''),
('51','4','2021-06-09','2455.20','N',''),
('52','4','2021-06-12','49.88','Y','Jury Duty - final'),
('53','4','2021-06-17','3.96','Y','Reversed dig\'s on Healthquest'),
('54','4','2021-06-17','391.29','Y','Visa Rewards'),
('55','4','2021-06-20','15000.00','Y','Xfr from Savings - car'),
('56','11','2021-06-21','1073.30','N',''),
('57','4','2021-07-01','3450.00','N',''),
('58','4','2021-07-01','64.20','Y','Karen - reimb'),
('59','4','2021-07-14','2455.20','N',''),
('60','4','2021-07-17','3.82','Y','Geico Refund'),
('61','11','2021-07-19','1073.70','N',''),
('62','4','2021-07-21','0.50','Y','Interest'),
('63','4','2021-08-01','3450.00','N',''),
('64','4','2021-08-11','2455.20','N',''),
('65','4','2021-08-11','0.24','Y','Interest'),
('66','4','2021-08-18','0.10','Y','Incorrect Visa Charge'),
('67','11','2021-08-27','1073.70','N',''),
('68','4','2021-09-01','3450.00','N',''),
('69','4','2021-09-04','0.13','Y','Interest'),
('70','4','2021-09-08','2455.20','N',''),
('71','11','2021-09-21','1073.70','N',''),
('72','4','2021-09-30','11.00','Y','Carmax - Reg. overpaymnt'),
('73','4','2021-10-01','3450.00','N',''),
('74','4','2021-10-13','2455.20','N',''),
('75','11','2021-10-22','1073.70','N',''),
('76','4','2021-10-23','3000.00','Y','Xfr from Savings - Lazboy'),
('77','4','2021-11-01','3450.00','N',''),
('78','4','2021-11-02','0.25','Y','Interest Sept/Oct'),
('79','4','2021-11-02','180.00','Y','Lost check #2213'),
('80','4','2021-11-02','396.46','Y','Lost check #2223'),
('81','4','2021-11-06','300.00','Y','Presbyterian Refund'),
('82','4','2021-11-10','2455.20','N',''),
('83','4','2021-11-15','1000.00','Y','CarMax payment'),
('84','11','2021-11-19','1073.70','N',''),
('85','4','2021-12-01','3450.00','N',''),
('86','4','2021-12-08','2455.20','N',''),
('87','4','2021-12-10','3000.00','Y','Xfr from Savings'),
('88','11','2021-12-26','1073.70','N',''),
('89','4','2022-01-01','3450.00','N',''),
('90','4','2022-01-04','91.24','Y','Karen - Costco'),
('91','4','2022-01-04','0.26','Y','Interest'),
('92','4','2022-01-06','129.43','Y','Karen - glasses'),
('93','4','2022-01-07','10000.00','Y','IRA Transfer'),
('94','4','2022-01-12','2588.40','N',''),
('95','4','2022-01-14','1351.15','Y','Loan Depot Rebate - Closing');




CREATE TABLE `Users` (
  `uid` int(10) NOT NULL AUTO_INCREMENT,
  `email` varchar(60) NOT NULL,
  `username` varchar(4096) NOT NULL,
  `setup` varchar(7) DEFAULT NULL,
  `LCM` varchar(12) DEFAULT NULL,
  `definc` varchar(12) DEFAULT NULL,
  `password` varchar(100) DEFAULT NULL,
  `passwd_expire` date DEFAULT NULL,
  `cookies` varchar(6) DEFAULT NULL,
  `questions` varchar(10) DEFAULT NULL,
  `answers` varchar(200) DEFAULT NULL,
  `an1` varchar(4096) DEFAULT NULL,
  `an2` varchar(4096) DEFAULT NULL,
  `an3` varchar(4096) DEFAULT NULL,
  PRIMARY KEY (`uid`)
) ENGINE=MyISAM AUTO_INCREMENT=23 DEFAULT CHARSET=latin1;


INSERT INTO Users VALUES
('11','tonks130@gmail.com','7715dfa3c9b028b1d7ed599a477bdc506ad4a93d83f59aa61f69e8ee35fa5c1704814211dff62eab5ae6fbfedc6ae074404151d1b83db0fe69fc1df1cd531cd821e7a6135b637f11e9ad4630c174706f1b0efe144c07b5b09c558a5d3eadd46e4140c5ba42339e220bcb8d80f650ef4f285d88b3a5f42662c8f39de0b05cecbb','111','January',NULL,'$2y$10$WP/2IO3jmjJhJqr6oa1obOexH30kkfFGyxgQZbtaTNbMujFlQWnsO','2023-01-24','accept','0,1,2','sue|broadway|may','9f30f17ef6b0496efaf40b6ef7016aaca7dc235f102ab60dd0e7f6afaa592c5d878bf8b77906d423feedd451fb21f07170ac92b65656c5af4b5f83a859a7889c01291ed0de6fa025f974ea969bc012d976357c86eea9f64d18f3d47bc1f6b76f0d3e42372bcb07a2cd66c277c13ec1e4da14cfdf494a232f01c70a8b9d7f5f89','5f2996b0ce1896bd57b9fe8168a7ed65b7563d8457722131e52e8d03af4fccf304fa752a70be2510799e51feae61934f02c5964125851c91e621188c5565595d66001e3fcaec5dbaaf57655b49f635025da43c8354a63e8e80c4cb6c70e985ad5c3a43a3e5d070d61789dbbe6c199d121fbb3912e4d1024a37f607a5441aee1e','9163170d64622fca8e58609d6c1290f1ea0ed0739fc0490887e079002cdc12ae2e72dbaf1f6b50dc00f56dda14ca05d2b5f904bc27a2391ca5e043562baffd4db8208298e5da5851d477df06e8b8ea6f6203f57b66238068fe25056ef139e56eb3cd1b2f71ed01eb13ff8227d4c3c02b7143a43f80b8d60aca602f7b340462b6'),
('4','krcowles29@gmail.com','31384d10d7e222afb63878f21981813584c42a606264f42765de368a350f0af094efe03589c73dc65819440b53bd71dc09a02226303255e4143800402aac0461a70a59769e21ba2533cedf50edec7232bd9356465bfaa73a311f6d85c8c197a339deec2d5d024597de16f444010c5ad73e1176efc592500049b7ba6c7eee76e2','111','January',NULL,'$2y$10$orGIzN/ANM5.O6HrGr9yO.tsxTLKD/i7xCZzYEKHtsWTDumjQ5fIy','2023-01-24','accept','2,5,6','raymond|collins|kokomo','5a53f7de947187e78464296ccbb7a87bca62f895d244af8de7a7f79958c0e301b564872a7740c670ebc39e194705f4816ad3eec81c2b0c7c203c8491ba8768cf53c2ba3d3b29bb4689e01536156c2863b90bcc5ddba90b4693575c9d0e82d5ec1141686587fdd8fcb6898b1a695a4a6488d627a965f8443e7b0476b400417a9d','52314e414ff4de942d907d8b704d7756b70fa1bf5898cc5e1f94b55d0cc017f632d4a432f284352e707c6bc0a56c4aa85e15b4174767c53c8dade9147228fedfe21c80249f93684c1d36b9359377d7a45593b199e3ebaca5b8fcfcc9c13a02e31894364cb6110b0bd1e4b7f718735e216107d14ea49528936914faa54fc34d75','954cab294cb434d803c23b4e5518b8952aa2796609cf64554fea6629ab33795ab47280f1f494cd9658ade8ca369964d2c3add05aa31fe6b01f0c2a0fe53bdca8e95a0d0db3010f250290c3b7ce2d8a3e0fc03fc82cc1c63792752f5eb54aca6319a45edcac3dbc1f47426a33e01df1e9f02cfd3a91aba8471d17ab5a59d66151');


